city_id,mode,tower_id,co_tallest,selection_reason_en,selection_reason_es,confidence,selection_source_id,reviewer,reviewed_at
city-q1490,iconic,wikidata-q183536,false,Tokyo Tower is the selected vertical landmark most strongly associated with Tokyo.,Tokyo Tower es el hito vertical seleccionado con mayor asociación a Tokio.,high,wikidata-q183536,editorial review,2026-09-16
city-q1490,tallest,wikidata-q57965,false,Tokyo Skytree is the highest completed eligible Wikidata candidate reviewed for Tokyo.,Tokyo Skytree es el candidato elegible completado más alto revisado en Wikidata para Tokio.,medium,wikidata-q57965,candidate pipeline review,2026-09-16
city-q1353,iconic,wikidata-q187635,false,Qutb Minar is the selected vertical landmark most strongly associated with Delhi.,Qutb Minar es el hito vertical seleccionado con mayor asociación a Delhi.,high,wikidata-q187635,editorial review,2026-09-16
city-q1353,tallest,wikidata-q187635,false,Qutb Minar is the highest completed eligible Wikidata candidate reviewed for Delhi.,Qutb Minar es el candidato elegible completado más alto revisado en Wikidata para Delhi.,medium,wikidata-q187635,candidate pipeline review,2026-09-16
city-q8686,iconic,wikidata-q223207,false,Oriental Pearl Tower is the selected vertical landmark most strongly associated with Shanghai.,Oriental Pearl Tower es el hito vertical seleccionado con mayor asociación a Shanghái.,high,wikidata-q223207,editorial review,2026-09-16
city-q8686,tallest,wikidata-q18547,false,Shanghai Tower is the highest completed eligible Wikidata candidate reviewed for Shanghai.,Shanghai Tower es el candidato elegible completado más alto revisado en Wikidata para Shanghái.,medium,wikidata-q18547,candidate pipeline review,2026-09-16
city-q1354,tallest,wikidata-q497536,false,Jatiya Sangsad Bhaban is the highest completed eligible Wikidata candidate reviewed for Dhaka.,Jatiya Sangsad Bhaban es el candidato elegible completado más alto revisado en Wikidata para Daca.,medium,wikidata-q497536,candidate pipeline review,2026-09-16
city-q956,tallest,wikidata-q197833,false,China Zun is the highest completed eligible Wikidata candidate reviewed for Beijing.,China Zun es el candidato elegible completado más alto revisado en Wikidata para Pekín.,medium,wikidata-q197833,candidate pipeline review,2026-09-16
city-q1156,iconic,wikidata-q7285587,false,Rajabai Clock Tower is the selected vertical landmark most strongly associated with Mumbai.,Rajabai Clock Tower es el hito vertical seleccionado con mayor asociación a Bombay.,high,wikidata-q7285587,editorial review,2026-09-16
city-q1156,tallest,wikidata-q98937711,false,Three Sixty West Tower B is the highest completed eligible Wikidata candidate reviewed for Mumbai.,Three Sixty West Tower B es el candidato elegible completado más alto revisado en Wikidata para Bombay.,medium,wikidata-q98937711,candidate pipeline review,2026-09-16
city-q35765,iconic,wikidata-q1148463,false,Tsūtenkaku is the selected vertical landmark most strongly associated with Osaka.,Tsūtenkaku es el hito vertical seleccionado con mayor asociación a Osaka.,high,wikidata-q1148463,editorial review,2026-09-16
city-q35765,tallest,wikidata-q16318627,false,Abeno Harukas is the highest completed eligible Wikidata candidate reviewed for Osaka.,Abeno Harukas es el candidato elegible completado más alto revisado en Wikidata para Osaka.,medium,wikidata-q16318627,candidate pipeline review,2026-09-16
city-q8660,iconic,wikidata-q2571455,false,Mazar-e-Quaid is the selected vertical landmark most strongly associated with Karachi.,Mazar-e-Quaid es el hito vertical seleccionado con mayor asociación a Karachi.,high,wikidata-q2571455,editorial review,2026-09-16
city-q8660,tallest,wikidata-q7076089,false,Ocean Towers is the highest completed eligible Wikidata candidate reviewed for Karachi.,Ocean Towers es el candidato elegible completado más alto revisado en Wikidata para Karachi.,medium,wikidata-q7076089,candidate pipeline review,2026-09-16
city-q11725,tallest,wikidata-q1666430,false,International Commerce Center 1 is the highest completed eligible Wikidata candidate reviewed for Chongqing.,International Commerce Center 1 es el candidato elegible completado más alto revisado en Wikidata para Chongqing.,medium,wikidata-q1666430,candidate pipeline review,2026-09-16
city-q406,iconic,wikidata-q91274,false,Galata Tower is the selected vertical landmark most strongly associated with Istanbul.,Galata Tower es el hito vertical seleccionado con mayor asociación a Estambul.,high,wikidata-q91274,editorial review,2026-09-16
city-q406,tallest,wikidata-q131388493,false,CBRT Tower is the highest completed eligible Wikidata candidate reviewed for Istanbul.,CBRT Tower es el candidato elegible completado más alto revisado en Wikidata para Estambul.,medium,wikidata-q131388493,candidate pipeline review,2026-09-16
city-q1348,tallest,wikidata-q7711913,false,The 42 is the highest completed eligible Wikidata candidate reviewed for Kolkata.,The 42 es el candidato elegible completado más alto revisado en Wikidata para Calcuta.,medium,wikidata-q7711913,candidate pipeline review,2026-09-16
city-q16572,iconic,wikidata-q168400,false,Canton Tower is the selected vertical landmark most strongly associated with Guangzhou.,Canton Tower es el hito vertical seleccionado con mayor asociación a Cantón.,high,wikidata-q168400,editorial review,2026-09-16
city-q16572,tallest,wikidata-q168400,false,Canton Tower is the highest completed eligible Wikidata candidate reviewed for Guangzhou.,Canton Tower es el candidato elegible completado más alto revisado en Wikidata para Cantón.,medium,wikidata-q168400,candidate pipeline review,2026-09-16
city-q11736,iconic,wikidata-q1353260,false,Tianjin Radio and Television Tower is the selected vertical landmark most strongly associated with Tianjin.,Tianjin Radio and Television Tower es el hito vertical seleccionado con mayor asociación a Tianjín.,high,wikidata-q1353260,editorial review,2026-09-16
city-q11736,tallest,wikidata-q10939987,false,Tianjin Chow Tai Fook Binhai Center is the highest completed eligible Wikidata candidate reviewed for Tianjin.,Tianjin Chow Tai Fook Binhai Center es el candidato elegible completado más alto revisado en Wikidata para Tianjín.,medium,wikidata-q10939987,candidate pipeline review,2026-09-16
city-q11739,iconic,wikidata-q996962,false,Minar-e-Pakistan is the selected vertical landmark most strongly associated with Lahore.,Minar-e-Pakistan es el hito vertical seleccionado con mayor asociación a Lahore.,high,wikidata-q996962,editorial review,2026-09-16
city-q11739,tallest,wikidata-q7639954,false,Suneri Mosque is the highest completed eligible Wikidata candidate reviewed for Lahore.,Suneri Mosque es el candidato elegible completado más alto revisado en Wikidata para Lahore.,medium,wikidata-q7639954,candidate pipeline review,2026-09-16
city-q1355,iconic,wikidata-q283257,false,Vidhana Soudha is the selected vertical landmark most strongly associated with Bengaluru.,Vidhana Soudha es el hito vertical seleccionado con mayor asociación a Bangalore.,high,wikidata-q283257,editorial review,2026-09-16
city-q1355,tallest,wikidata-q126710631,false,Shrungagiri Sri Shanmukha Swamy Temple is the highest completed eligible Wikidata candidate reviewed for Bengaluru.,Shrungagiri Sri Shanmukha Swamy Temple es el candidato elegible completado más alto revisado en Wikidata para Bangalore.,medium,wikidata-q126710631,candidate pipeline review,2026-09-16
city-q15174,iconic,wikidata-q1077308,false,Ping An Finance Centre is the selected vertical landmark most strongly associated with Shenzhen.,Ping An Finance Centre es el hito vertical seleccionado con mayor asociación a Shenzhen.,high,wikidata-q1077308,editorial review,2026-09-16
city-q15174,tallest,wikidata-q1077308,false,Ping An Finance Centre is the highest completed eligible Wikidata candidate reviewed for Shenzhen.,Ping An Finance Centre es el candidato elegible completado más alto revisado en Wikidata para Shenzhen.,medium,wikidata-q1077308,candidate pipeline review,2026-09-16
city-q1352,iconic,wikidata-q2509435,false,Valluvar Kottam is the selected vertical landmark most strongly associated with Chennai.,Valluvar Kottam es el hito vertical seleccionado con mayor asociación a Chennai.,high,wikidata-q2509435,editorial review,2026-09-16
city-q1352,tallest,wikidata-q6546309,false,Chennai Lighthouse is the highest completed eligible Wikidata candidate reviewed for Chennai.,Chennai Lighthouse es el candidato elegible completado más alto revisado en Wikidata para Chennai.,medium,wikidata-q6546309,candidate pipeline review,2026-09-16
city-q3630,tallest,wikidata-q30686870,false,Thamrin Nine is the highest completed eligible Wikidata candidate reviewed for Jakarta.,Thamrin Nine es el candidato elegible completado más alto revisado en Wikidata para Yakarta.,medium,wikidata-q30686870,candidate pipeline review,2026-09-16
city-q1861,iconic,wikidata-q724970,false,Wat Arun is the selected vertical landmark most strongly associated with Bangkok.,Wat Arun es el hito vertical seleccionado con mayor asociación a Bangkok.,high,wikidata-q724970,editorial review,2026-09-16
city-q1861,tallest,wikidata-q1640197,false,King Power Mahanakhon is the highest completed eligible Wikidata candidate reviewed for Bangkok.,King Power Mahanakhon es el candidato elegible completado más alto revisado en Wikidata para Bangkok.,medium,wikidata-q1640197,candidate pipeline review,2026-09-16
city-q1361,iconic,wikidata-q1771696,false,Charminar is the selected vertical landmark most strongly associated with Hyderabad.,Charminar es el hito vertical seleccionado con mayor asociación a Hyderabad.,high,wikidata-q1771696,editorial review,2026-09-16
city-q1361,tallest,wikidata-q1771696,false,Charminar is the highest completed eligible Wikidata candidate reviewed for Hyderabad.,Charminar es el candidato elegible completado más alto revisado en Wikidata para Hyderabad.,medium,wikidata-q1771696,candidate pipeline review,2026-09-16
city-q8684,iconic,wikidata-q69134,false,Namsan Seoul Tower is the selected vertical landmark most strongly associated with Seoul.,Namsan Seoul Tower es el hito vertical seleccionado con mayor asociación a Seúl.,high,wikidata-q69134,editorial review,2026-09-16
city-q8684,tallest,wikidata-q494895,false,Lotte World Tower is the highest completed eligible Wikidata candidate reviewed for Seoul.,Lotte World Tower es el candidato elegible completado más alto revisado en Wikidata para Seúl.,medium,wikidata-q494895,candidate pipeline review,2026-09-16
city-q11751,iconic,wikidata-q283373,false,Nagoya TV Tower is the selected vertical landmark most strongly associated with Nagoya.,Nagoya TV Tower es el hito vertical seleccionado con mayor asociación a Nagoya.,high,wikidata-q283373,editorial review,2026-09-16
city-q11751,tallest,wikidata-q1155401,false,Midland Square is the highest completed eligible Wikidata candidate reviewed for Nagoya.,Midland Square es el candidato elegible completado más alto revisado en Wikidata para Nagoya.,medium,wikidata-q1155401,candidate pipeline review,2026-09-16
city-q3616,iconic,wikidata-q1140026,false,Azadi Tower is the selected vertical landmark most strongly associated with Tehran.,Azadi Tower es el hito vertical seleccionado con mayor asociación a Teherán.,high,wikidata-q1140026,editorial review,2026-09-16
city-q3616,tallest,wikidata-q622796,false,Milad Tower is the highest completed eligible Wikidata candidate reviewed for Tehran.,Milad Tower es el candidato elegible completado más alto revisado en Wikidata para Teherán.,medium,wikidata-q622796,candidate pipeline review,2026-09-16
city-q30002,iconic,wikidata-q2118734,false,West Pearl Tower is the selected vertical landmark most strongly associated with Chengdu.,West Pearl Tower es el hito vertical seleccionado con mayor asociación a Chengdu.,high,ctbuh-west-pearl,editorial review,2026-09-16
city-q30002,tallest,wikidata-q2118734,false,West Pearl Tower is the highest completed eligible permanent structure reviewed for Chengdu.,West Pearl Tower es la estructura permanente elegible completada más alta revisada en Chengdu.,high,ctbuh-west-pearl,editorial review,2026-09-16
city-q16666,iconic,wikidata-q382121,false,Zifeng Tower is the selected vertical landmark most strongly associated with Nanjing.,Zifeng Tower es el hito vertical seleccionado con mayor asociación a Nankín.,high,wikidata-q382121,editorial review,2026-09-16
city-q16666,tallest,wikidata-q382121,false,Zifeng Tower is the highest completed eligible Wikidata candidate reviewed for Nanjing.,Zifeng Tower es el candidato elegible completado más alto revisado en Wikidata para Nankín.,medium,wikidata-q382121,candidate pipeline review,2026-09-16
city-q11746,iconic,wikidata-q462372,false,Tower of the Yellow Crane is the selected vertical landmark most strongly associated with Wuhan.,Tower of the Yellow Crane es el hito vertical seleccionado con mayor asociación a Wuhan.,high,wikidata-q462372,editorial review,2026-09-16
city-q11746,tallest,wikidata-q143235,false,Wuhan Greenland Center is the highest completed eligible Wikidata candidate reviewed for Wuhan.,Wuhan Greenland Center es el candidato elegible completado más alto revisado en Wikidata para Wuhan.,medium,wikidata-q143235,candidate pipeline review,2026-09-16
city-q1854,iconic,wikidata-q638512,false,Bitexco Financial Tower is the selected vertical landmark most strongly associated with Ho Chi Minh City.,Bitexco Financial Tower es el hito vertical seleccionado con mayor asociación a Ciudad Ho Chi Minh.,high,wikidata-q638512,editorial review,2026-09-16
city-q1854,tallest,wikidata-q18640924,false,Landmark 81 is the highest completed eligible Wikidata candidate reviewed for Ho Chi Minh City.,Landmark 81 es el candidato elegible completado más alto revisado en Wikidata para Ciudad Ho Chi Minh.,medium,wikidata-q18640924,candidate pipeline review,2026-09-16
city-q1865,iconic,wikidata-q83063,false,Petronas Towers is the selected vertical landmark most strongly associated with Kuala Lumpur.,Petronas Towers es el hito vertical seleccionado con mayor asociación a Kuala Lumpur.,high,wikidata-q83063,editorial review,2026-09-16
city-q1865,tallest,wikidata-q7969454,false,Merdeka 118 is the highest completed eligible Wikidata candidate reviewed for Kuala Lumpur.,Merdeka 118 es el candidato elegible completado más alto revisado en Wikidata para Kuala Lumpur.,medium,wikidata-q7969454,candidate pipeline review,2026-09-16
city-q5826,iconic,wikidata-q1047061,false,Giant Wild Goose Pagoda is the selected vertical landmark most strongly associated with Xi'an.,Giant Wild Goose Pagoda es el hito vertical seleccionado con mayor asociación a Xi'an.,high,wikidata-q1047061,editorial review,2026-09-16
city-q5826,tallest,wikidata-q99208458,false,China International Silk Road Center is the highest completed eligible Wikidata candidate reviewed for Xi'an.,China International Silk Road Center es el candidato elegible completado más alto revisado en Wikidata para Xi'an.,medium,wikidata-q99208458,candidate pipeline review,2026-09-16
city-q8646,tallest,wikidata-q317034,false,International Commerce Centre is the highest completed eligible Wikidata candidate reviewed for Hong Kong.,International Commerce Centre es el candidato elegible completado más alto revisado en Wikidata para Hong Kong.,medium,wikidata-q317034,candidate pipeline review,2026-09-16
city-q334,iconic,wikidata-q548679,false,Marina Bay Sands is the selected vertical landmark most strongly associated with Singapore.,Marina Bay Sands es el hito vertical seleccionado con mayor asociación a Singapur.,high,wikidata-q548679,editorial review,2026-09-16
city-q334,tallest,wikidata-q28873239,false,Guoco Tower is the highest completed eligible Wikidata candidate reviewed for Singapore.,Guoco Tower es el candidato elegible completado más alto revisado en Wikidata para Singapur.,medium,wikidata-q28873239,candidate pipeline review,2026-09-16
city-q1530,iconic,wikidata-q1407266,false,Baghdad Tower is the selected vertical landmark most strongly associated with Baghdad.,Baghdad Tower es el hito vertical seleccionado con mayor asociación a Bagdad.,high,wikidata-q1407266,editorial review,2026-09-16
city-q1530,tallest,wikidata-q100258244,false,Central Bank of Iraq Tower is the highest completed eligible Wikidata candidate reviewed for Baghdad.,Central Bank of Iraq Tower es el candidato elegible completado más alto revisado en Wikidata para Bagdad.,medium,wikidata-q100258244,candidate pipeline review,2026-09-16
city-q3692,iconic,wikidata-q656743,false,Kingdom Centre is the selected vertical landmark most strongly associated with Riyadh.,Kingdom Centre es el hito vertical seleccionado con mayor asociación a Riad.,high,wikidata-q656743,editorial review,2026-09-16
city-q3692,tallest,wikidata-q13892708,false,Capital Market Authority Headquarters is the highest completed eligible Wikidata candidate reviewed for Riyadh.,Capital Market Authority Headquarters es el candidato elegible completado más alto revisado en Wikidata para Riad.,medium,wikidata-q13892708,candidate pipeline review,2026-09-16
city-q612,iconic,wikidata-q12495,false,Burj Khalifa is the selected vertical landmark most strongly associated with Dubai.,Burj Khalifa es el hito vertical seleccionado con mayor asociación a Dubái.,high,wikidata-q12495,editorial review,2026-09-16
city-q612,tallest,wikidata-q12495,false,Burj Khalifa is the highest completed eligible Wikidata candidate reviewed for Dubai.,Burj Khalifa es el candidato elegible completado más alto revisado en Wikidata para Dubái.,medium,wikidata-q12495,candidate pipeline review,2026-09-16
city-q3861,iconic,wikidata-q737602,false,Aspire Tower is the selected vertical landmark most strongly associated with Doha.,Aspire Tower es el hito vertical seleccionado con mayor asociación a Doha.,high,wikidata-q737602,editorial review,2026-09-16
city-q3861,tallest,wikidata-q737602,false,Aspire Tower is the highest completed eligible permanent structure reviewed for Doha.,Aspire Tower es la estructura permanente elegible completada más alta revisada en Doha.,high,ctbuh-doha,editorial review,2026-09-16
city-q35178,iconic,wikidata-q1335640,false,Kuwait Towers is the selected vertical landmark most strongly associated with Kuwait City.,Kuwait Towers es el hito vertical seleccionado con mayor asociación a Ciudad de Kuwait.,high,wikidata-q1335640,editorial review,2026-09-16
city-q35178,tallest,wikidata-q557933,false,Al Hamra Tower is the highest completed eligible Wikidata candidate reviewed for Kuwait City.,Al Hamra Tower es el candidato elegible completado más alto revisado en Wikidata para Ciudad de Kuwait.,medium,wikidata-q557933,candidate pipeline review,2026-09-16
city-q1218,iconic,wikidata-q1177765,false,Tower of David is the selected vertical landmark most strongly associated with Jerusalem.,Tower of David es el hito vertical seleccionado con mayor asociación a Jerusalén.,high,wikidata-q1177765,editorial review,2026-09-16
city-q1218,tallest,wikidata-q6699839,false,Vert Jerusalem is the highest completed eligible Wikidata candidate reviewed for Jerusalem.,Vert Jerusalem es el candidato elegible completado más alto revisado en Wikidata para Jerusalén.,medium,wikidata-q6699839,candidate pipeline review,2026-09-16
city-q1867,iconic,wikidata-q83101,false,Taipei 101 is the selected vertical landmark most strongly associated with Taipei.,Taipei 101 es el hito vertical seleccionado con mayor asociación a Taipéi.,high,wikidata-q83101,editorial review,2026-09-16
city-q1867,tallest,wikidata-q83101,false,Taipei 101 is the highest completed eligible Wikidata candidate reviewed for Taipei.,Taipei 101 es el candidato elegible completado más alto revisado en Wikidata para Taipéi.,medium,wikidata-q83101,candidate pipeline review,2026-09-16
city-q84,iconic,wikidata-q41225,false,Big Ben is the selected vertical landmark most strongly associated with London.,Big Ben es el hito vertical seleccionado con mayor asociación a Londres.,high,wikidata-q41225,editorial review,2026-09-16
city-q84,tallest,wikidata-q18536,false,The Shard is the highest completed eligible Wikidata candidate reviewed for London.,The Shard es el candidato elegible completado más alto revisado en Wikidata para Londres.,medium,wikidata-q18536,candidate pipeline review,2026-09-16
city-q90,iconic,wikidata-q243,false,Eiffel Tower is the selected vertical landmark most strongly associated with Paris.,Eiffel Tower es el hito vertical seleccionado con mayor asociación a París.,high,wikidata-q243,editorial review,2026-09-16
city-q90,tallest,wikidata-q243,false,Eiffel Tower is the highest completed eligible Wikidata candidate reviewed for Paris.,Eiffel Tower es el candidato elegible completado más alto revisado en Wikidata para París.,medium,wikidata-q243,candidate pipeline review,2026-09-16
city-q2807,iconic,wikidata-q989733,false,Torrespaña is the selected vertical landmark most strongly associated with Madrid.,Torrespaña es el hito vertical seleccionado con mayor asociación a Madrid.,high,wikidata-q989733,editorial review,2026-09-16
city-q2807,tallest,wikidata-q953610,false,Torre de Cristal is the highest completed eligible Wikidata candidate reviewed for Madrid.,Torre de Cristal es el candidato elegible completado más alto revisado en Wikidata para Madrid.,medium,wikidata-q953610,candidate pipeline review,2026-09-16
city-q1492,iconic,wikidata-q48435,false,Basilica and Expiatory Church of the Holy Family is the selected vertical landmark most strongly associated with Barcelona.,Basilica and Expiatory Church of the Holy Family es el hito vertical seleccionado con mayor asociación a Barcelona.,high,wikidata-q48435,editorial review,2026-09-16
city-q1492,tallest,wikidata-q1147977,false,Torre de Collserola is the highest completed eligible Wikidata candidate reviewed for Barcelona.,Torre de Collserola es el candidato elegible completado más alto revisado en Wikidata para Barcelona.,medium,wikidata-q1147977,candidate pipeline review,2026-09-16
city-q64,iconic,wikidata-q151356,false,Fernsehturm Berlin is the selected vertical landmark most strongly associated with Berlin.,Fernsehturm Berlin es el hito vertical seleccionado con mayor asociación a Berlín.,high,wikidata-q151356,editorial review,2026-09-16
city-q64,tallest,wikidata-q151356,false,Fernsehturm Berlin is the highest completed eligible Wikidata candidate reviewed for Berlin.,Fernsehturm Berlin es el candidato elegible completado más alto revisado en Wikidata para Berlín.,medium,wikidata-q151356,candidate pipeline review,2026-09-16
city-q220,iconic,wikidata-q12512,false,St. Peter's Basilica is the selected vertical landmark most strongly associated with Rome.,St. Peter's Basilica es el hito vertical seleccionado con mayor asociación a Roma.,high,wikidata-q12512,editorial review,2026-09-16
city-q220,tallest,wikidata-q3664909,false,RAI tower is the highest completed eligible Wikidata candidate reviewed for Rome.,RAI tower es el candidato elegible completado más alto revisado en Wikidata para Roma.,medium,wikidata-q3664909,candidate pipeline review,2026-09-16
city-q490,iconic,wikidata-q18068,false,Milan Cathedral is the selected vertical landmark most strongly associated with Milan.,Milan Cathedral es el hito vertical seleccionado con mayor asociación a Milán.,high,wikidata-q18068,editorial review,2026-09-16
city-q490,tallest,wikidata-q3995200,false,Allianz Tower is the highest completed eligible Wikidata candidate reviewed for Milan.,Allianz Tower es el candidato elegible completado más alto revisado en Wikidata para Milán.,medium,wikidata-q3995200,candidate pipeline review,2026-09-16
city-q649,iconic,wikidata-q181324,false,Ostankino Tower is the selected vertical landmark most strongly associated with Moscow.,Ostankino Tower es el hito vertical seleccionado con mayor asociación a Moscú.,high,wikidata-q181324,editorial review,2026-09-16
city-q649,tallest,wikidata-q181324,false,Ostankino Tower is the highest completed eligible Wikidata candidate reviewed for Moscow.,Ostankino Tower es el candidato elegible completado más alto revisado en Wikidata para Moscú.,medium,wikidata-q181324,candidate pipeline review,2026-09-16
city-q656,iconic,wikidata-q736587,false,Peter and Paul Cathedral is the selected vertical landmark most strongly associated with Saint Petersburg.,Peter and Paul Cathedral es el hito vertical seleccionado con mayor asociación a San Petersburgo.,high,wikidata-q736587,editorial review,2026-09-16
city-q656,tallest,wikidata-q4255374,false,Lakhta Centre is the highest completed eligible Wikidata candidate reviewed for Saint Petersburg.,Lakhta Centre es el candidato elegible completado más alto revisado en Wikidata para San Petersburgo.,medium,wikidata-q4255374,candidate pipeline review,2026-09-16
city-q1899,iconic,wikidata-q142917,false,Mother Ukraine Monument is the selected vertical landmark most strongly associated with Kyiv.,Mother Ukraine Monument es el hito vertical seleccionado con mayor asociación a Kiev.,high,wikidata-q142917,editorial review,2026-09-16
city-q1899,tallest,wikidata-q1369185,false,Kyiv TV Tower is the highest completed eligible Wikidata candidate reviewed for Kyiv.,Kyiv TV Tower es el candidato elegible completado más alto revisado en Wikidata para Kiev.,medium,wikidata-q1369185,candidate pipeline review,2026-09-16
city-q270,iconic,wikidata-q167566,false,Palace of Culture and Science is the selected vertical landmark most strongly associated with Warsaw.,Palace of Culture and Science es el hito vertical seleccionado con mayor asociación a Varsovia.,high,wikidata-q167566,editorial review,2026-09-16
city-q270,tallest,wikidata-q116847270,false,Varso Tower is the highest completed eligible Wikidata candidate reviewed for Warsaw.,Varso Tower es el candidato elegible completado más alto revisado en Wikidata para Varsovia.,medium,wikidata-q116847270,candidate pipeline review,2026-09-16
city-q1085,iconic,wikidata-q1413217,false,Žižkov Television Tower is the selected vertical landmark most strongly associated with Prague.,Žižkov Television Tower es el hito vertical seleccionado con mayor asociación a Praga.,high,wikidata-q1413217,editorial review,2026-09-16
city-q1085,tallest,wikidata-q1413217,false,Žižkov Television Tower is the highest completed eligible Wikidata candidate reviewed for Prague.,Žižkov Television Tower es el candidato elegible completado más alto revisado en Wikidata para Praga.,medium,wikidata-q1413217,candidate pipeline review,2026-09-16
city-q1741,tallest,wikidata-q686544,false,Donauturm is the highest completed eligible Wikidata candidate reviewed for Vienna.,Donauturm es el candidato elegible completado más alto revisado en Wikidata para Viena.,medium,wikidata-q686544,candidate pipeline review,2026-09-16
city-q1781,iconic,wikidata-q11819,false,Hungarian Parliament Building is the selected vertical landmark most strongly associated with Budapest.,Hungarian Parliament Building es el hito vertical seleccionado con mayor asociación a Budapest.,high,wikidata-q11819,editorial review,2026-09-16
city-q1781,tallest,wikidata-q25457032,false,Száva utca TV Tower is the highest completed eligible Wikidata candidate reviewed for Budapest.,Száva utca TV Tower es el candidato elegible completado más alto revisado en Wikidata para Budapest.,medium,wikidata-q25457032,candidate pipeline review,2026-09-16
city-q19660,iconic,wikidata-q164150,false,Palace of the Parliament is the selected vertical landmark most strongly associated with Bucharest.,Palace of the Parliament es el hito vertical seleccionado con mayor asociación a Bucarest.,high,wikidata-q164150,editorial review,2026-09-16
city-q19660,tallest,wikidata-q1428093,false,National Cathedral is the highest completed eligible Wikidata candidate reviewed for Bucharest.,National Cathedral es el candidato elegible completado más alto revisado en Wikidata para Bucarest.,medium,wikidata-q1428093,candidate pipeline review,2026-09-16
city-q203263,iconic,wikidata-q10288,false,Parthenon is the selected vertical landmark most strongly associated with Athens.,Parthenon es el hito vertical seleccionado con mayor asociación a Atenas.,high,wikidata-q10288,editorial review,2026-09-16
city-q203263,tallest,wikidata-q10288,false,Parthenon is the highest completed eligible Wikidata candidate reviewed for Athens.,Parthenon es el candidato elegible completado más alto revisado en Wikidata para Atenas.,low,wikidata-q10288,candidate pipeline review,2026-09-16
city-q597,iconic,wikidata-q215003,false,Belém Tower is the selected vertical landmark most strongly associated with Lisbon.,Belém Tower es el hito vertical seleccionado con mayor asociación a Lisboa.,high,wikidata-q215003,editorial review,2026-09-16
city-q597,tallest,wikidata-q1756313,false,Vasco da Gama Tower is the highest completed eligible permanent structure reviewed for Lisbon.,La Torre Vasco da Gama es la estructura permanente elegible completada más alta revisada en Lisboa.,high,visitlisboa-vasco-tower,editorial review,2026-09-16
city-q36433,iconic,wikidata-q18642,false,Clérigos Church is the selected vertical landmark most strongly associated with Porto.,Clérigos Church es el hito vertical seleccionado con mayor asociación a Oporto.,high,wikidata-q18642,editorial review,2026-09-16
city-q36433,tallest,wikidata-q54802080,false,Clérigos Tower and Church is the highest completed eligible Wikidata candidate reviewed for Porto.,Clérigos Tower and Church es el candidato elegible completado más alto revisado en Wikidata para Oporto.,medium,wikidata-q54802080,candidate pipeline review,2026-09-16
city-q1761,iconic,wikidata-q1134365,false,Spire of Dublin is the selected vertical landmark most strongly associated with Dublin.,Spire of Dublin es el hito vertical seleccionado con mayor asociación a Dublín.,high,wikidata-q1134365,editorial review,2026-09-16
city-q1761,tallest,wikidata-q846365,false,St Patrick's Cathedral is the highest completed eligible Wikidata candidate reviewed for Dublin.,St Patrick's Cathedral es el candidato elegible completado más alto revisado en Wikidata para Dublín.,medium,wikidata-q846365,candidate pipeline review,2026-09-16
city-q239,iconic,wikidata-q180901,false,Atomium is the selected vertical landmark most strongly associated with Brussels.,Atomium es el hito vertical seleccionado con mayor asociación a Bruselas.,high,wikidata-q180901,editorial review,2026-09-16
city-q239,tallest,wikidata-q3533638,false,Finance Tower is the highest completed eligible Wikidata candidate reviewed for Brussels.,Finance Tower es el candidato elegible completado más alto revisado en Wikidata para Bruselas.,medium,wikidata-q3533638,candidate pipeline review,2026-09-16
city-q727,iconic,wikidata-q1816984,false,Westerkerk is the selected vertical landmark most strongly associated with Amsterdam.,Westerkerk es el hito vertical seleccionado con mayor asociación a Ámsterdam.,high,wikidata-q1816984,editorial review,2026-09-16
city-q727,tallest,wikidata-q1816984,false,Westerkerk is the highest completed eligible Wikidata candidate reviewed for Amsterdam.,Westerkerk es el candidato elegible completado más alto revisado en Wikidata para Ámsterdam.,low,wikidata-q1816984,candidate pipeline review,2026-09-16
city-q34370,iconic,wikidata-q969215,false,Euromast is the selected vertical landmark most strongly associated with Rotterdam.,Euromast es el hito vertical seleccionado con mayor asociación a Róterdam.,high,wikidata-q969215,editorial review,2026-09-16
city-q34370,tallest,wikidata-q969215,false,Euromast is the highest completed eligible Wikidata candidate reviewed for Rotterdam.,Euromast es el candidato elegible completado más alto revisado en Wikidata para Róterdam.,low,wikidata-q969215,candidate pipeline review,2026-09-16
city-q1748,iconic,wikidata-q1140534,false,Rundetaarn is the selected vertical landmark most strongly associated with Copenhagen.,Rundetaarn es el hito vertical seleccionado con mayor asociación a Copenhague.,high,wikidata-q1140534,editorial review,2026-09-16
city-q1748,tallest,wikidata-q1140534,false,Rundetaarn is the highest completed eligible Wikidata candidate reviewed for Copenhagen.,Rundetaarn es el candidato elegible completado más alto revisado en Wikidata para Copenhague.,low,wikidata-q1140534,candidate pipeline review,2026-09-16
city-q1754,iconic,wikidata-q648483,false,Stockholm City Hall is the selected vertical landmark most strongly associated with Stockholm.,Stockholm City Hall es el hito vertical seleccionado con mayor asociación a Estocolmo.,high,wikidata-q648483,editorial review,2026-09-16
city-q1754,tallest,wikidata-q10550988,false,Block Lusten is the highest completed eligible Wikidata candidate reviewed for Stockholm.,Block Lusten es el candidato elegible completado más alto revisado en Wikidata para Estocolmo.,medium,wikidata-q10550988,candidate pipeline review,2026-09-16
city-q585,iconic,wikidata-q373850,false,Oslo City Hall is the selected vertical landmark most strongly associated with Oslo.,Oslo City Hall es el hito vertical seleccionado con mayor asociación a Oslo.,high,wikidata-q373850,editorial review,2026-09-16
city-q585,tallest,wikidata-q373850,false,Oslo City Hall is the highest completed eligible Wikidata candidate reviewed for Oslo.,Oslo City Hall es el candidato elegible completado más alto revisado en Wikidata para Oslo.,low,wikidata-q373850,candidate pipeline review,2026-09-16
city-q1757,iconic,wikidata-q738015,false,Helsinki Cathedral is the selected vertical landmark most strongly associated with Helsinki.,Helsinki Cathedral es el hito vertical seleccionado con mayor asociación a Helsinki.,high,wikidata-q738015,editorial review,2026-09-16
city-q1757,tallest,wikidata-q385150,false,Yle Transmission Tower is the highest completed eligible Wikidata candidate reviewed for Helsinki.,Yle Transmission Tower es el candidato elegible completado más alto revisado en Wikidata para Helsinki.,medium,wikidata-q385150,candidate pipeline review,2026-09-16
city-q72,iconic,wikidata-q684948,false,Grossmünster is the selected vertical landmark most strongly associated with Zurich.,Grossmünster es el hito vertical seleccionado con mayor asociación a Zúrich.,high,wikidata-q684948,editorial review,2026-09-16
city-q72,tallest,wikidata-q1337473,false,St. Jakob church is the highest completed eligible Wikidata candidate reviewed for Zurich.,St. Jakob church es el candidato elegible completado más alto revisado en Wikidata para Zúrich.,medium,wikidata-q1337473,candidate pipeline review,2026-09-16
city-q1726,iconic,wikidata-q167193,false,Frauenkirche is the selected vertical landmark most strongly associated with Munich.,Frauenkirche es el hito vertical seleccionado con mayor asociación a Múnich.,high,wikidata-q167193,editorial review,2026-09-16
city-q1726,tallest,wikidata-q599148,false,Olympiaturm is the highest completed eligible Wikidata candidate reviewed for Munich.,Olympiaturm es el candidato elegible completado más alto revisado en Wikidata para Múnich.,medium,wikidata-q599148,candidate pipeline review,2026-09-16
city-q1794,iconic,wikidata-q321291,false,Main Tower is the selected vertical landmark most strongly associated with Frankfurt.,Main Tower es el hito vertical seleccionado con mayor asociación a Fráncfort.,high,wikidata-q321291,editorial review,2026-09-16
city-q1794,tallest,wikidata-q701496,false,Europaturm is the highest completed eligible Wikidata candidate reviewed for Frankfurt.,Europaturm es el candidato elegible completado más alto revisado en Wikidata para Fráncfort.,medium,wikidata-q701496,candidate pipeline review,2026-09-16
city-q1055,tallest,wikidata-q648375,false,Heinrich Hertz Tower is the highest completed eligible Wikidata candidate reviewed for Hamburg.,Heinrich Hertz Tower es el candidato elegible completado más alto revisado en Wikidata para Hamburgo.,medium,wikidata-q648375,candidate pipeline review,2026-09-16
city-q365,iconic,wikidata-q4176,false,Cologne Cathedral is the selected vertical landmark most strongly associated with Cologne.,Cologne Cathedral es el hito vertical seleccionado con mayor asociación a Colonia.,high,wikidata-q4176,editorial review,2026-09-16
city-q365,tallest,wikidata-q153646,false,Colonius is the highest completed eligible Wikidata candidate reviewed for Cologne.,Colonius es el candidato elegible completado más alto revisado en Wikidata para Colonia.,medium,wikidata-q153646,candidate pipeline review,2026-09-16
city-q18125,iconic,wikidata-q2578415,false,Manchester Town Hall is the selected vertical landmark most strongly associated with Manchester.,Manchester Town Hall es el hito vertical seleccionado con mayor asociación a Mánchester.,high,wikidata-q2578415,editorial review,2026-09-16
city-q18125,tallest,wikidata-q2578415,false,Manchester Town Hall is the highest completed eligible Wikidata candidate reviewed for Manchester.,Manchester Town Hall es el candidato elegible completado más alto revisado en Wikidata para Mánchester.,low,wikidata-q2578415,candidate pipeline review,2026-09-16
city-q2256,tallest,wikidata-q4836768,false,BT Tower is the highest completed eligible Wikidata candidate reviewed for Birmingham.,BT Tower es el candidato elegible completado más alto revisado en Wikidata para Birmingham.,medium,wikidata-q4836768,candidate pipeline review,2026-09-16
city-q23436,iconic,wikidata-q2502213,false,Scott Monument is the selected vertical landmark most strongly associated with Edinburgh.,Scott Monument es el hito vertical seleccionado con mayor asociación a Edimburgo.,high,wikidata-q2502213,editorial review,2026-09-16
city-q23436,tallest,wikidata-q2502213,false,Scott Monument is the highest completed eligible Wikidata candidate reviewed for Edinburgh.,Scott Monument es el candidato elegible completado más alto revisado en Wikidata para Edimburgo.,low,wikidata-q2502213,candidate pipeline review,2026-09-16
city-q3711,iconic,wikidata-q1258275,false,Avala Tower is the selected vertical landmark most strongly associated with Belgrade.,Avala Tower es el hito vertical seleccionado con mayor asociación a Belgrado.,high,wikidata-q1258275,editorial review,2026-09-16
city-q3711,tallest,wikidata-q1258275,false,Avala Tower is the highest completed eligible Wikidata candidate reviewed for Belgrade.,Avala Tower es el candidato elegible completado más alto revisado en Wikidata para Belgrado.,medium,wikidata-q1258275,candidate pipeline review,2026-09-16
city-q1435,iconic,wikidata-q312220,false,Zagreb Cathedral is the selected vertical landmark most strongly associated with Zagreb.,Zagreb Cathedral es el hito vertical seleccionado con mayor asociación a Zagreb.,high,wikidata-q312220,editorial review,2026-09-16
city-q1435,tallest,wikidata-q312220,false,Zagreb Cathedral is the highest completed eligible Wikidata candidate reviewed for Zagreb.,Zagreb Cathedral es el candidato elegible completado más alto revisado en Wikidata para Zagreb.,medium,wikidata-q312220,candidate pipeline review,2026-09-16
city-q11194,iconic,wikidata-q790278,false,Avaz Twist Tower is the selected vertical landmark most strongly associated with Sarajevo.,Avaz Twist Tower es el hito vertical seleccionado con mayor asociación a Sarajevo.,high,wikidata-q790278,editorial review,2026-09-16
city-q11194,tallest,wikidata-q3437287,false,Greece–Bosnia and Herzegovina Friendship Building is the highest completed eligible Wikidata candidate reviewed for Sarajevo.,Greece–Bosnia and Herzegovina Friendship Building es el candidato elegible completado más alto revisado en Wikidata para Sarajevo.,medium,wikidata-q3437287,candidate pipeline review,2026-09-16
city-q384,iconic,wikidata-q1890632,false,Millennium Cross is the selected vertical landmark most strongly associated with Skopje.,Millennium Cross es el hito vertical seleccionado con mayor asociación a Skopie.,high,wikidata-q1890632,editorial review,2026-09-16
city-q384,tallest,wikidata-q1890632,false,Millennium Cross is the highest completed eligible Wikidata candidate reviewed for Skopje.,Millennium Cross es el candidato elegible completado más alto revisado en Wikidata para Skopie.,low,wikidata-q1890632,candidate pipeline review,2026-09-16
city-q19689,tallest,wikidata-q1515102,false,Maritim Hotel Plaza Tirana is the highest completed eligible Wikidata candidate reviewed for Tirana.,Maritim Hotel Plaza Tirana es el candidato elegible completado más alto revisado en Wikidata para Tirana.,medium,wikidata-q1515102,candidate pipeline review,2026-09-16
city-q85,iconic,wikidata-q614684,false,Cairo Tower is the selected vertical landmark most strongly associated with Cairo.,Cairo Tower es el hito vertical seleccionado con mayor asociación a El Cairo.,high,wikidata-q614684,editorial review,2026-09-16
city-q85,tallest,wikidata-q102281065,false,Iconic Tower is the highest completed eligible Wikidata candidate reviewed for Cairo.,Iconic Tower es el candidato elegible completado más alto revisado en Wikidata para El Cairo.,medium,wikidata-q102281065,candidate pipeline review,2026-09-16
city-q8673,tallest,wikidata-q16733944,false,NITEL Building is the highest completed eligible Wikidata candidate reviewed for Lagos.,NITEL Building es el candidato elegible completado más alto revisado en Wikidata para Lagos.,medium,wikidata-q16733944,candidate pipeline review,2026-09-16
city-q3838,iconic,wikidata-q63483561,false,Tour de l'Échangeur de Limete is the selected vertical landmark most strongly associated with Kinshasa.,Tour de l'Échangeur de Limete es el hito vertical seleccionado con mayor asociación a Kinsasa.,high,wikidata-q63483561,editorial review,2026-09-16
city-q3838,tallest,wikidata-q63483561,false,Tour de l'Échangeur de Limete is the highest completed eligible Wikidata candidate reviewed for Kinshasa.,Tour de l'Échangeur de Limete es el candidato elegible completado más alto revisado en Wikidata para Kinsasa.,medium,wikidata-q63483561,candidate pipeline review,2026-09-16
city-q34647,iconic,wikidata-q1563940,false,Hillbrow Tower is the selected vertical landmark most strongly associated with Johannesburg.,Hillbrow Tower es el hito vertical seleccionado con mayor asociación a Johannesburgo.,high,wikidata-q1563940,editorial review,2026-09-16
city-q34647,tallest,wikidata-q1563940,false,Hillbrow Tower is the highest completed eligible Wikidata candidate reviewed for Johannesburg.,Hillbrow Tower es el candidato elegible completado más alto revisado en Wikidata para Johannesburgo.,medium,wikidata-q1563940,candidate pipeline review,2026-09-16
city-q3897,iconic,wikidata-q32788393,false,Mausoleum of Agostinho Neto is the selected vertical landmark most strongly associated with Luanda.,Mausoleum of Agostinho Neto es el hito vertical seleccionado con mayor asociación a Luanda.,high,wikidata-q32788393,editorial review,2026-09-16
city-q3897,tallest,wikidata-q32788393,false,Mausoleum of Agostinho Neto is the highest completed eligible Wikidata candidate reviewed for Luanda.,Mausoleum of Agostinho Neto es el candidato elegible completado más alto revisado en Wikidata para Luanda.,low,wikidata-q32788393,candidate pipeline review,2026-09-16
city-q1963,iconic,wikidata-q553923,false,Corinthia Hotel Khartoum is the selected vertical landmark most strongly associated with Khartoum.,Corinthia Hotel Khartoum es el hito vertical seleccionado con mayor asociación a Jartum.,high,wikidata-q553923,editorial review,2026-09-16
city-q1963,tallest,wikidata-q553923,false,Corinthia Hotel Khartoum is the highest completed eligible Wikidata candidate reviewed for Khartoum.,Corinthia Hotel Khartoum es el candidato elegible completado más alto revisado en Wikidata para Jartum.,low,wikidata-q553923,candidate pipeline review,2026-09-16
city-q1960,iconic,wikidata-q96912060,false,PSPF Towers – Tower B is the selected vertical landmark most strongly associated with Dar es Salaam.,PSPF Towers – Tower B es el hito vertical seleccionado con mayor asociación a Dar es-Salam.,high,wikidata-q96912060,editorial review,2026-09-16
city-q1960,tallest,wikidata-q96912060,false,PSPF Towers – Tower B is the highest completed eligible Wikidata candidate reviewed for Dar es Salaam.,PSPF Towers – Tower B es el candidato elegible completado más alto revisado en Wikidata para Dar es-Salam.,low,wikidata-q96912060,candidate pipeline review,2026-09-16
city-q87,tallest,wikidata-q43244,false,Lighthouse of Alexandria is the highest completed eligible Wikidata candidate reviewed for Alexandria.,Lighthouse of Alexandria es el candidato elegible completado más alto revisado en Wikidata para Alejandría.,medium,wikidata-q43244,candidate pipeline review,2026-09-16
city-q1515,tallest,wikidata-q3533159,false,Tour Postel 2001 is the highest completed eligible Wikidata candidate reviewed for Abidjan.,Tour Postel 2001 es el candidato elegible completado más alto revisado en Wikidata para Abiyán.,medium,wikidata-q3533159,candidate pipeline review,2026-09-16
city-q3870,iconic,wikidata-q3272625,false,Kenyatta International Convention Centre is the selected vertical landmark most strongly associated with Nairobi.,Kenyatta International Convention Centre es el hito vertical seleccionado con mayor asociación a Nairobi.,high,wikidata-q3272625,editorial review,2026-09-16
city-q3870,tallest,wikidata-q28223286,false,Britam Tower is the highest completed eligible permanent structure reviewed for Nairobi.,Britam Tower es la estructura permanente elegible completada más alta revisada en Nairobi.,high,ctbuh-nairobi,editorial review,2026-09-16
city-q7903,iconic,wikidata-q41346,false,Hassan II Mosque is the selected vertical landmark most strongly associated with Casablanca.,Hassan II Mosque es el hito vertical seleccionado con mayor asociación a Casablanca.,high,wikidata-q41346,editorial review,2026-09-16
city-q7903,tallest,wikidata-q60851364,false,Casablanca Finance City Tower is the highest completed eligible Wikidata candidate reviewed for Casablanca.,Casablanca Finance City Tower es el candidato elegible completado más alto revisado en Wikidata para Casablanca.,medium,wikidata-q60851364,candidate pipeline review,2026-09-16
city-q3761,tallest,wikidata-q124619191,false,Villagio Apartments is the highest completed eligible Wikidata candidate reviewed for Accra.,Villagio Apartments es el candidato elegible completado más alto revisado en Wikidata para Acra.,medium,wikidata-q124619191,candidate pipeline review,2026-09-16
city-q3624,iconic,wikidata-q27857526,false,Commercial Bank of Ethiopia Headquarters is the selected vertical landmark most strongly associated with Addis Ababa.,Commercial Bank of Ethiopia Headquarters es el hito vertical seleccionado con mayor asociación a Adís Abeba.,high,wikidata-q27857526,editorial review,2026-09-16
city-q3624,tallest,wikidata-q96912134,false,Wegagen Bank Headquarters is the highest completed eligible Wikidata candidate reviewed for Addis Ababa.,Wegagen Bank Headquarters es el candidato elegible completado más alto revisado en Wikidata para Adís Abeba.,medium,wikidata-q96912134,candidate pipeline review,2026-09-16
city-q3718,iconic,wikidata-q470763,false,African Renaissance Monument is the selected vertical landmark most strongly associated with Dakar.,African Renaissance Monument es el hito vertical seleccionado con mayor asociación a Dakar.,high,wikidata-q470763,editorial review,2026-09-16
city-q3718,tallest,wikidata-q96912163,false,Immeuble Kébé is the highest completed eligible Wikidata candidate reviewed for Dakar.,Immeuble Kébé es el candidato elegible completado más alto revisado en Wikidata para Dakar.,medium,wikidata-q96912163,candidate pipeline review,2026-09-16
city-q3894,iconic,wikidata-q4022677,false,Kampala Mosque is the selected vertical landmark most strongly associated with Kampala.,Kampala Mosque es el hito vertical seleccionado con mayor asociación a Kampala.,high,wikidata-q4022677,editorial review,2026-09-16
city-q3894,tallest,wikidata-q7186495,false,Mother Temple of Africa is the highest completed eligible Wikidata candidate reviewed for Kampala.,Mother Temple of Africa es el candidato elegible completado más alto revisado en Wikidata para Kampala.,medium,wikidata-q7186495,candidate pipeline review,2026-09-16
city-q3889,iconic,wikidata-q10270271,false,Maputo City Hall is the selected vertical landmark most strongly associated with Maputo.,Maputo City Hall es el hito vertical seleccionado con mayor asociación a Maputo.,high,wikidata-q10270271,editorial review,2026-09-16
city-q3889,tallest,wikidata-q96912088,false,Banco de Mocambique Tower 1 is the highest completed eligible Wikidata candidate reviewed for Maputo.,Banco de Mocambique Tower 1 es el candidato elegible completado más alto revisado en Wikidata para Maputo.,medium,wikidata-q96912088,candidate pipeline review,2026-09-16
city-q3572,tallest,wikidata-q29059648,false,Nation Tower is the highest completed eligible Wikidata candidate reviewed for Tunis.,Nation Tower es el candidato elegible completado más alto revisado en Wikidata para Túnez.,medium,wikidata-q29059648,candidate pipeline review,2026-09-16
city-q3551,iconic,wikidata-q579331,false,Hassan Tower is the selected vertical landmark most strongly associated with Rabat.,Hassan Tower es el hito vertical seleccionado con mayor asociación a Rabat.,high,wikidata-q579331,editorial review,2026-09-16
city-q3551,tallest,wikidata-q579331,false,Hassan Tower is the highest completed eligible Wikidata candidate reviewed for Rabat.,Hassan Tower es el candidato elegible completado más alto revisado en Wikidata para Rabat.,low,wikidata-q579331,candidate pipeline review,2026-09-16
city-q3921,tallest,wikidata-q56064359,false,New Reserve Bank Tower is the highest completed eligible Wikidata candidate reviewed for Harare.,New Reserve Bank Tower es el candidato elegible completado más alto revisado en Wikidata para Harare.,medium,wikidata-q56064359,candidate pipeline review,2026-09-16
city-q3881,iconic,wikidata-q21007716,false,FINDECO House is the selected vertical landmark most strongly associated with Lusaka.,FINDECO House es el hito vertical seleccionado con mayor asociación a Lusaka.,high,wikidata-q21007716,editorial review,2026-09-16
city-q3881,tallest,wikidata-q21007716,false,FINDECO House is the highest completed eligible Wikidata candidate reviewed for Lusaka.,FINDECO House es el candidato elegible completado más alto revisado en Wikidata para Lusaka.,low,wikidata-q21007716,candidate pipeline review,2026-09-16
city-q3919,iconic,wikidata-q7797448,false,Three Dikgosi Monument is the selected vertical landmark most strongly associated with Gaborone.,Three Dikgosi Monument es el hito vertical seleccionado con mayor asociación a Gaborone.,high,wikidata-q7797448,editorial review,2026-09-16
city-q3919,tallest,wikidata-q7797448,false,Three Dikgosi Monument is the highest completed eligible Wikidata candidate reviewed for Gaborone.,Three Dikgosi Monument es el candidato elegible completado más alto revisado en Wikidata para Gaborone.,low,wikidata-q7797448,candidate pipeline review,2026-09-16
city-q3929,iconic,wikidata-q2882647,false,Bank of Mauritius Tower is the selected vertical landmark most strongly associated with Port Louis.,Bank of Mauritius Tower es el hito vertical seleccionado con mayor asociación a Port Louis.,high,wikidata-q2882647,editorial review,2026-09-16
city-q3929,tallest,wikidata-q2882647,false,Bank of Mauritius Tower is the highest completed eligible Wikidata candidate reviewed for Port Louis.,Bank of Mauritius Tower es el candidato elegible completado más alto revisado en Wikidata para Port Louis.,medium,wikidata-q2882647,candidate pipeline review,2026-09-16
city-q60,iconic,wikidata-q9188,false,Empire State Building is the selected vertical landmark most strongly associated with New York City.,Empire State Building es el hito vertical seleccionado con mayor asociación a Nueva York.,high,wikidata-q9188,editorial review,2026-09-16
city-q60,tallest,wikidata-q11245,false,One World Trade Center is the highest completed eligible Wikidata candidate reviewed for New York City.,One World Trade Center es el candidato elegible completado más alto revisado en Wikidata para Nueva York.,medium,wikidata-q11245,candidate pipeline review,2026-09-16
city-q65,iconic,wikidata-q368489,false,Los Angeles City Hall is the selected vertical landmark most strongly associated with Los Angeles.,Los Angeles City Hall es el hito vertical seleccionado con mayor asociación a Los Ángeles.,high,wikidata-q368489,editorial review,2026-09-16
city-q65,tallest,wikidata-q57900,false,U.S. Bank Tower is the highest completed eligible Wikidata candidate reviewed for Los Angeles.,U.S. Bank Tower es el candidato elegible completado más alto revisado en Wikidata para Los Ángeles.,medium,wikidata-q57900,candidate pipeline review,2026-09-16
city-q1297,iconic,wikidata-q29294,false,Willis Tower is the selected vertical landmark most strongly associated with Chicago.,Willis Tower es el hito vertical seleccionado con mayor asociación a Chicago.,high,wikidata-q29294,editorial review,2026-09-16
city-q1297,tallest,wikidata-q29294,false,Willis Tower is the highest completed eligible Wikidata candidate reviewed for Chicago.,Willis Tower es el candidato elegible completado más alto revisado en Wikidata para Chicago.,medium,wikidata-q29294,candidate pipeline review,2026-09-16
city-q16557,iconic,wikidata-q1248619,false,Reunion Tower is the selected vertical landmark most strongly associated with Dallas.,Reunion Tower es el hito vertical seleccionado con mayor asociación a Dallas.,high,wikidata-q1248619,editorial review,2026-09-16
city-q16557,tallest,wikidata-q806675,false,Bank of America Plaza is the highest completed eligible Wikidata candidate reviewed for Dallas.,Bank of America Plaza es el candidato elegible completado más alto revisado en Wikidata para Dallas.,medium,wikidata-q806675,candidate pipeline review,2026-09-16
city-q16555,tallest,wikidata-q935919,false,JPMorgan Chase Tower is the highest completed eligible Wikidata candidate reviewed for Houston.,JPMorgan Chase Tower es el candidato elegible completado más alto revisado en Wikidata para Houston.,medium,wikidata-q935919,candidate pipeline review,2026-09-16
city-q61,iconic,wikidata-q178114,false,"Washington Monument is the selected vertical landmark most strongly associated with Washington, D.C..",Washington Monument es el hito vertical seleccionado con mayor asociación a Washington D. C..,high,wikidata-q178114,editorial review,2026-09-16
city-q61,tallest,wikidata-q668710,false,"Washington National Cathedral is the highest completed eligible Wikidata candidate reviewed for Washington, D.C..",Washington National Cathedral es el candidato elegible completado más alto revisado en Wikidata para Washington D. C..,medium,wikidata-q668710,candidate pipeline review,2026-09-16
city-q8652,tallest,wikidata-q7947827,false,WCIX TV Tower is the highest completed eligible Wikidata candidate reviewed for Miami.,WCIX TV Tower es el candidato elegible completado más alto revisado en Wikidata para Miami.,medium,wikidata-q7947827,candidate pipeline review,2026-09-16
city-q23556,iconic,wikidata-q3177225,false,Westin Peachtree Plaza Hotel is the selected vertical landmark most strongly associated with Atlanta.,Westin Peachtree Plaza Hotel es el hito vertical seleccionado con mayor asociación a Atlanta.,high,wikidata-q3177225,editorial review,2026-09-16
city-q23556,tallest,wikidata-q499486,false,Bank of America Plaza is the highest completed eligible Wikidata candidate reviewed for Atlanta.,Bank of America Plaza es el candidato elegible completado más alto revisado en Wikidata para Atlanta.,medium,wikidata-q499486,candidate pipeline review,2026-09-16
city-q100,tallest,wikidata-q798416,false,John Hancock Tower is the highest completed eligible Wikidata candidate reviewed for Boston.,John Hancock Tower es el candidato elegible completado más alto revisado en Wikidata para Boston.,medium,wikidata-q798416,candidate pipeline review,2026-09-16
city-q62,iconic,wikidata-q216865,false,Transamerica Pyramid is the selected vertical landmark most strongly associated with San Francisco.,Transamerica Pyramid es el hito vertical seleccionado con mayor asociación a San Francisco.,high,wikidata-q216865,editorial review,2026-09-16
city-q62,tallest,wikidata-q14684154,false,Salesforce Tower is the highest completed eligible Wikidata candidate reviewed for San Francisco.,Salesforce Tower es el candidato elegible completado más alto revisado en Wikidata para San Francisco.,medium,wikidata-q14684154,candidate pipeline review,2026-09-16
city-q5083,iconic,wikidata-q5317,false,Space Needle is the selected vertical landmark most strongly associated with Seattle.,Space Needle es el hito vertical seleccionado con mayor asociación a Seattle.,high,wikidata-q5317,editorial review,2026-09-16
city-q5083,tallest,wikidata-q908703,false,Columbia Center is the highest completed eligible Wikidata candidate reviewed for Seattle.,Columbia Center es el candidato elegible completado más alto revisado en Wikidata para Seattle.,medium,wikidata-q908703,candidate pipeline review,2026-09-16
city-q1345,iconic,wikidata-q1138183,false,Philadelphia City Hall is the selected vertical landmark most strongly associated with Philadelphia.,Philadelphia City Hall es el hito vertical seleccionado con mayor asociación a Filadelfia.,high,wikidata-q1138183,editorial review,2026-09-16
city-q1345,tallest,wikidata-q16958963,false,Comcast Technology Center is the highest completed eligible permanent structure reviewed for Philadelphia.,Comcast Technology Center es la estructura permanente elegible completada más alta revisada en Filadelfia.,high,ctbuh-philadelphia,editorial review,2026-09-16
city-q172,iconic,wikidata-q134883,false,CN Tower is the selected vertical landmark most strongly associated with Toronto.,CN Tower es el hito vertical seleccionado con mayor asociación a Toronto.,high,wikidata-q134883,editorial review,2026-09-16
city-q172,tallest,wikidata-q134883,false,CN Tower is the highest completed eligible Wikidata candidate reviewed for Toronto.,CN Tower es el candidato elegible completado más alto revisado en Wikidata para Toronto.,medium,wikidata-q134883,candidate pipeline review,2026-09-16
city-q340,iconic,wikidata-q61602719,false,Montreal Tower is the selected vertical landmark most strongly associated with Montreal.,Montreal Tower es el hito vertical seleccionado con mayor asociación a Montreal.,high,wikidata-q61602719,editorial review,2026-09-16
city-q340,tallest,wikidata-q164877,false,1000 de La Gauchetière is the highest completed eligible Wikidata candidate reviewed for Montreal.,1000 de La Gauchetière es el candidato elegible completado más alto revisado en Wikidata para Montreal.,medium,wikidata-q164877,candidate pipeline review,2026-09-16
city-q24639,iconic,wikidata-q867340,false,Harbour Centre is the selected vertical landmark most strongly associated with Vancouver.,Harbour Centre es el hito vertical seleccionado con mayor asociación a Vancouver.,high,wikidata-q867340,editorial review,2026-09-16
city-q24639,tallest,wikidata-q1785026,false,Living Shangri-La is the highest completed eligible Wikidata candidate reviewed for Vancouver.,Living Shangri-La es el candidato elegible completado más alto revisado en Wikidata para Vancouver.,medium,wikidata-q1785026,candidate pipeline review,2026-09-16
city-q1489,iconic,wikidata-q947870,false,Torre Latinoamericana is the selected vertical landmark most strongly associated with Mexico City.,Torre Latinoamericana es el hito vertical seleccionado con mayor asociación a Ciudad de México.,high,wikidata-q947870,editorial review,2026-09-16
city-q1489,tallest,wikidata-q844813,false,Torre Mayor is the highest completed eligible Wikidata candidate reviewed for Mexico City.,Torre Mayor es el candidato elegible completado más alto revisado en Wikidata para Ciudad de México.,medium,wikidata-q844813,candidate pipeline review,2026-09-16
city-q11953,iconic,wikidata-q1706069,false,Guadalajara Cathedral is the selected vertical landmark most strongly associated with Guadalajara.,Guadalajara Cathedral es el hito vertical seleccionado con mayor asociación a Guadalajara.,high,wikidata-q1706069,editorial review,2026-09-16
city-q11953,tallest,wikidata-q1706069,false,Guadalajara Cathedral is the highest completed eligible Wikidata candidate reviewed for Guadalajara.,Guadalajara Cathedral es el candidato elegible completado más alto revisado en Wikidata para Guadalajara.,low,wikidata-q1706069,candidate pipeline review,2026-09-16
city-q81033,iconic,wikidata-q5436075,false,Faro del Comercio is the selected vertical landmark most strongly associated with Monterrey.,Faro del Comercio es el hito vertical seleccionado con mayor asociación a Monterrey.,high,wikidata-q5436075,editorial review,2026-09-16
city-q81033,tallest,wikidata-q5436075,false,Faro del Comercio is the highest completed eligible Wikidata candidate reviewed for Monterrey.,Faro del Comercio es el candidato elegible completado más alto revisado en Wikidata para Monterrey.,low,wikidata-q5436075,candidate pipeline review,2026-09-16
city-q1563,iconic,wikidata-q1708874,false,José Martí Memorial is the selected vertical landmark most strongly associated with Havana.,José Martí Memorial es el hito vertical seleccionado con mayor asociación a La Habana.,high,wikidata-q1708874,editorial review,2026-09-16
city-q1563,tallest,wikidata-q110110932,false,Cuban Telephone Company Building is the highest completed eligible Wikidata candidate reviewed for Havana.,Cuban Telephone Company Building es el candidato elegible completado más alto revisado en Wikidata para La Habana.,medium,wikidata-q110110932,candidate pipeline review,2026-09-16
city-q3306,iconic,wikidata-q5853834,false,F&F Tower is the selected vertical landmark most strongly associated with Panama City.,F&F Tower es el hito vertical seleccionado con mayor asociación a Ciudad de Panamá.,high,wikidata-q5853834,editorial review,2026-09-16
city-q3306,tallest,wikidata-q2444561,false,Vitri Tower is the highest completed eligible Wikidata candidate reviewed for Panama City.,Vitri Tower es el candidato elegible completado más alto revisado en Wikidata para Ciudad de Panamá.,medium,wikidata-q2444561,candidate pipeline review,2026-09-16
city-q174,iconic,wikidata-q169420,false,Edifício Altino Arantes is the selected vertical landmark most strongly associated with São Paulo.,Edifício Altino Arantes es el hito vertical seleccionado con mayor asociación a São Paulo.,high,wikidata-q169420,editorial review,2026-09-16
city-q174,tallest,wikidata-q42258,false,Mirante do Vale is the highest completed eligible Wikidata candidate reviewed for São Paulo.,Mirante do Vale es el candidato elegible completado más alto revisado en Wikidata para São Paulo.,medium,wikidata-q42258,candidate pipeline review,2026-09-16
city-q1486,iconic,wikidata-q831389,false,Obelisco de Buenos Aires is the selected vertical landmark most strongly associated with Buenos Aires.,Obelisco de Buenos Aires es el hito vertical seleccionado con mayor asociación a Buenos Aires.,high,wikidata-q831389,editorial review,2026-09-16
city-q1486,tallest,wikidata-q2961507,false,Chateau Libertador Residence is the highest completed eligible Wikidata candidate reviewed for Buenos Aires.,Chateau Libertador Residence es el candidato elegible completado más alto revisado en Wikidata para Buenos Aires.,medium,wikidata-q2961507,candidate pipeline review,2026-09-16
city-q8678,iconic,wikidata-q79961,false,Christ the Redeemer is the selected vertical landmark most strongly associated with Rio de Janeiro.,Christ the Redeemer es el hito vertical seleccionado con mayor asociación a Río de Janeiro.,high,wikidata-q79961,editorial review,2026-09-16
city-q8678,tallest,wikidata-q2411716,false,Rio de Janeiro Cathedral is the highest completed eligible Wikidata candidate reviewed for Rio de Janeiro.,Rio de Janeiro Cathedral es el candidato elegible completado más alto revisado en Wikidata para Río de Janeiro.,medium,wikidata-q2411716,candidate pipeline review,2026-09-16
city-q2868,iconic,wikidata-q2446793,false,Cathedral of Lima is the selected vertical landmark most strongly associated with Lima.,Cathedral of Lima es el hito vertical seleccionado con mayor asociación a Lima.,high,wikidata-q2446793,editorial review,2026-09-16
city-q2868,tallest,wikidata-q48460897,false,T Tower is the highest completed eligible Wikidata candidate reviewed for Lima.,T Tower es el candidato elegible completado más alto revisado en Wikidata para Lima.,medium,wikidata-q48460897,candidate pipeline review,2026-09-16
city-q2841,tallest,wikidata-q19207166,false,Torres Atrio is the highest completed eligible Wikidata candidate reviewed for Bogotá.,Torres Atrio es el candidato elegible completado más alto revisado en Wikidata para Bogotá.,medium,wikidata-q19207166,candidate pipeline review,2026-09-16
city-q2887,iconic,wikidata-q1542408,false,Gran Torre Costanera is the selected vertical landmark most strongly associated with Santiago.,Gran Torre Costanera es el hito vertical seleccionado con mayor asociación a Santiago.,high,wikidata-q1542408,editorial review,2026-09-16
city-q2887,tallest,wikidata-q1542408,false,Gran Torre Costanera is the highest completed eligible Wikidata candidate reviewed for Santiago.,Gran Torre Costanera es el candidato elegible completado más alto revisado en Wikidata para Santiago.,medium,wikidata-q1542408,candidate pipeline review,2026-09-16
city-q1533,iconic,wikidata-q4388657,false,Parque Central Complex is the selected vertical landmark most strongly associated with Caracas.,Parque Central Complex es el hito vertical seleccionado con mayor asociación a Caracas.,high,wikidata-q4388657,editorial review,2026-09-16
city-q1533,tallest,wikidata-q1054303,false,Confinanzas Financial Center is the highest completed eligible Wikidata candidate reviewed for Caracas.,Confinanzas Financial Center es el candidato elegible completado más alto revisado en Wikidata para Caracas.,medium,wikidata-q1054303,candidate pipeline review,2026-09-16
city-q2844,iconic,wikidata-q201720,false,Cathedral of Brasília is the selected vertical landmark most strongly associated with Brasília.,Cathedral of Brasília es el hito vertical seleccionado con mayor asociación a Brasilia.,high,wikidata-q201720,editorial review,2026-09-16
city-q2844,tallest,wikidata-q1270936,false,Brasilia TV Tower is the highest completed eligible Wikidata candidate reviewed for Brasília.,Brasilia TV Tower es el candidato elegible completado más alto revisado en Wikidata para Brasilia.,medium,wikidata-q1270936,candidate pipeline review,2026-09-16
city-q36947,iconic,wikidata-q1328348,false,Elevador Lacerda is the selected vertical landmark most strongly associated with Salvador.,Elevador Lacerda es el hito vertical seleccionado con mayor asociación a Salvador de Bahía.,high,wikidata-q1328348,editorial review,2026-09-16
city-q36947,tallest,wikidata-q10323861,false,Mansão Margarida Costa Pinto is the highest completed eligible Wikidata candidate reviewed for Salvador.,Mansão Margarida Costa Pinto es el candidato elegible completado más alto revisado en Wikidata para Salvador de Bahía.,medium,wikidata-q10323861,candidate pipeline review,2026-09-16
city-q48344,iconic,wikidata-q15975929,false,Malakoff tower is the selected vertical landmark most strongly associated with Recife.,Malakoff tower es el hito vertical seleccionado con mayor asociación a Recife.,high,wikidata-q15975929,editorial review,2026-09-16
city-q48344,tallest,wikidata-q15975929,false,Malakoff tower is the highest completed eligible Wikidata candidate reviewed for Recife.,Malakoff tower es el candidato elegible completado más alto revisado en Wikidata para Recife.,low,wikidata-q15975929,candidate pipeline review,2026-09-16
city-q48278,iconic,wikidata-q3057904,false,Coltejer Building is the selected vertical landmark most strongly associated with Medellín.,Coltejer Building es el hito vertical seleccionado con mayor asociación a Medellín.,high,wikidata-q3057904,editorial review,2026-09-16
city-q48278,tallest,wikidata-q7826994,false,Torre del Café is the highest completed eligible Wikidata candidate reviewed for Medellín.,Torre del Café es el candidato elegible completado más alto revisado en Wikidata para Medellín.,medium,wikidata-q7826994,candidate pipeline review,2026-09-16
city-q2900,iconic,wikidata-q4868435,false,Basilica of the National Vow is the selected vertical landmark most strongly associated with Quito.,Basilica of the National Vow es el hito vertical seleccionado con mayor asociación a Quito.,high,wikidata-q4868435,editorial review,2026-09-16
city-q2900,tallest,wikidata-q4868435,false,Basilica of the National Vow is the highest completed eligible Wikidata candidate reviewed for Quito.,Basilica of the National Vow es el candidato elegible completado más alto revisado en Wikidata para Quito.,low,wikidata-q4868435,candidate pipeline review,2026-09-16
city-q43509,tallest,wikidata-q6150287,false,Torre The Point is the highest completed eligible Wikidata candidate reviewed for Guayaquil.,Torre The Point es el candidato elegible completado más alto revisado en Wikidata para Guayaquil.,medium,wikidata-q6150287,candidate pipeline review,2026-09-16
city-q1335,iconic,wikidata-q1519373,false,Palacio Salvo is the selected vertical landmark most strongly associated with Montevideo.,Palacio Salvo es el hito vertical seleccionado con mayor asociación a Montevideo.,high,wikidata-q1519373,editorial review,2026-09-16
city-q1335,tallest,wikidata-q109313102,false,Torre SAETA is the highest completed eligible Wikidata candidate reviewed for Montevideo.,Torre SAETA es el candidato elegible completado más alto revisado en Wikidata para Montevideo.,medium,wikidata-q109313102,candidate pipeline review,2026-09-16
city-q3130,iconic,wikidata-q827268,false,Sydney Tower is the selected vertical landmark most strongly associated with Sydney.,Sydney Tower es el hito vertical seleccionado con mayor asociación a Sídney.,high,wikidata-q827268,editorial review,2026-09-16
city-q3130,tallest,wikidata-q19870155,false,1 Macquarie Place is the highest completed eligible Wikidata candidate reviewed for Sydney.,1 Macquarie Place es el candidato elegible completado más alto revisado en Wikidata para Sídney.,medium,wikidata-q19870155,candidate pipeline review,2026-09-16
city-q3141,tallest,wikidata-q4823550,false,Australia 108 is the highest completed eligible Wikidata candidate reviewed for Melbourne.,Australia 108 es el candidato elegible completado más alto revisado en Wikidata para Melbourne.,medium,wikidata-q4823550,candidate pipeline review,2026-09-16
city-q34932,iconic,wikidata-q4968552,false,Brisbane City Hall is the selected vertical landmark most strongly associated with Brisbane.,Brisbane City Hall es el hito vertical seleccionado con mayor asociación a Brisbane.,high,wikidata-q4968552,editorial review,2026-09-16
city-q34932,tallest,wikidata-q16823864,false,"300 George Street, Brisbane is the highest completed eligible Wikidata candidate reviewed for Brisbane.","300 George Street, Brisbane es el candidato elegible completado más alto revisado en Wikidata para Brisbane.",medium,wikidata-q16823864,candidate pipeline review,2026-09-16
city-q23661,iconic,wikidata-q10323215,false,Majestic Centre is the selected vertical landmark most strongly associated with Wellington.,Majestic Centre es el hito vertical seleccionado con mayor asociación a Wellington.,high,wikidata-q10323215,editorial review,2026-09-16
city-q23661,tallest,wikidata-q10323215,false,Majestic Centre is the highest completed eligible Wikidata candidate reviewed for Wellington.,Majestic Centre es el candidato elegible completado más alto revisado en Wikidata para Wellington.,low,wikidata-q10323215,candidate pipeline review,2026-09-16
city-q79990,iconic,wikidata-q1077977,false,Christ Church Cathedral is the selected vertical landmark most strongly associated with Christchurch.,Christ Church Cathedral es el hito vertical seleccionado con mayor asociación a Christchurch.,high,wikidata-q1077977,editorial review,2026-09-16
city-q79990,tallest,wikidata-q17036267,false,Westpac Canterbury Centre is the highest completed eligible Wikidata candidate reviewed for Christchurch.,Westpac Canterbury Centre es el candidato elegible completado más alto revisado en Wikidata para Christchurch.,medium,wikidata-q17036267,candidate pipeline review,2026-09-16
city-q18094,iconic,wikidata-q448450,false,Aloha Tower is the selected vertical landmark most strongly associated with Honolulu.,Aloha Tower es el hito vertical seleccionado con mayor asociación a Honolulú.,high,wikidata-q448450,editorial review,2026-09-16
city-q18094,tallest,wikidata-q106436675,false,Q106436675 is the highest completed eligible Wikidata candidate reviewed for Honolulu.,Q106436675 es el candidato elegible completado más alto revisado en Wikidata para Honolulú.,medium,wikidata-q106436675,candidate pipeline review,2026-09-16
city-q38807,tallest,wikidata-q131658559,false,WG Friendship Plaza Suva is the highest completed eligible Wikidata candidate reviewed for Suva.,WG Friendship Plaza Suva es el candidato elegible completado más alto revisado en Wikidata para Suva.,medium,wikidata-q131658559,candidate pipeline review,2026-09-16
city-q8818,tallest,wikidata-q3062297,false,Meliá Valencia is the highest completed eligible permanent structure reviewed for Valencia.,Meliá Valencia es la estructura permanente elegible completada más alta revisada en Valencia.,high,ctbuh-valencia,editorial review,2026-09-16
city-q8692,iconic,wikidata-q3121267,false,Iberdrola Tower is the selected vertical landmark most strongly associated with Bilbao.,Iberdrola Tower es el hito vertical seleccionado con mayor asociación a Bilbao.,high,wikidata-q3121267,editorial review,2026-09-16
city-q8692,tallest,wikidata-q3121267,false,Iberdrola Tower is the highest completed eligible Wikidata candidate reviewed for Bilbao.,Iberdrola Tower es el candidato elegible completado más alto revisado en Wikidata para Bilbao.,medium,wikidata-q3121267,candidate pipeline review,2026-09-16
city-q8851,iconic,wikidata-q1582758,false,Cathedral Basilica of the Virgin of Incarnation is the selected vertical landmark most strongly associated with Málaga.,Cathedral Basilica of the Virgin of Incarnation es el hito vertical seleccionado con mayor asociación a Málaga.,high,wikidata-q1582758,editorial review,2026-09-16
city-q8851,tallest,wikidata-q1582758,false,Málaga Cathedral is the highest completed eligible permanent vertical landmark reviewed for Málaga.,La Catedral de Málaga es el hito vertical permanente elegible completado más alto revisado en Málaga.,high,visit-costa-del-sol-malaga-cathedral,editorial review,2026-09-16
city-q11974,iconic,wikidata-q1385934,false,Cathedral Basilica of St. Ann is the selected vertical landmark most strongly associated with Las Palmas de Gran Canaria.,Cathedral Basilica of St. Ann es el hito vertical seleccionado con mayor asociación a Las Palmas de Gran Canaria.,high,wikidata-q1385934,editorial review,2026-09-16
city-q11974,tallest,wikidata-q4650945,false,AC Hotel Gran Canaria is the highest completed eligible permanent structure reviewed for Las Palmas de Gran Canaria.,AC Hotel Gran Canaria es la estructura permanente elegible completada más alta revisada en Las Palmas de Gran Canaria.,high,ctbuh-las-palmas,editorial review,2026-09-16
city-q14328,iconic,wikidata-q734657,false,Torres de Santa Cruz is the selected vertical landmark most strongly associated with Santa Cruz de Tenerife.,Torres de Santa Cruz es el hito vertical seleccionado con mayor asociación a Santa Cruz de Tenerife.,high,wikidata-q734657,editorial review,2026-09-16
city-q14328,tallest,wikidata-q734657,false,Torres de Santa Cruz is the highest completed eligible Wikidata candidate reviewed for Santa Cruz de Tenerife.,Torres de Santa Cruz es el candidato elegible completado más alto revisado en Wikidata para Santa Cruz de Tenerife.,medium,wikidata-q734657,candidate pipeline review,2026-09-16
city-q8826,iconic,wikidata-q1298819,false,Palma Cathedral is the selected vertical landmark most strongly associated with Palma de Mallorca.,Palma Cathedral es el hito vertical seleccionado con mayor asociación a Palma de Mallorca.,high,wikidata-q1298819,editorial review,2026-09-16
city-q8826,tallest,wikidata-q5856454,false,Portopí Lighthouse is the highest completed eligible Wikidata candidate reviewed for Palma de Mallorca.,Portopí Lighthouse es el candidato elegible completado más alto revisado en Wikidata para Palma de Mallorca.,medium,wikidata-q5856454,candidate pipeline review,2026-09-16
city-q473914,iconic,wikidata-q2942557,false,Ibiza Cathedral is the selected vertical landmark most strongly associated with Ibiza.,Ibiza Cathedral es el hito vertical seleccionado con mayor asociación a Ibiza.,high,wikidata-q2942557,editorial review,2026-09-16
city-q473914,tallest,wikidata-q2942557,false,Ibiza Cathedral is the highest completed eligible Wikidata candidate reviewed for Ibiza.,Ibiza Cathedral es el candidato elegible completado más alto revisado en Wikidata para Ibiza.,low,wikidata-q2942557,candidate pipeline review,2026-09-16
city-q49550,iconic,wikidata-q11920552,false,Santa Maria de Maó is the selected vertical landmark most strongly associated with Mahón.,Santa Maria de Maó es el hito vertical seleccionado con mayor asociación a Mahón.,high,wikidata-q11920552,editorial review,2026-09-16
city-q49550,tallest,wikidata-q8960896,false,Favàritx Lighthouse is the highest completed eligible Wikidata candidate reviewed for Mahón.,Favàritx Lighthouse es el candidato elegible completado más alto revisado en Wikidata para Mahón.,medium,wikidata-q8960896,candidate pipeline review,2026-09-16
city-q12233,iconic,wikidata-q922172,false,Santander Cathedral is the selected vertical landmark most strongly associated with Santander.,Santander Cathedral es el hito vertical seleccionado con mayor asociación a Santander.,high,wikidata-q922172,editorial review,2026-09-16
city-q12233,tallest,wikidata-q5856365,false,Faro de Cabo Mayor is the highest completed eligible Wikidata candidate reviewed for Santander.,Faro de Cabo Mayor es el candidato elegible completado más alto revisado en Wikidata para Santander.,medium,wikidata-q5856365,candidate pipeline review,2026-09-16
city-q14317,iconic,wikidata-q1534288,false,Oviedo Cathedral is the selected vertical landmark most strongly associated with Oviedo.,La Catedral de Oviedo es el hito vertical seleccionado con mayor asociación a Oviedo.,high,oviedo-cathedral-tower,editorial review,2026-09-16
city-q14317,tallest,wikidata-q1534288,false,Oviedo Cathedral is the highest completed eligible permanent vertical landmark reviewed for Oviedo.,La Catedral de Oviedo es el hito vertical permanente elegible completado más alto revisado en Oviedo.,high,oviedo-cathedral-tower,editorial review,2026-09-16
city-q8757,iconic,wikidata-q245151,false,Tower of Hercules is the selected vertical landmark most strongly associated with A Coruña.,Tower of Hercules es el hito vertical seleccionado con mayor asociación a A Coruña.,high,wikidata-q245151,editorial review,2026-09-16
city-q8757,tallest,wikidata-q3395775,false,Torre Costa Rica is the highest completed eligible Wikidata candidate reviewed for A Coruña.,Torre Costa Rica es el candidato elegible completado más alto revisado en Wikidata para A Coruña.,medium,wikidata-q3395775,candidate pipeline review,2026-09-16
city-q10305,iconic,wikidata-q810684,false,Basilica of Our Lady of the Pillar is the selected vertical landmark most strongly associated with Zaragoza.,Basilica of Our Lady of the Pillar es el hito vertical seleccionado con mayor asociación a Zaragoza.,high,wikidata-q810684,editorial review,2026-09-16
city-q10305,tallest,wikidata-q11374320,false,"Torre de telecomunicaciones Movistar, Zaragoza is the highest completed eligible Wikidata candidate reviewed for Zaragoza.","Torre de telecomunicaciones Movistar, Zaragoza es el candidato elegible completado más alto revisado en Wikidata para Zaragoza.",medium,wikidata-q11374320,candidate pipeline review,2026-09-16
city-q15092,iconic,wikidata-q2511122,false,El Fadrí is the selected vertical landmark most strongly associated with Castellón de la Plana.,El Fadrí es el hito vertical seleccionado con mayor asociación a Castellón de la Plana.,high,wikidata-q2511122,editorial review,2026-09-16
city-q15092,tallest,wikidata-q2511122,false,El Fadrí is the highest completed eligible Wikidata candidate reviewed for Castellón de la Plana.,El Fadrí es el candidato elegible completado más alto revisado en Wikidata para Castellón de la Plana.,medium,wikidata-q2511122,candidate pipeline review,2026-09-16
city-q11959,tallest,wikidata-q131349248,false,"Montreal Building (Alicante, Spain) is the highest completed eligible Wikidata candidate reviewed for Alicante.","Montreal Building (Alicante, Spain) es el candidato elegible completado más alto revisado en Wikidata para Alicante.",medium,wikidata-q131349248,candidate pipeline review,2026-09-16
city-q8717,iconic,wikidata-q834479,false,The Giralda is the permanent vertical landmark most strongly associated with Seville in the city's official tourism material.,La Giralda es el hito vertical permanente más asociado con Sevilla en el material turístico oficial de la ciudad.,high,visitasevilla-giralda,editorial review,2026-09-16
city-q8717,tallest,wikidata-q2746748,false,Torre Sevilla is the highest completed eligible permanent structure reviewed for Seville.,Torre Sevilla es la estructura permanente elegible completada más alta revisada en Sevilla.,high,visitasevilla-torre,editorial review,2026-09-16
city-q647543,iconic,wikidata-q47003633,false,Gran Hotel is the selected vertical landmark most strongly associated with Arrecife.,Gran Hotel es el hito vertical seleccionado con mayor asociación a Arrecife.,high,wikidata-q47003633,editorial review,2026-09-16
city-q647543,tallest,wikidata-q47003633,false,Gran Hotel is the highest completed eligible Wikidata candidate reviewed for Arrecife.,Gran Hotel es el candidato elegible completado más alto revisado en Wikidata para Arrecife.,low,wikidata-q47003633,candidate pipeline review,2026-09-16
city-q16554,iconic,wikidata-q901770,false,Daniels & Fisher Tower is the selected vertical landmark most strongly associated with Denver.,Daniels & Fisher Tower es el hito vertical seleccionado con mayor asociación a Denver.,high,wikidata-q901770,editorial review,2026-09-16
city-q16554,tallest,wikidata-q4640570,false,555 17th Street is the highest completed eligible Wikidata candidate reviewed for Denver.,555 17th Street es el candidato elegible completado más alto revisado en Wikidata para Denver.,medium,wikidata-q4640570,candidate pipeline review,2026-09-16
city-q23768,tallest,wikidata-q1340132,false,Encore is the highest completed eligible Wikidata candidate reviewed for Las Vegas.,Encore es el candidato elegible completado más alto revisado en Wikidata para Las Vegas.,medium,wikidata-q1340132,candidate pipeline review,2026-09-16
city-q16565,iconic,wikidata-q586913,false,Bank of America Financial Center is the selected vertical landmark most strongly associated with Charlotte.,Bank of America Financial Center es el hito vertical seleccionado con mayor asociación a Charlotte.,high,wikidata-q586913,editorial review,2026-09-16
city-q16565,tallest,wikidata-q673794,false,Truist Center (Charlotte) is the highest completed eligible Wikidata candidate reviewed for Charlotte.,Truist Center (Charlotte) es el candidato elegible completado más alto revisado en Wikidata para Charlotte.,medium,wikidata-q673794,candidate pipeline review,2026-09-16
city-q16556,tallest,wikidata-q2943678,false,Chase Tower is the highest completed eligible Wikidata candidate reviewed for Phoenix.,Chase Tower es el candidato elegible completado más alto revisado en Wikidata para Phoenix.,medium,wikidata-q2943678,candidate pipeline review,2026-09-16
city-q1461,tallest,wikidata-q5440278,false,Grand Hyatt Manila is the highest completed eligible landmark confirmed for Manila in this editorial review.,Grand Hyatt Manila es el hito elegible completado más alto confirmado para Manila en esta revisión editorial.,high,wikidata-q5440278,editorial choice approved by project owner,2026-09-16
city-q1461,iconic,wikidata-q7339077,false,Rizal Monument was selected as the permanent vertical landmark most strongly associated with Manila.,Rizal Monument se seleccionó como el hito vertical permanente con mayor asociación a Manila.,high,wikidata-q7339077,editorial choice approved by project owner,2026-09-16
city-q1070,tallest,curated-mondeal-one,false,Mondeal One is the highest completed eligible landmark confirmed for Ahmedabad in this editorial review.,Mondeal One es el hito elegible completado más alto confirmado para Ahmedabad en esta revisión editorial.,high,source-curated-mondeal-one,editorial choice approved by project owner,2026-09-16
city-q1070,iconic,wikidata-q107210904,false,Patang was selected as the permanent vertical landmark most strongly associated with Ahmedabad.,Patang se seleccionó como el hito vertical permanente con mayor asociación a Ahmedabad.,high,wikidata-q107210904,editorial choice approved by project owner,2026-09-16
city-q4093,tallest,wikidata-q3533344,false,Glasgow Tower is the highest completed eligible landmark confirmed for Glasgow in this editorial review.,Glasgow Tower es el hito elegible completado más alto confirmado para Glasgow en esta revisión editorial.,high,wikidata-q3533344,editorial choice approved by project owner,2026-09-16
city-q4093,iconic,wikidata-q17567981,false,University of Glasgow tower was selected as the permanent vertical landmark most strongly associated with Glasgow.,Torre de la Universidad de Glasgow se seleccionó como el hito vertical permanente con mayor asociación a Glasgow.,high,wikidata-q17567981,editorial choice approved by project owner,2026-09-16
city-q3561,tallest,wikidata-q23012984,false,Great Mosque of Algiers minaret is the highest completed eligible landmark confirmed for Algiers in this editorial review.,Minarete de la Gran Mezquita de Argel es el hito elegible completado más alto confirmado para Argel en esta revisión editorial.,high,wikidata-q23012984,editorial choice approved by project owner,2026-09-16
city-q3561,iconic,wikidata-q3056085,false,Martyrs' Memorial was selected as the permanent vertical landmark most strongly associated with Algiers.,Monumento de los Mártires se seleccionó como el hito vertical permanente con mayor asociación a Argel.,high,wikidata-q3056085,editorial choice approved by project owner,2026-09-16
city-q3935,tallest,wikidata-q1664331,false,Sanlam Centre is the highest completed eligible landmark confirmed for Windhoek in this editorial review.,Sanlam Centre es el hito elegible completado más alto confirmado para Windhoek en esta revisión editorial.,high,wikidata-q1664331,editorial choice approved by project owner,2026-09-16
city-q3935,iconic,wikidata-q1087458,false,Christ Church was selected as the permanent vertical landmark most strongly associated with Windhoek.,Iglesia de Cristo se seleccionó como el hito vertical permanente con mayor asociación a Windhoek.,high,wikidata-q1087458,editorial choice approved by project owner,2026-09-16
city-q3915,tallest,curated-fiaro-building,false,FIARO Building is the highest completed eligible landmark confirmed for Antananarivo in this editorial review.,Edificio FIARO es el hito elegible completado más alto confirmado para Antananarivo en esta revisión editorial.,medium,source-curated-fiaro-building,editorial choice approved by project owner,2026-09-16
city-q3915,iconic,wikidata-q1290337,false,Rova of Antananarivo was selected as the permanent vertical landmark most strongly associated with Antananarivo.,Rova de Antananarivo se seleccionó como el hito vertical permanente con mayor asociación a Antananarivo.,high,wikidata-q1290337,editorial choice approved by project owner,2026-09-16
city-q42800,tallest,wikidata-q82800323,false,Edifício Aureliano Chaves is the highest completed eligible landmark confirmed for Belo Horizonte in this editorial review.,Edifício Aureliano Chaves es el hito elegible completado más alto confirmado para Belo Horizonte en esta revisión editorial.,high,wikidata-q82800323,editorial choice approved by project owner,2026-09-16
city-q42800,iconic,wikidata-q18470509,false,Edifício Acaiaca was selected as the permanent vertical landmark most strongly associated with Belo Horizonte.,Edifício Acaiaca se seleccionó como el hito vertical permanente con mayor asociación a Belo Horizonte.,high,wikidata-q18470509,editorial choice approved by project owner,2026-09-16
city-q3183,tallest,wikidata-q2585611,false,Central Park is the highest completed eligible landmark confirmed for Perth in this editorial review.,Central Park es el hito elegible completado más alto confirmado para Perth en esta revisión editorial.,high,wikidata-q2585611,editorial choice approved by project owner,2026-09-16
city-q3183,iconic,wikidata-q7653429,false,The Bell Tower was selected as the permanent vertical landmark most strongly associated with Perth.,The Bell Tower se seleccionó como el hito vertical permanente con mayor asociación a Perth.,high,wikidata-q7653429,editorial choice approved by project owner,2026-09-16
city-q5112,tallest,wikidata-q125766623,false,The Adelaidean is the highest completed eligible landmark confirmed for Adelaide in this editorial review.,The Adelaidean es el hito elegible completado más alto confirmado para Adelaida en esta revisión editorial.,high,wikidata-q125766623,editorial choice approved by project owner,2026-09-16
city-q5112,iconic,wikidata-q2918618,false,St Peter's Cathedral was selected as the permanent vertical landmark most strongly associated with Adelaide.,Catedral de San Pedro se seleccionó como el hito vertical permanente con mayor asociación a Adelaida.,high,wikidata-q2918618,editorial choice approved by project owner,2026-09-16
city-q37100,tallest,wikidata-q722125,false,Sky Tower is the highest completed eligible landmark confirmed for Auckland in this editorial review.,Sky Tower es el hito elegible completado más alto confirmado para Auckland en esta revisión editorial.,high,wikidata-q722125,editorial choice approved by project owner,2026-09-16
city-q37100,iconic,wikidata-q722125,false,Sky Tower was selected as the permanent vertical landmark most strongly associated with Auckland.,Sky Tower se seleccionó como el hito vertical permanente con mayor asociación a Auckland.,high,wikidata-q722125,editorial choice approved by project owner,2026-09-16
city-q24013882,tallest,wikidata-q21039368,false,Puerto del Rosario Lighthouse is the highest completed eligible landmark confirmed for Puerto del Rosario in this editorial review.,Faro de Puerto del Rosario es el hito elegible completado más alto confirmado para Puerto del Rosario en esta revisión editorial.,high,wikidata-q21039368,editorial choice approved by project owner,2026-09-16
city-q24013882,iconic,curated-nuestra-senora-del-rosario-pdr,false,Nuestra Señora del Rosario church tower was selected as the permanent vertical landmark most strongly associated with Puerto del Rosario.,Torre de la iglesia de Nuestra Señora del Rosario se seleccionó como el hito vertical permanente con mayor asociación a Puerto del Rosario.,high,source-curated-nuestra-senora-del-rosario-pdr,editorial choice approved by project owner,2026-09-16
city-q433632,tallest,wikidata-q5637893,false,El Salvador church tower is the highest completed eligible landmark confirmed for Santa Cruz de La Palma in this editorial review.,Torre de la iglesia de El Salvador es el hito elegible completado más alto confirmado para Santa Cruz de La Palma en esta revisión editorial.,medium,wikidata-q5637893,editorial choice approved by project owner,2026-09-16
city-q433632,iconic,wikidata-q5637893,false,El Salvador church tower was selected as the permanent vertical landmark most strongly associated with Santa Cruz de La Palma.,Torre de la iglesia de El Salvador se seleccionó como el hito vertical permanente con mayor asociación a Santa Cruz de La Palma.,high,wikidata-q5637893,editorial choice approved by project owner,2026-09-16
city-q49233,tallest,wikidata-q3503721,false,200 South Orange is the highest completed eligible landmark confirmed for Orlando in this editorial review.,200 South Orange es el hito elegible completado más alto confirmado para Orlando en esta revisión editorial.,high,wikidata-q3503721,editorial choice approved by project owner,2026-09-16
city-q49233,iconic,wikidata-q2742709,false,Cinderella Castle was selected as the permanent vertical landmark most strongly associated with Orlando.,Castillo de Cenicienta se seleccionó como el hito vertical permanente con mayor asociación a Orlando.,high,wikidata-q2742709,editorial choice approved by project owner,2026-09-16
city-q1354,iconic,curated-shaheed-minar-dhaka,false,Central Shaheed Minar was selected as the permanent vertical landmark most strongly associated with Dhaka.,Shaheed Minar Central se seleccionó como el hito vertical permanente con mayor asociación a Daca.,high,source-curated-shaheed-minar-dhaka,editorial choice approved by project owner,2026-09-16
city-q956,iconic,wikidata-q125445,false,Temple of Heaven was selected as the permanent vertical landmark most strongly associated with Beijing.,Templo del Cielo se seleccionó como el hito vertical permanente con mayor asociación a Pekín.,high,wikidata-q125445,editorial choice approved by project owner,2026-09-16
city-q11725,iconic,wikidata-q6683399,false,People's Liberation Monument was selected as the permanent vertical landmark most strongly associated with Chongqing.,Monumento a la Liberación del Pueblo se seleccionó como el hito vertical permanente con mayor asociación a Chongqing.,high,wikidata-q6683399,editorial choice approved by project owner,2026-09-16
city-q1348,iconic,wikidata-q1356352,false,Victoria Memorial was selected as the permanent vertical landmark most strongly associated with Kolkata.,Victoria Memorial se seleccionó como el hito vertical permanente con mayor asociación a Calcuta.,high,wikidata-q1356352,editorial choice approved by project owner,2026-09-16
city-q3630,iconic,wikidata-q145151,false,National Monument (Monas) was selected as the permanent vertical landmark most strongly associated with Jakarta.,Monumento Nacional (Monas) se seleccionó como el hito vertical permanente con mayor asociación a Yakarta.,high,wikidata-q145151,editorial choice approved by project owner,2026-09-16
city-q8646,iconic,wikidata-q214855,false,Bank of China Tower was selected as the permanent vertical landmark most strongly associated with Hong Kong.,Bank of China Tower se seleccionó como el hito vertical permanente con mayor asociación a Hong Kong.,high,wikidata-q214855,editorial choice approved by project owner,2026-09-16
city-q1741,iconic,wikidata-q5943,false,St Stephen's Cathedral south tower was selected as the permanent vertical landmark most strongly associated with Vienna.,Torre sur de la catedral de San Esteban se seleccionó como el hito vertical permanente con mayor asociación a Viena.,high,wikidata-q5943,editorial choice approved by project owner,2026-09-16
city-q1055,iconic,wikidata-q674472,false,St Michael's Church tower was selected as the permanent vertical landmark most strongly associated with Hamburg.,Torre de la iglesia de San Miguel se seleccionó como el hito vertical permanente con mayor asociación a Hamburgo.,high,wikidata-q674472,editorial choice approved by project owner,2026-09-16
city-q2256,iconic,wikidata-q5620988,false,Old Joe clock tower was selected as the permanent vertical landmark most strongly associated with Birmingham.,Torre del reloj Old Joe se seleccionó como el hito vertical permanente con mayor asociación a Birmingham.,high,wikidata-q5620988,editorial choice approved by project owner,2026-09-16
city-q19689,iconic,curated-clock-tower-tirana,false,Clock Tower of Tirana was selected as the permanent vertical landmark most strongly associated with Tirana.,Torre del Reloj de Tirana se seleccionó como el hito vertical permanente con mayor asociación a Tirana.,high,source-curated-clock-tower-tirana,editorial choice approved by project owner,2026-09-16
city-q8673,iconic,wikidata-q16733944,false,NECOM House was selected as the permanent vertical landmark most strongly associated with Lagos.,NECOM House se seleccionó como el hito vertical permanente con mayor asociación a Lagos.,high,wikidata-q16733944,editorial choice approved by project owner,2026-09-16
city-q87,iconic,wikidata-q1350295,false,Montaza Palace tower was selected as the permanent vertical landmark most strongly associated with Alexandria.,Torre del Palacio de Montaza se seleccionó como el hito vertical permanente con mayor asociación a Alejandría.,medium,wikidata-q1350295,editorial choice approved by project owner,2026-09-16
city-q1515,iconic,curated-la-pyramide-abidjan,false,La Pyramide was selected as the permanent vertical landmark most strongly associated with Abidjan.,La Pyramide se seleccionó como el hito vertical permanente con mayor asociación a Abiyán.,high,source-curated-la-pyramide-abidjan,editorial choice approved by project owner,2026-09-16
city-q3761,iconic,wikidata-q98410976,false,Black Star Gate was selected as the permanent vertical landmark most strongly associated with Accra.,Puerta de la Estrella Negra se seleccionó como el hito vertical permanente con mayor asociación a Acra.,high,wikidata-q98410976,editorial choice approved by project owner,2026-09-16
city-q3572,iconic,curated-habib-bourguiba-clock,false,Avenue Habib Bourguiba Clock Tower was selected as the permanent vertical landmark most strongly associated with Tunis.,Torre del Reloj de la avenida Habib Bourguiba se seleccionó como el hito vertical permanente con mayor asociación a Túnez.,high,source-curated-habib-bourguiba-clock,editorial choice approved by project owner,2026-09-16
city-q3921,iconic,wikidata-q56064359,false,Reserve Bank Tower was selected as the permanent vertical landmark most strongly associated with Harare.,Torre del Banco de la Reserva se seleccionó como el hito vertical permanente con mayor asociación a Harare.,high,wikidata-q56064359,editorial choice approved by project owner,2026-09-16
city-q16555,iconic,wikidata-q1357650,false,Williams Tower was selected as the permanent vertical landmark most strongly associated with Houston.,Williams Tower se seleccionó como el hito vertical permanente con mayor asociación a Houston.,high,wikidata-q1357650,editorial choice approved by project owner,2026-09-16
city-q8652,iconic,wikidata-q1453542,false,Freedom Tower was selected as the permanent vertical landmark most strongly associated with Miami.,Torre de la Libertad se seleccionó como el hito vertical permanente con mayor asociación a Miami.,high,wikidata-q1453542,editorial choice approved by project owner,2026-09-16
city-q100,iconic,wikidata-q3007905,false,Custom House Tower was selected as the permanent vertical landmark most strongly associated with Boston.,Torre de la Aduana se seleccionó como el hito vertical permanente con mayor asociación a Boston.,high,wikidata-q3007905,editorial choice approved by project owner,2026-09-16
city-q2841,iconic,wikidata-q3120855,false,Torre Colpatria was selected as the permanent vertical landmark most strongly associated with Bogotá.,Torre Colpatria se seleccionó como el hito vertical permanente con mayor asociación a Bogotá.,high,wikidata-q3120855,editorial choice approved by project owner,2026-09-16
city-q43509,iconic,curated-torre-morisca-guayaquil,false,Torre Morisca was selected as the permanent vertical landmark most strongly associated with Guayaquil.,Torre Morisca se seleccionó como el hito vertical permanente con mayor asociación a Guayaquil.,high,source-curated-torre-morisca-guayaquil,editorial choice approved by project owner,2026-09-16
city-q3141,iconic,wikidata-q4801443,false,Arts Centre Melbourne spire was selected as the permanent vertical landmark most strongly associated with Melbourne.,Aguja del Arts Centre Melbourne se seleccionó como el hito vertical permanente con mayor asociación a Melbourne.,high,wikidata-q4801443,editorial choice approved by project owner,2026-09-16
city-q38807,iconic,wikidata-q5588695,false,Government Buildings clock tower was selected as the permanent vertical landmark most strongly associated with Suva.,Torre del reloj de los Government Buildings se seleccionó como el hito vertical permanente con mayor asociación a Suva.,medium,wikidata-q5588695,editorial choice approved by project owner,2026-09-16
city-q8818,iconic,wikidata-q2975344,false,El Micalet was selected as the permanent vertical landmark most strongly associated with Valencia.,El Micalet se seleccionó como el hito vertical permanente con mayor asociación a Valencia.,high,wikidata-q2975344,editorial choice approved by project owner,2026-09-16
city-q11959,iconic,wikidata-q429562,false,Santa Bárbara Castle keep was selected as the permanent vertical landmark most strongly associated with Alicante.,Torre del homenaje del Castillo de Santa Bárbara se seleccionó como el hito vertical permanente con mayor asociación a Alicante.,high,wikidata-q429562,editorial choice approved by project owner,2026-09-16
city-q23768,iconic,wikidata-q845846,false,The STRAT tower was selected as the permanent vertical landmark most strongly associated with Las Vegas.,Torre The STRAT se seleccionó como el hito vertical permanente con mayor asociación a Las Vegas.,high,wikidata-q845846,editorial choice approved by project owner,2026-09-16
city-q16556,iconic,wikidata-q7989806,false,Westward Ho tower was selected as the permanent vertical landmark most strongly associated with Phoenix.,Torre Westward Ho se seleccionó como el hito vertical permanente con mayor asociación a Phoenix.,high,wikidata-q7989806,editorial choice approved by project owner,2026-09-16
