observation_id,city_id,city_name_en,city_name_es,city_name_local,country_code,country_name_en,country_name_es,continent,region,airport_id,airport_name,airport_name_es,iata,icao,airport_latitude,airport_longitude,airport_type,primary_airport,service_pattern,tower_id,tower_name,tower_name_es,tower_latitude,tower_longitude,height_m,height_basis,tower_type,completed_year,mode,co_tallest,confidence,selection_reason_en,selection_reason_es,distance_m,distance_km,source_ids,reviewed_at
city-q172--ourairports-1926--iconic--wikidata-q134883,city-q172,Toronto,Toronto,Toronto,CA,Canada,Canadá,North America,Northern America,ourairports-1926,Billy Bishop Toronto City Airport,Billy Bishop Toronto City Airport,YTZ,CYTZ,43.627852,-79.39553,medium_airport,false,year_round,wikidata-q134883,CN Tower,CN Tower,43.642752777,-79.387147222,553.3,structural_tip,building_or_freestanding_tower,1976,iconic,false,high,CN Tower is the selected vertical landmark most strongly associated with Toronto.,CN Tower es el hito vertical seleccionado con mayor asociación a Toronto.,1788.420127719707,1.788420127719707,ourairports-2026-09-14;wikidata-q134883,2026-09-14
city-q3761--ourairports-2090--iconic--wikidata-q124619191,city-q3761,Accra,Acra,Accra,GH,Ghana,Ghana,Africa,Western Africa,ourairports-2090,Kotoka International Airport,Kotoka International Airport,ACC,DGAA,5.605189800262451,-0.16678600013256073,large_airport,true,year_round,wikidata-q124619191,Villagio Apartments,Villagio Apartments,5.6205,-0.1781,100,structural_tip,building_or_freestanding_tower,1900,iconic,false,low,Villagio Apartments is the selected vertical landmark most strongly associated with Accra.,Villagio Apartments es el hito vertical seleccionado con mayor asociación a Acra.,2106.5842353882117,2.106584235388212,ourairports-2026-09-14;wikidata-q124619191,2026-09-14
city-q3616--ourairports-5168--iconic--wikidata-q1140026,city-q3616,Tehran,Teherán,Tehran,IR,Iran,Irán,Asia,Southern Asia,ourairports-5168,Mehrabad International Airport,Mehrabad International Airport,THR,OIII,35.689175,51.314392,large_airport,false,year_round,wikidata-q1140026,Azadi Tower,Azadi Tower,35.69972222222222,51.338055555555556,45,structural_tip,vertical_landmark,1971,iconic,false,high,Azadi Tower is the selected vertical landmark most strongly associated with Tehran.,Azadi Tower es el hito vertical seleccionado con mayor asociación a Teherán.,2440.648095415094,2.440648095415094,ourairports-2026-09-14;wikidata-q1140026,2026-09-14
city-q43509--ourairports-6056--iconic--wikidata-q6150287,city-q43509,Guayaquil,Guayaquil,Guayaquil,EC,Ecuador,Ecuador,South America,South America,ourairports-6056,José Joaquín de Olmedo International Airport,José Joaquín de Olmedo International Airport,GYE,SEGU,-2.15742,-79.883598,large_airport,true,year_round,wikidata-q6150287,Torre The Point,Torre The Point,-2.178295,-79.876221,137,structural_tip,building_or_freestanding_tower,1900,iconic,false,low,Torre The Point is the selected vertical landmark most strongly associated with Guayaquil.,Torre The Point es el hito vertical seleccionado con mayor asociación a Guayaquil.,2449.802667978666,2.4498026679786657,ourairports-2026-09-14;wikidata-q6150287,2026-09-14
city-q3870--ourairports-3215--iconic--wikidata-q3272625,city-q3870,Nairobi,Nairobi,Nairobi,KE,Kenya,Kenia,Africa,Eastern Africa,ourairports-3215,Nairobi Wilson Airport,Nairobi Wilson Airport,WIL,HKNW,-1.32172,36.8148,medium_airport,false,year_round,wikidata-q3272625,Kenyatta International Convention Centre,Kenyatta International Convention Centre,-1.2886111111111,36.823055555556,105,structural_tip,vertical_landmark,1974,iconic,false,high,Kenyatta International Convention Centre is the selected vertical landmark most strongly associated with Nairobi.,Kenyatta International Convention Centre es el hito vertical seleccionado con mayor asociación a Nairobi.,3774.5372309120717,3.7745372309120717,ourairports-2026-09-14;wikidata-q3272625,2026-09-14
city-q1867--ourairports-5527--iconic--wikidata-q83101,city-q1867,Taipei,Taipéi,Taipei,TW,Taiwan,Taiwán,Asia,Eastern Asia,ourairports-5527,Taipei Songshan International Airport,Taipei Songshan International Airport,TSA,RCSS,25.067244,121.552822,large_airport,false,year_round,wikidata-q83101,Taipei 101,Taipei 101,25.033611111,121.564722222,508,structural_tip,building_or_freestanding_tower,2005,iconic,false,high,Taipei 101 is the selected vertical landmark most strongly associated with Taipei.,Taipei 101 es el hito vertical seleccionado con mayor asociación a Taipéi.,3914.3818871609433,3.9143818871609435,ourairports-2026-09-14;wikidata-q83101,2026-09-14
city-q3897--ourairports-2942--iconic--wikidata-q32788393,city-q3897,Luanda,Luanda,Luanda,AO,Angola,Angola,Africa,Middle Africa,ourairports-2942,Quatro de Fevereiro International Airport,Quatro de Fevereiro International Airport,LAD,FNLU,-8.85837,13.2312,large_airport,true,year_round,wikidata-q32788393,Mausoleum of Agostinho Neto,Mausoleum of Agostinho Neto,-8.823611,13.218947,50,structural_tip,building_or_freestanding_tower,1900,iconic,false,high,Mausoleum of Agostinho Neto is the selected vertical landmark most strongly associated with Luanda.,Mausoleum of Agostinho Neto es el hito vertical seleccionado con mayor asociación a Luanda.,4073.8135774155207,4.073813577415521,ourairports-2026-09-14;wikidata-q32788393,2026-09-14
city-q61--ourairports-3483--iconic--wikidata-q178114,city-q61,"Washington, D.C.",Washington D. C.,"Washington, D.C.",US,United States,Estados Unidos,North America,Northern America,ourairports-3483,Ronald Reagan Washington National Airport,Ronald Reagan Washington National Airport,DCA,KDCA,38.8521,-77.037697,large_airport,false,year_round,wikidata-q178114,Washington Monument,Washington Monument,38.889475,-77.035244444444,169.046,structural_tip,vertical_landmark,1885,iconic,false,high,"Washington Monument is the selected vertical landmark most strongly associated with Washington, D.C..",Washington Monument es el hito vertical seleccionado con mayor asociación a Washington D. C..,4154.5671168437,4.1545671168437,ourairports-2026-09-14;wikidata-q178114,2026-09-14
city-q3306--ourairports-4791--iconic--wikidata-q5853834,city-q3306,Panama City,Ciudad de Panamá,Panama City,PA,Panama,Panamá,North America,Central America,ourairports-4791,Marcos A. Gelabert International Airport,Marcos A. Gelabert International Airport,PAC,MPMG,8.97334,-79.555603,medium_airport,false,year_round,wikidata-q5853834,F&F Tower,F&F Tower,8.98297,-79.5185,50,structural_tip,vertical_landmark,2011,iconic,false,high,F&F Tower is the selected vertical landmark most strongly associated with Panama City.,F&F Tower es el hito vertical seleccionado con mayor asociación a Ciudad de Panamá.,4216.745296656298,4.216745296656298,ourairports-2026-09-14;wikidata-q5853834,2026-09-14
city-q48278--ourairports-6132--iconic--wikidata-q3057904,city-q48278,Medellín,Medellín,Medellín,CO,Colombia,Colombia,South America,South America,ourairports-6132,Enrique Olaya Herrera Airport,Enrique Olaya Herrera Airport,EOH,SKMD,6.219686,-75.590597,medium_airport,false,year_round,wikidata-q3057904,Coltejer Building,Coltejer Building,6.250136,-75.566067,175,structural_tip,vertical_landmark,1972,iconic,false,high,Coltejer Building is the selected vertical landmark most strongly associated with Medellín.,Coltejer Building es el hito vertical seleccionado con mayor asociación a Medellín.,4325.327669526337,4.325327669526336,ourairports-2026-09-14;wikidata-q3057904,2026-09-14
city-q1963--ourairports-3249--iconic--wikidata-q553923,city-q1963,Khartoum,Jartum,Khartoum,SD,Sudan,Sudán,Africa,Northern Africa,ourairports-3249,Khartoum International Airport,Khartoum International Airport,KRT,HSSK,15.5895,32.5532,large_airport,true,year_round,wikidata-q553923,Corinthia Hotel Khartoum,Corinthia Hotel Khartoum,15.606667,32.513611,50,structural_tip,building_or_freestanding_tower,2008,iconic,false,high,Corinthia Hotel Khartoum is the selected vertical landmark most strongly associated with Khartoum.,Corinthia Hotel Khartoum es el hito vertical seleccionado con mayor asociación a Jartum.,4651.3342393913845,4.651334239391384,ourairports-2026-09-14;wikidata-q553923,2026-09-14
city-q23661--ourairports-5063--iconic--wikidata-q10323215,city-q23661,Wellington,Wellington,Wellington,NZ,New Zealand,Nueva Zelanda,Oceania,Australia and New Zealand,ourairports-5063,Wellington International Airport,Wellington International Airport,WLG,NZWN,-41.326839,174.806862,large_airport,true,year_round,wikidata-q10323215,Majestic Centre,Majestic Centre,-41.2884,174.774,50,structural_tip,building_or_freestanding_tower,1991,iconic,false,high,Majestic Centre is the selected vertical landmark most strongly associated with Wellington.,Majestic Centre es el hito vertical seleccionado con mayor asociación a Wellington.,5079.1609411672825,5.079160941167283,ourairports-2026-09-14;wikidata-q10323215,2026-09-14
city-q3889--ourairports-2975--iconic--wikidata-q10270271,city-q3889,Maputo,Maputo,Maputo,MZ,Mozambique,Mozambique,Africa,Eastern Africa,ourairports-2975,Maputo Airport,Maputo Airport,MPM,FQMA,-25.920799,32.572601,large_airport,true,year_round,wikidata-q10270271,Maputo City Hall,Maputo City Hall,-25.968167,32.573801,50,structural_tip,vertical_landmark,1947,iconic,false,high,Maputo City Hall is the selected vertical landmark most strongly associated with Maputo.,Maputo City Hall es el hito vertical seleccionado con mayor asociación a Maputo.,5249.141731499759,5.249141731499759,ourairports-2026-09-14;wikidata-q10270271,2026-09-14
city-q1486--ourairports-5771--iconic--wikidata-q831389,city-q1486,Buenos Aires,Buenos Aires,Buenos Aires,AR,Argentina,Argentina,South America,South America,ourairports-5771,Aeroparque Jorge Newbery,Aeroparque Jorge Newbery,AEP,SABE,-34.559419,-58.415536,large_airport,false,year_round,wikidata-q831389,Obelisco de Buenos Aires,Obelisco de Buenos Aires,-34.60376,-58.38162,67.5,structural_tip,vertical_landmark,1936,iconic,false,high,Obelisco de Buenos Aires is the selected vertical landmark most strongly associated with Buenos Aires.,Obelisco de Buenos Aires es el hito vertical seleccionado con mayor asociación a Buenos Aires.,5820.540794247065,5.820540794247065,ourairports-2026-09-14;wikidata-q831389,2026-09-14
city-q34370--ourairports-2524--iconic--wikidata-q969215,city-q34370,Rotterdam,Róterdam,Rotterdam,NL,Netherlands,Países Bajos,Europe,Western Europe,ourairports-2524,Rotterdam The Hague Airport,Rotterdam The Hague Airport,RTM,EHRD,51.956902,4.43722,large_airport,true,year_round,wikidata-q969215,Euromast,Euromast,51.905388888888886,4.466583333333333,184.5,structural_tip,building_or_freestanding_tower,1960,iconic,false,high,Euromast is the selected vertical landmark most strongly associated with Rotterdam.,Euromast es el hito vertical seleccionado con mayor asociación a Róterdam.,6077.100159763375,6.077100159763375,ourairports-2026-09-14;wikidata-q969215,2026-09-14
city-q18094--ourairports-5453--iconic--wikidata-q448450,city-q18094,Honolulu,Honolulú,Honolulu,US,United States,Estados Unidos,Oceania,Polynesia,ourairports-5453,Daniel K. Inouye International Airport,Daniel K. Inouye International Airport,HNL,PHNL,21.318387,-157.92567,large_airport,true,year_round,wikidata-q448450,Aloha Tower,Aloha Tower,21.307083,-157.865972,56,structural_tip,vertical_landmark,1926,iconic,false,high,Aloha Tower is the selected vertical landmark most strongly associated with Honolulu.,Aloha Tower es el hito vertical seleccionado con mayor asociación a Honolulú.,6318.994417342371,6.318994417342371,ourairports-2026-09-14;wikidata-q448450,2026-09-14
city-q3572--ourairports-2133--iconic--wikidata-q29059648,city-q3572,Tunis,Túnez,Tunis,TN,Tunisia,Túnez,Africa,Northern Africa,ourairports-2133,Tunis Carthage International Airport,Tunis Carthage International Airport,TUN,DTTA,36.851002,10.2272,large_airport,true,year_round,wikidata-q29059648,Nation Tower,Nation Tower,36.80347,10.186468,82.54,structural_tip,building_or_freestanding_tower,1900,iconic,false,low,Nation Tower is the selected vertical landmark most strongly associated with Tunis.,Nation Tower es el hito vertical seleccionado con mayor asociación a Túnez.,6405.346257412423,6.405346257412424,ourairports-2026-09-14;wikidata-q29059648,2026-09-14
city-q5112--ourairports-27096--iconic--wikidata-q5112,city-q5112,Adelaide,Adelaida,Adelaide,AU,Australia,Australia,Oceania,Australia and New Zealand,ourairports-27096,Adelaide International Airport,Adelaide International Airport,ADL,YPAD,-34.947512,138.533393,large_airport,true,year_round,wikidata-q5112,Adelaide,Adelaide,-34.9275,138.6,50,structural_tip,building_or_freestanding_tower,1836,iconic,false,high,Adelaide is the selected vertical landmark most strongly associated with Adelaide.,Adelaide es el hito vertical seleccionado con mayor asociación a Adelaida.,6477.404466652843,6.477404466652843,ourairports-2026-09-14;wikidata-q5112,2026-09-14
city-q100--ourairports-3422--iconic--wikidata-q17986468,city-q100,Boston,Boston,Boston,US,United States,Estados Unidos,North America,Northern America,ourairports-3422,Boston Logan International Airport,Boston Logan International Airport,BOS,KBOS,42.36197,-71.0079,large_airport,true,year_round,wikidata-q17986468,"Four Seasons Hotel & Private Residences, One Dalton Street","Four Seasons Hotel & Private Residences, One Dalton Street",42.34572,-71.083959,742,structural_tip,building_or_freestanding_tower,2019,iconic,false,low,"Four Seasons Hotel & Private Residences, One Dalton Street is the selected vertical landmark most strongly associated with Boston.","Four Seasons Hotel & Private Residences, One Dalton Street es el hito vertical seleccionado con mayor asociación a Boston.",6521.304767818313,6.521304767818313,ourairports-2026-09-14;wikidata-q17986468,2026-09-14
city-q3624--ourairports-3157--iconic--wikidata-q27857526,city-q3624,Addis Ababa,Adís Abeba,Addis Ababa,ET,Ethiopia,Etiopía,Africa,Eastern Africa,ourairports-3157,Addis Ababa Bole International Airport,Addis Ababa Bole International Airport,ADD,HAAB,8.97789,38.799301,large_airport,true,year_round,wikidata-q27857526,Commercial Bank of Ethiopia Headquarters,Commercial Bank of Ethiopia Headquarters,9.0165513,38.7543284,50,structural_tip,vertical_landmark,1900,iconic,false,high,Commercial Bank of Ethiopia Headquarters is the selected vertical landmark most strongly associated with Addis Ababa.,Commercial Bank of Ethiopia Headquarters es el hito vertical seleccionado con mayor asociación a Adís Abeba.,6537.467467436124,6.537467467436124,ourairports-2026-09-14;wikidata-q27857526,2026-09-14
city-q8678--ourairports-5967--iconic--wikidata-q79961,city-q8678,Rio de Janeiro,Río de Janeiro,Rio de Janeiro,BR,Brazil,Brasil,South America,South America,ourairports-5967,Santos Dumont Airport,Santos Dumont Airport,SDU,SBRJ,-22.910397,-43.16282,large_airport,false,year_round,wikidata-q79961,Christ the Redeemer,Christ the Redeemer,-22.951915648887244,-43.21046412278801,30.1,structural_tip,vertical_landmark,1931,iconic,false,high,Christ the Redeemer is the selected vertical landmark most strongly associated with Rio de Janeiro.,Christ the Redeemer es el hito vertical seleccionado con mayor asociación a Río de Janeiro.,6710.0037784025,6.7100037784025,ourairports-2026-09-14;wikidata-q79961,2026-09-14
city-q11194--ourairports-4469--iconic--wikidata-q790278,city-q11194,Sarajevo,Sarajevo,Sarajevo,BA,Bosnia & Herzegovina,Bosnia y Herzegovina,Europe,Southern Europe,ourairports-4469,Sarajevo International Airport,Sarajevo International Airport,SJJ,LQSA,43.8246,18.331499,large_airport,true,year_round,wikidata-q790278,Avaz Twist Tower,Avaz Twist Tower,43.860555555556,18.4025,172,structural_tip,vertical_landmark,2008,iconic,false,high,Avaz Twist Tower is the selected vertical landmark most strongly associated with Sarajevo.,Avaz Twist Tower es el hito vertical seleccionado con mayor asociación a Sarajevo.,6968.590995108347,6.968590995108347,ourairports-2026-09-14;wikidata-q790278,2026-09-14
city-q490--ourairports-4345--iconic--wikidata-q18068,city-q490,Milan,Milán,Milan,IT,Italy,Italia,Europe,Southern Europe,ourairports-4345,Milano Linate Airport,Milano Linate Airport,LIN,LIML,45.445099,9.27674,large_airport,false,year_round,wikidata-q18068,Milan Cathedral,Milan Cathedral,45.463968,9.190578,108.5,structural_tip,vertical_landmark,1386,iconic,false,high,Milan Cathedral is the selected vertical landmark most strongly associated with Milan.,Milan Cathedral es el hito vertical seleccionado con mayor asociación a Milán.,7058.40417596805,7.05840417596805,ourairports-2026-09-14;wikidata-q18068,2026-09-14
city-q1754--ourairports-2702--iconic--wikidata-q648483,city-q1754,Stockholm,Estocolmo,Stockholm,SE,Sweden,Suecia,Europe,Northern Europe,ourairports-2702,Stockholm-Bromma Airport,Stockholm-Bromma Airport,BMA,ESSB,59.354401,17.9417,medium_airport,false,year_round,wikidata-q648483,Stockholm City Hall,Stockholm City Hall,59.3275,18.054722,50,structural_tip,vertical_landmark,1923,iconic,false,high,Stockholm City Hall is the selected vertical landmark most strongly associated with Stockholm.,Stockholm City Hall es el hito vertical seleccionado con mayor asociación a Estocolmo.,7095.544715382746,7.095544715382746,ourairports-2026-09-14;wikidata-q648483,2026-09-14
city-q3551--ourairports-3109--iconic--wikidata-q579331,city-q3551,Rabat,Rabat,Rabat,MA,Morocco,Marruecos,Africa,Northern Africa,ourairports-3109,Rabat-Salé Airport,Rabat-Salé Airport,RBA,GMME,34.051498,-6.75152,large_airport,true,year_round,wikidata-q579331,Hassan Tower,Hassan Tower,34.0241,-6.82272,50,structural_tip,building_or_freestanding_tower,1196,iconic,false,high,Hassan Tower is the selected vertical landmark most strongly associated with Rabat.,Hassan Tower es el hito vertical seleccionado con mayor asociación a Rabat.,7243.273783665439,7.243273783665439,ourairports-2026-09-14;wikidata-q579331,2026-09-14
city-q1489--ourairports-4731--iconic--wikidata-q947870,city-q1489,Mexico City,Ciudad de México,Mexico City,MX,Mexico,México,North America,Central America,ourairports-4731,Mexico City Benito Juárez International Airport,Mexico City Benito Juárez International Airport,MEX,MMMX,19.435822,-99.07033,large_airport,true,year_round,wikidata-q947870,Torre Latinoamericana,Torre Latinoamericana,19.433888888889,-99.140555555556,182,structural_tip,vertical_landmark,1956,iconic,false,high,Torre Latinoamericana is the selected vertical landmark most strongly associated with Mexico City.,Torre Latinoamericana es el hito vertical seleccionado con mayor asociación a Ciudad de México.,7377.8740582784085,7.377874058278408,ourairports-2026-09-14;wikidata-q947870,2026-09-14
city-q1055--ourairports-2214--iconic--wikidata-q648375,city-q1055,Hamburg,Hamburgo,Hamburg,DE,Germany,Alemania,Europe,Western Europe,ourairports-2214,Hamburg Helmut Schmidt Airport,Hamburg Helmut Schmidt Airport,HAM,EDDH,53.630402,9.98823,large_airport,true,year_round,wikidata-q648375,Heinrich Hertz Tower,Heinrich Hertz Tower,53.563056,9.975833,279.2,structural_tip,building_or_freestanding_tower,1900,iconic,false,low,Heinrich Hertz Tower is the selected vertical landmark most strongly associated with Hamburg.,Heinrich Hertz Tower es el hito vertical seleccionado con mayor asociación a Hamburgo.,7540.244857947705,7.540244857947705,ourairports-2026-09-14;wikidata-q648375,2026-09-14
city-q1854--ourairports-26708--iconic--wikidata-q638512,city-q1854,Ho Chi Minh City,Ciudad Ho Chi Minh,Ho Chi Minh City,VN,Vietnam,Vietnam,Asia,South-eastern Asia,ourairports-26708,Tan Son Nhat International Airport,Tan Son Nhat International Airport,SGN,VVTS,10.8188,106.652,large_airport,true,year_round,wikidata-q638512,Bitexco Financial Tower,Bitexco Financial Tower,10.771666666667,106.70444444444,265.5,structural_tip,vertical_landmark,2010,iconic,false,high,Bitexco Financial Tower is the selected vertical landmark most strongly associated with Ho Chi Minh City.,Bitexco Financial Tower es el hito vertical seleccionado con mayor asociación a Ciudad Ho Chi Minh.,7750.912434785778,7.750912434785778,ourairports-2026-09-14;wikidata-q638512,2026-09-14
city-q270--ourairports-2637--iconic--wikidata-q167566,city-q270,Warsaw,Varsovia,Warsaw,PL,Poland,Polonia,Europe,Eastern Europe,ourairports-2637,Warsaw Chopin Airport,Warsaw Chopin Airport,WAW,EPWA,52.165699,20.9671,large_airport,true,year_round,wikidata-q167566,Palace of Culture and Science,Palace of Culture and Science,52.231666666667,21.006388888889,230,structural_tip,vertical_landmark,1955,iconic,false,high,Palace of Culture and Science is the selected vertical landmark most strongly associated with Warsaw.,Palace of Culture and Science es el hito vertical seleccionado con mayor asociación a Varsovia.,7816.410181312452,7.816410181312452,ourairports-2026-09-14;wikidata-q167566,2026-09-14
city-q1070--ourairports-26431--iconic--wikidata-q1070,city-q1070,Ahmedabad,Ahmedabad,Ahmedabad,IN,India,India,Asia,Southern Asia,ourairports-26431,Sardar Vallabh Patel International Airport,Sardar Vallabh Patel International Airport,AMD,VAAH,23.0772,72.634697,large_airport,true,year_round,wikidata-q1070,Ahmedabad,Ahmedabad,23.021944444444443,72.57972222222222,50,structural_tip,building_or_freestanding_tower,1411,iconic,false,high,Ahmedabad is the selected vertical landmark most strongly associated with Ahmedabad.,Ahmedabad es el hito vertical seleccionado con mayor asociación a Ahmedabad.,8317.953331953388,8.317953331953387,ourairports-2026-09-14;wikidata-q1070,2026-09-14
city-q1899--ourairports-6478--iconic--wikidata-q142917,city-q1899,Kyiv,Kiev,Kyiv,UA,Ukraine,Ucrania,Europe,Eastern Europe,ourairports-6478,Igor Sikorsky Kyiv International Airport (Zhuliany),Igor Sikorsky Kyiv International Airport (Zhuliany),IEV,UKKK,50.40194,30.45194,medium_airport,false,year_round,wikidata-q142917,Mother Ukraine Monument,Mother Ukraine Monument,50.4265,30.56311111,62,structural_tip,vertical_landmark,1900,iconic,false,high,Mother Ukraine Monument is the selected vertical landmark most strongly associated with Kyiv.,Mother Ukraine Monument es el hito vertical seleccionado con mayor asociación a Kiev.,8360.755799566408,8.360755799566409,ourairports-2026-09-14;wikidata-q142917,2026-09-14
city-q19660--ourairports-4474--iconic--wikidata-q164150,city-q19660,Bucharest,Bucarest,Bucharest,RO,Romania,Rumanía,Europe,Eastern Europe,ourairports-4474,Bucharest Băneasa Aurel Vlaicu International Airport,Bucharest Băneasa Aurel Vlaicu International Airport,BBU,LRBS,44.503133,26.102944,large_airport,false,year_round,wikidata-q164150,Palace of the Parliament,Palace of the Parliament,44.4275,26.0875,84,structural_tip,vertical_landmark,1994,iconic,false,high,Palace of the Parliament is the selected vertical landmark most strongly associated with Bucharest.,Palace of the Parliament es el hito vertical seleccionado con mayor asociación a Bucarest.,8493.82135421455,8.49382135421455,ourairports-2026-09-14;wikidata-q164150,2026-09-14
city-q16557--ourairports-3479--iconic--wikidata-q1248619,city-q16557,Dallas,Dallas,Dallas,US,United States,Estados Unidos,North America,Northern America,ourairports-3479,Dallas Love Field,Dallas Love Field,DAL,KDAL,32.844776,-96.847653,large_airport,false,year_round,wikidata-q1248619,Reunion Tower,Reunion Tower,32.7753,-96.80886,171,structural_tip,vertical_landmark,1978,iconic,false,high,Reunion Tower is the selected vertical landmark most strongly associated with Dallas.,Reunion Tower es el hito vertical seleccionado con mayor asociación a Dallas.,8518.551898032483,8.518551898032483,ourairports-2026-09-14;wikidata-q1248619,2026-09-14
city-q42800--ourairports-5869--iconic--wikidata-q42800,city-q42800,Belo Horizonte,Belo Horizonte,Belo Horizonte,BR,Brazil,Brasil,South America,South America,ourairports-5869,Pampulha - Carlos Drummond de Andrade Airport,Pampulha - Carlos Drummond de Andrade Airport,PLU,SBBH,-19.85074,-43.950316,medium_airport,false,year_round,wikidata-q42800,Belo Horizonte,Belo Horizonte,-19.928055555555556,-43.941944444444445,50,structural_tip,building_or_freestanding_tower,1701,iconic,false,high,Belo Horizonte is the selected vertical landmark most strongly associated with Belo Horizonte.,Belo Horizonte es el hito vertical seleccionado con mayor asociación a Belo Horizonte.,8603.836730128038,8.603836730128037,ourairports-2026-09-14;wikidata-q42800,2026-09-14
city-q1748--ourairports-2542--iconic--wikidata-q1140534,city-q1748,Copenhagen,Copenhague,Copenhagen,DK,Denmark,Dinamarca,Europe,Northern Europe,ourairports-2542,Copenhagen Kastrup Airport,Copenhagen Kastrup Airport,CPH,EKCH,55.617900848389,12.656000137329,large_airport,true,year_round,wikidata-q1140534,Rundetaarn,Rundetaarn,55.68137,12.57579,41.55,structural_tip,building_or_freestanding_tower,1642,iconic,false,high,Rundetaarn is the selected vertical landmark most strongly associated with Copenhagen.,Rundetaarn es el hito vertical seleccionado con mayor asociación a Copenhague.,8685.223657813054,8.685223657813054,ourairports-2026-09-14;wikidata-q1140534,2026-09-14
city-q1761--ourairports-2533--iconic--wikidata-q1134365,city-q1761,Dublin,Dublín,Dublin,IE,Ireland,Irlanda,Europe,Northern Europe,ourairports-2533,Dublin Airport,Dublin Airport,DUB,EIDW,53.428713,-6.262121,large_airport,true,year_round,wikidata-q1134365,Spire of Dublin,Spire of Dublin,53.34972,-6.26028,121.2,structural_tip,vertical_landmark,2003,iconic,false,high,Spire of Dublin is the selected vertical landmark most strongly associated with Dublin.,Spire of Dublin es el hito vertical seleccionado con mayor asociación a Dublín.,8792.267294803374,8.792267294803374,ourairports-2026-09-14;wikidata-q1134365,2026-09-14
city-q3130--ourairports-27145--iconic--wikidata-q827268,city-q3130,Sydney,Sídney,Sydney,AU,Australia,Australia,Oceania,Australia and New Zealand,ourairports-27145,Sydney Kingsford Smith International Airport,Sydney Kingsford Smith International Airport,SYD,YSSY,-33.946098,151.177002,large_airport,true,year_round,wikidata-q827268,Sydney Tower,Sydney Tower,-33.870278,151.208889,306,structural_tip,vertical_landmark,1981,iconic,false,high,Sydney Tower is the selected vertical landmark most strongly associated with Sydney.,Sydney Tower es el hito vertical seleccionado con mayor asociación a Sídney.,8912.075619518746,8.912075619518745,ourairports-2026-09-14;wikidata-q827268,2026-09-14
city-q1354--ourairports-26534--iconic--wikidata-q497536,city-q1354,Dhaka,Daca,Dhaka,BD,Bangladesh,Bangladés,Asia,Southern Asia,ourairports-26534,Hazrat Shahjalal International Airport,Hazrat Shahjalal International Airport,DAC,VGHS,23.843347,90.397783,large_airport,true,year_round,wikidata-q497536,Jatiya Sangsad Bhaban,Jatiya Sangsad Bhaban,23.762222222,90.378611111,155,structural_tip,building_or_freestanding_tower,1982,iconic,false,low,Jatiya Sangsad Bhaban is the selected vertical landmark most strongly associated with Dhaka.,Jatiya Sangsad Bhaban es el hito vertical seleccionado con mayor asociación a Daca.,9194.966318285438,9.194966318285438,ourairports-2026-09-14;wikidata-q497536,2026-09-14
city-q2844--ourairports-5872--iconic--wikidata-q201720,city-q2844,Brasília,Brasilia,Brasília,BR,Brazil,Brasil,South America,South America,ourairports-5872,Presidente Juscelino Kubitschek International Airport,Presidente Juscelino Kubitschek International Airport,BSB,SBBR,-15.869167,-47.920834,large_airport,true,year_round,wikidata-q201720,Cathedral of Brasília,Cathedral of Brasília,-15.798333333333,-47.875555555556,50,structural_tip,vertical_landmark,1970,iconic,false,high,Cathedral of Brasília is the selected vertical landmark most strongly associated with Brasília.,Cathedral of Brasília es el hito vertical seleccionado con mayor asociación a Brasilia.,9217.579860078447,9.217579860078448,ourairports-2026-09-14;wikidata-q201720,2026-09-14
city-q174--ourairports-5974--iconic--wikidata-q169420,city-q174,São Paulo,São Paulo,São Paulo,BR,Brazil,Brasil,South America,South America,ourairports-5974,Congonhas–Deputado Freitas Nobre Airport,Congonhas–Deputado Freitas Nobre Airport,CGH,SBSP,-23.627657,-46.654601,large_airport,false,year_round,wikidata-q169420,Edifício Altino Arantes,Edifício Altino Arantes,-23.54567499999998,-46.63409999999999,161.22,structural_tip,vertical_landmark,1947,iconic,false,high,Edifício Altino Arantes is the selected vertical landmark most strongly associated with São Paulo.,Edifício Altino Arantes es el hito vertical seleccionado con mayor asociación a São Paulo.,9317.720220011595,9.317720220011596,ourairports-2026-09-14;wikidata-q169420,2026-09-14
city-q48344--ourairports-5965--iconic--wikidata-q15975929,city-q48344,Recife,Recife,Recife,BR,Brazil,Brasil,South America,South America,ourairports-5965,Recife/Guararapes - Gilberto Freyre International Airport,Recife/Guararapes - Gilberto Freyre International Airport,REC,SBRF,-8.12747,-34.922961,large_airport,true,year_round,wikidata-q15975929,Malakoff tower,Malakoff tower,-8.0538888888889,-34.880833333333,50,structural_tip,building_or_freestanding_tower,1900,iconic,false,high,Malakoff tower is the selected vertical landmark most strongly associated with Recife.,Malakoff tower es el hito vertical seleccionado con mayor asociación a Recife.,9369.290139816634,9.369290139816634,ourairports-2026-09-14;wikidata-q15975929,2026-09-14
city-q1353--ourairports-26555--iconic--wikidata-q187635,city-q1353,Delhi,Delhi,Delhi,IN,India,India,Asia,Southern Asia,ourairports-26555,Indira Gandhi International Airport,Indira Gandhi International Airport,DEL,VIDP,28.55563,77.09519,large_airport,true,year_round,wikidata-q187635,Qutb Minar,Qutb Minar,28.524355,77.185248,72.5,structural_tip,building_or_freestanding_tower,1900,iconic,false,high,Qutb Minar is the selected vertical landmark most strongly associated with Delhi.,Qutb Minar es el hito vertical seleccionado con mayor asociación a Delhi.,9470.792257784238,9.470792257784238,ourairports-2026-09-14;wikidata-q187635,2026-09-14
city-q2868--ourairports-6217--iconic--wikidata-q2446793,city-q2868,Lima,Lima,Lima,PE,Peru,Perú,South America,South America,ourairports-6217,Jorge Chávez International Airport,Jorge Chávez International Airport,LIM,SPJC,-12.0219,-77.114305,large_airport,true,year_round,wikidata-q2446793,Cathedral of Lima,Cathedral of Lima,-12.046472222222222,-77.03003611111112,50,structural_tip,vertical_landmark,1535,iconic,false,high,Cathedral of Lima is the selected vertical landmark most strongly associated with Lima.,Cathedral of Lima es el hito vertical seleccionado con mayor asociación a Lima.,9570.101780981498,9.5701017809815,ourairports-2026-09-14;wikidata-q2446793,2026-09-14
city-q79990--ourairports-5026--iconic--wikidata-q1077977,city-q79990,Christchurch,Christchurch,Christchurch,NZ,New Zealand,Nueva Zelanda,Oceania,Australia and New Zealand,ourairports-5026,Christchurch International Airport,Christchurch International Airport,CHC,NZCH,-43.489029,172.532065,large_airport,true,year_round,wikidata-q1077977,Christ Church Cathedral,Christ Church Cathedral,-43.531,172.637,50,structural_tip,vertical_landmark,1864,iconic,false,high,Christ Church Cathedral is the selected vertical landmark most strongly associated with Christchurch.,Christ Church Cathedral es el hito vertical seleccionado con mayor asociación a Christchurch.,9682.265209737121,9.682265209737121,ourairports-2026-09-14;wikidata-q1077977,2026-09-14
city-q72--ourairports-4505--iconic--wikidata-q684948,city-q72,Zurich,Zúrich,Zurich,CH,Switzerland,Suiza,Europe,Western Europe,ourairports-4505,Zürich Airport,Zürich Airport,ZRH,LSZH,47.458056,8.548056,large_airport,true,year_round,wikidata-q684948,Grossmünster,Grossmünster,47.37,8.5441666666667,50,structural_tip,vertical_landmark,1201,iconic,false,high,Grossmünster is the selected vertical landmark most strongly associated with Zurich.,Grossmünster es el hito vertical seleccionado con mayor asociación a Zúrich.,9794.369371824581,9.794369371824581,ourairports-2026-09-14;wikidata-q684948,2026-09-14
city-q3919--ourairports-2864--iconic--wikidata-q7797448,city-q3919,Gaborone,Gaborone,Gaborone,BW,Botswana,Botsuana,Africa,Southern Africa,ourairports-2864,Sir Seretse Khama International Airport,Sir Seretse Khama International Airport,GBE,FBSK,-24.555201,25.9182,large_airport,true,year_round,wikidata-q7797448,Three Dikgosi Monument,Three Dikgosi Monument,-24.644916666666667,25.907333333333334,5.4,structural_tip,building_or_freestanding_tower,2005,iconic,false,high,Three Dikgosi Monument is the selected vertical landmark most strongly associated with Gaborone.,Three Dikgosi Monument es el hito vertical seleccionado con mayor asociación a Gaborone.,9998.283891013827,9.998283891013827,ourairports-2026-09-14;wikidata-q7797448,2026-09-14
city-q60--ourairports-3643--iconic--wikidata-q9188,city-q60,New York City,Nueva York,New York City,US,United States,Estados Unidos,North America,Northern America,ourairports-3643,LaGuardia Airport,LaGuardia Airport,LGA,KLGA,40.777199,-73.872597,large_airport,false,year_round,wikidata-q9188,Empire State Building,Empire State Building,40.748333333333335,-73.98555555555555,453,structural_tip,vertical_landmark,1931,iconic,false,high,Empire State Building is the selected vertical landmark most strongly associated with New York City.,Empire State Building es el hito vertical seleccionado con mayor asociación a Nueva York.,10062.037595800557,10.062037595800557,ourairports-2026-09-14;wikidata-q9188,2026-09-14
city-q8652--ourairports-3685--iconic--wikidata-q19817557,city-q8652,Miami,Miami,Miami,US,United States,Estados Unidos,North America,Northern America,ourairports-3685,Miami International Airport,Miami International Airport,MIA,KMIA,25.796011,-80.289751,large_airport,true,year_round,wikidata-q19817557,One Thousand Museum,One Thousand Museum,25.7842,-80.1901,700,structural_tip,building_or_freestanding_tower,1900,iconic,false,low,One Thousand Museum is the selected vertical landmark most strongly associated with Miami.,One Thousand Museum es el hito vertical seleccionado con mayor asociación a Miami.,10079.781809499158,10.079781809499158,ourairports-2026-09-14;wikidata-q19817557,2026-09-14
city-q239--ourairports-2155--iconic--wikidata-q180901,city-q239,Brussels,Bruselas,Brussels,BE,Belgium,Bélgica,Europe,Western Europe,ourairports-2155,Brussels Airport,Brussels Airport,BRU,EBBR,50.901402,4.48444,large_airport,true,year_round,wikidata-q180901,Atomium,Atomium,50.895,4.3413888888889,102,structural_tip,vertical_landmark,1958,iconic,false,high,Atomium is the selected vertical landmark most strongly associated with Brussels.,Atomium es el hito vertical seleccionado con mayor asociación a Bruselas.,10088.981203010713,10.088981203010713,ourairports-2026-09-14;wikidata-q180901,2026-09-14
city-q1960--ourairports-3251--iconic--wikidata-q96912060,city-q1960,Dar es Salaam,Dar es-Salam,Dar es Salaam,TZ,Tanzania,Tanzania,Africa,Eastern Africa,ourairports-3251,Julius Nyerere International Airport,Julius Nyerere International Airport,DAR,HTDA,-6.873499,39.207288,large_airport,true,year_round,wikidata-q96912060,PSPF Towers – Tower B,PSPF Towers – Tower B,-6.816111111111111,39.280277777777776,153,structural_tip,building_or_freestanding_tower,2014,iconic,false,high,PSPF Towers – Tower B is the selected vertical landmark most strongly associated with Dar es Salaam.,PSPF Towers – Tower B es el hito vertical seleccionado con mayor asociación a Dar es-Salam.,10264.770909845454,10.264770909845454,ourairports-2026-09-14;wikidata-q96912060,2026-09-14
city-q3183--ourairports-27119--iconic--wikidata-q3183,city-q3183,Perth,Perth,Perth,AU,Australia,Australia,Oceania,Australia and New Zealand,ourairports-27119,Perth International Airport,Perth International Airport,PER,YPPH,-31.94029998779297,115.96700286865234,large_airport,true,year_round,wikidata-q3183,Perth,Perth,-31.955833333333334,115.85972222222222,50,structural_tip,building_or_freestanding_tower,1829,iconic,false,high,Perth is the selected vertical landmark most strongly associated with Perth.,Perth es el hito vertical seleccionado con mayor asociación a Perth.,10288.20205101507,10.288202051015071,ourairports-2026-09-14;wikidata-q3183,2026-09-14
city-q1435--ourairports-3993--iconic--wikidata-q312220,city-q1435,Zagreb,Zagreb,Zagreb,HR,Croatia,Croacia,Europe,Southern Europe,ourairports-3993,Zagreb Franjo Tuđman International Airport,Zagreb Franjo Tuđman International Airport,ZAG,LDZA,45.742901,16.0688,large_airport,true,year_round,wikidata-q312220,Zagreb Cathedral,Zagreb Cathedral,45.814444444,15.979722222,108,structural_tip,building_or_freestanding_tower,1900,iconic,false,high,Zagreb Cathedral is the selected vertical landmark most strongly associated with Zagreb.,Zagreb Cathedral es el hito vertical seleccionado con mayor asociación a Zagreb.,10546.32644413497,10.54632644413497,ourairports-2026-09-14;wikidata-q312220,2026-09-14
city-q3630--ourairports-26832--iconic--wikidata-q30686870,city-q3630,Jakarta,Yakarta,Jakarta,ID,Indonesia,Indonesia,Asia,South-eastern Asia,ourairports-26832,Halim Perdanakusuma International Airport,Halim Perdanakusuma International Airport,HLP,WIHH,-6.266989,106.890318,large_airport,false,year_round,wikidata-q30686870,Thamrin Nine,Thamrin Nine,-6.19914,106.82263,382.9,structural_tip,building_or_freestanding_tower,1900,iconic,false,low,Thamrin Nine is the selected vertical landmark most strongly associated with Jakarta.,Thamrin Nine es el hito vertical seleccionado con mayor asociación a Yakarta.,10602.35405531715,10.60235405531715,ourairports-2026-09-14;wikidata-q30686870,2026-09-14
city-q1352--ourairports-26618--iconic--wikidata-q2509435,city-q1352,Chennai,Chennai,Chennai,IN,India,India,Asia,Southern Asia,ourairports-26618,Chennai International Airport,Chennai International Airport,MAA,VOMM,12.990005,80.169296,large_airport,true,year_round,wikidata-q2509435,Valluvar Kottam,Valluvar Kottam,13.05444444,80.24166667,50,structural_tip,vertical_landmark,1976,iconic,false,high,Valluvar Kottam is the selected vertical landmark most strongly associated with Chennai.,Valluvar Kottam es el hito vertical seleccionado con mayor asociación a Chennai.,10604.308094121165,10.604308094121164,ourairports-2026-09-14;wikidata-q2509435,2026-09-14
city-q3838--ourairports-3040--iconic--wikidata-q63483561,city-q3838,Kinshasa,Kinsasa,Kinshasa,CD,Congo - Kinshasa,República Democrática del Congo,Africa,Middle Africa,ourairports-3040,Ndjili International Airport,Ndjili International Airport,FIH,FZAA,-4.38575,15.4446,large_airport,true,year_round,wikidata-q63483561,Tour de l'Échangeur de Limete,Tour de l'Échangeur de Limete,-4.374444444,15.345277777,210,structural_tip,building_or_freestanding_tower,1900,iconic,false,high,Tour de l'Échangeur de Limete is the selected vertical landmark most strongly associated with Kinshasa.,Tour de l'Échangeur de Limete es el hito vertical seleccionado con mayor asociación a Kinsasa.,11095.081256767116,11.095081256767116,ourairports-2026-09-14;wikidata-q63483561,2026-09-14
city-q1345--ourairports-3771--iconic--wikidata-q1138183,city-q1345,Philadelphia,Filadelfia,Philadelphia,US,United States,Estados Unidos,North America,Northern America,ourairports-3771,Philadelphia International Airport,Philadelphia International Airport,PHL,KPHL,39.871899,-75.241096,large_airport,true,year_round,wikidata-q1138183,Philadelphia City Hall,Philadelphia City Hall,39.952247,-75.163894,167,structural_tip,vertical_landmark,1901,iconic,false,high,Philadelphia City Hall is the selected vertical landmark most strongly associated with Philadelphia.,Philadelphia City Hall es el hito vertical seleccionado con mayor asociación a Filadelfia.,11097.866753349583,11.097866753349583,ourairports-2026-09-14;wikidata-q1138183,2026-09-14
city-q23436--ourairports-2462--iconic--wikidata-q2502213,city-q23436,Edinburgh,Edimburgo,Edinburgh,GB,United Kingdom,Reino Unido,Europe,Northern Europe,ourairports-2462,Edinburgh Airport,Edinburgh Airport,EDI,EGPH,55.950145,-3.372288,large_airport,true,year_round,wikidata-q2502213,Scott Monument,Scott Monument,55.952416666667,-3.1932777777778,50,structural_tip,building_or_freestanding_tower,1840,iconic,false,high,Scott Monument is the selected vertical landmark most strongly associated with Edinburgh.,Scott Monument es el hito vertical seleccionado con mayor asociación a Edimburgo.,11185.84697201266,11.18584697201266,ourairports-2026-09-14;wikidata-q2502213,2026-09-14
city-q2807--ourairports-4019--iconic--wikidata-q989733,city-q2807,Madrid,Madrid,Madrid,ES,Spain,España,Europe,Southern Europe,ourairports-4019,Adolfo Suárez Madrid–Barajas Airport,Adolfo Suárez Madrid–Barajas Airport,MAD,LEMD,40.493407,-3.572249,large_airport,true,year_round,wikidata-q989733,Torrespaña,Torrespaña,40.42051222222222,-3.664196111111111,231,structural_tip,vertical_landmark,1982,iconic,false,high,Torrespaña is the selected vertical landmark most strongly associated with Madrid.,Torrespaña es el hito vertical seleccionado con mayor asociación a Madrid.,11240.422516624736,11.240422516624736,ourairports-2026-09-14;wikidata-q989733,2026-09-14
city-q612--ourairports-5235--iconic--wikidata-q12495,city-q612,Dubai,Dubái,Dubai,AE,United Arab Emirates,Emiratos Árabes Unidos,Asia,Western Asia,ourairports-5235,Dubai International Airport,Dubai International Airport,DXB,OMDB,25.24979,55.370992,large_airport,true,year_round,wikidata-q12495,Burj Khalifa,Burj Khalifa,25.197222222222223,55.274166666666666,828,structural_tip,vertical_landmark,2010,iconic,false,high,Burj Khalifa is the selected vertical landmark most strongly associated with Dubai.,Burj Khalifa es el hito vertical seleccionado con mayor asociación a Dubái.,11362.433574868635,11.362433574868636,ourairports-2026-09-14;wikidata-q12495,2026-09-14
city-q24639--ourairports-1941--iconic--wikidata-q867340,city-q24639,Vancouver,Vancouver,Vancouver,CA,Canada,Canadá,North America,Northern America,ourairports-1941,Vancouver International Airport,Vancouver International Airport,YVR,CYVR,49.193901,-123.183998,large_airport,true,year_round,wikidata-q867340,Harbour Centre,Harbour Centre,49.28478,-123.11206,169,structural_tip,vertical_landmark,1977,iconic,false,high,Harbour Centre is the selected vertical landmark most strongly associated with Vancouver.,Harbour Centre es el hito vertical seleccionado con mayor asociación a Vancouver.,11383.980238523356,11.383980238523357,ourairports-2026-09-14;wikidata-q867340,2026-09-14
city-q4093--ourairports-2461--iconic--wikidata-q4093,city-q4093,Glasgow,Glasgow,Glasgow,GB,United Kingdom,Reino Unido,Europe,Northern Europe,ourairports-2461,Glasgow Airport,Glasgow Airport,GLA,EGPF,55.871899,-4.43306,large_airport,true,year_round,wikidata-q4093,Glasgow,Glasgow,55.861111111111114,-4.25,50,structural_tip,building_or_freestanding_tower,1900,iconic,false,high,Glasgow is the selected vertical landmark most strongly associated with Glasgow.,Glasgow es el hito vertical seleccionado con mayor asociación a Glasgow.,11523.723258609543,11.523723258609543,ourairports-2026-09-14;wikidata-q4093,2026-09-14
city-q2256--ourairports-2389--iconic--wikidata-q110162752,city-q2256,Birmingham,Birmingham,Birmingham,GB,United Kingdom,Reino Unido,Europe,Northern Europe,ourairports-2389,Birmingham Airport,Birmingham Airport,BHX,EGBB,52.453899,-1.74803,large_airport,true,year_round,wikidata-q110162752,The Bank Tower 2,The Bank Tower 2,52.4759234,-1.9138138,334.65,structural_tip,building_or_freestanding_tower,1900,iconic,false,low,The Bank Tower 2 is the selected vertical landmark most strongly associated with Birmingham.,The Bank Tower 2 es el hito vertical seleccionado con mayor asociación a Birmingham.,11530.832900143192,11.530832900143192,ourairports-2026-09-14;wikidata-q110162752,2026-09-14
city-q1461--ourairports-5689--iconic--wikidata-q7142127,city-q1461,Manila,Manila,Manila,PH,Philippines,Filipinas,Asia,South-eastern Asia,ourairports-5689,Ninoy Aquino International Airport,Ninoy Aquino International Airport,MNL,RPLL,14.5086,121.019997,large_airport,true,year_round,wikidata-q7142127,Pasig River Light,Pasig River Light,14.5965,120.960722,49,structural_tip,building_or_freestanding_tower,1900,iconic,false,low,Pasig River Light is the selected vertical landmark most strongly associated with Manila.,Pasig River Light es el hito vertical seleccionado con mayor asociación a Manila.,11635.987239506312,11.635987239506312,ourairports-2026-09-14;wikidata-q7142127,2026-09-14
city-q11739--ourairports-5257--iconic--wikidata-q996962,city-q11739,Lahore,Lahore,Lahore,PK,Pakistan,Pakistán,Asia,Southern Asia,ourairports-5257,Allama Iqbal International Airport,Allama Iqbal International Airport,LHE,OPLA,31.521601,74.403603,large_airport,true,year_round,wikidata-q996962,Minar-e-Pakistan,Minar-e-Pakistan,31.5925,74.30944,62,structural_tip,vertical_landmark,1968,iconic,false,high,Minar-e-Pakistan is the selected vertical landmark most strongly associated with Lahore.,Minar-e-Pakistan es el hito vertical seleccionado con mayor asociación a Lahore.,11904.918194970372,11.904918194970373,ourairports-2026-09-14;wikidata-q996962,2026-09-14
city-q1530--ourairports-5289--iconic--wikidata-q1407266,city-q1530,Baghdad,Bagdad,Baghdad,IQ,Iraq,Irak,Asia,Western Asia,ourairports-5289,Baghdad International Airport / New Al Muthana Air Base,Baghdad International Airport / New Al Muthana Air Base,BGW,ORBI,33.262501,44.2346,large_airport,true,year_round,wikidata-q1407266,Baghdad Tower,Baghdad Tower,33.30333333333333,44.35416666666667,205,structural_tip,vertical_landmark,1994,iconic,false,high,Baghdad Tower is the selected vertical landmark most strongly associated with Baghdad.,Baghdad Tower es el hito vertical seleccionado con mayor asociación a Bagdad.,12023.565093019015,12.023565093019014,ourairports-2026-09-14;wikidata-q1407266,2026-09-14
city-q597--ourairports-4461--iconic--wikidata-q215003,city-q597,Lisbon,Lisboa,Lisbon,PT,Portugal,Portugal,Europe,Southern Europe,ourairports-4461,Lisbon Humberto Delgado Airport,Lisbon Humberto Delgado Airport,LIS,LPPT,38.7813,-9.13592,large_airport,true,year_round,wikidata-q215003,Belém Tower,Belém Tower,38.691388888889,-9.2158333333333,35,structural_tip,vertical_landmark,1515,iconic,false,high,Belém Tower is the selected vertical landmark most strongly associated with Lisbon.,Belém Tower es el hito vertical seleccionado con mayor asociación a Lisboa.,12161.397513198994,12.161397513198994,ourairports-2026-09-14;wikidata-q215003,2026-09-14
city-q3870--ourairports-3206--iconic--wikidata-q3272625,city-q3870,Nairobi,Nairobi,Nairobi,KE,Kenya,Kenia,Africa,Eastern Africa,ourairports-3206,Jomo Kenyatta International Airport,Jomo Kenyatta International Airport,NBO,HKJK,-1.318886,36.928233,large_airport,true,year_round,wikidata-q3272625,Kenyatta International Convention Centre,Kenyatta International Convention Centre,-1.2886111111111,36.823055555556,105,structural_tip,vertical_landmark,1974,iconic,false,high,Kenyatta International Convention Centre is the selected vertical landmark most strongly associated with Nairobi.,Kenyatta International Convention Centre es el hito vertical seleccionado con mayor asociación a Nairobi.,12174.583598745421,12.174583598745421,ourairports-2026-09-14;wikidata-q3272625,2026-09-14
city-q1515--ourairports-2096--iconic--wikidata-q3533159,city-q1515,Abidjan,Abiyán,Abidjan,CI,Côte d’Ivoire,Côte d’Ivoire,Africa,Western Africa,ourairports-2096,Félix-Houphouët-Boigny International Airport,Félix-Houphouët-Boigny International Airport,ABJ,DIAP,5.26139,-3.92629,large_airport,true,year_round,wikidata-q3533159,Tour Postel 2001,Tour Postel 2001,5.32569,-4.01722,105,structural_tip,building_or_freestanding_tower,1984,iconic,false,low,Tour Postel 2001 is the selected vertical landmark most strongly associated with Abidjan.,Tour Postel 2001 es el hito vertical seleccionado con mayor asociación a Abiyán.,12335.069610423821,12.33506961042382,ourairports-2026-09-14;wikidata-q3533159,2026-09-14
city-q84--ourairports-2430--iconic--wikidata-q41225,city-q84,London,Londres,London,GB,United Kingdom,Reino Unido,Europe,Northern Europe,ourairports-2430,London City Airport,London City Airport,LCY,EGLC,51.505299,0.055278,medium_airport,false,year_round,wikidata-q41225,Big Ben,Big Ben,51.50067,-0.12457,96,structural_tip,vertical_landmark,1843,iconic,false,high,Big Ben is the selected vertical landmark most strongly associated with London.,Big Ben es el hito vertical seleccionado con mayor asociación a Londres.,12498.534439744402,12.498534439744402,ourairports-2026-09-14;wikidata-q41225,2026-09-14
city-q1794--ourairports-2212--iconic--wikidata-q321291,city-q1794,Frankfurt,Fráncfort,Frankfurt,DE,Germany,Alemania,Europe,Western Europe,ourairports-2212,Frankfurt Main Airport,Frankfurt Main Airport,FRA,EDDF,50.026706,8.55835,large_airport,true,year_round,wikidata-q321291,Main Tower,Main Tower,50.1125,8.6722222222222,200,structural_tip,vertical_landmark,2000,iconic,false,high,Main Tower is the selected vertical landmark most strongly associated with Frankfurt.,Main Tower es el hito vertical seleccionado con mayor asociación a Fráncfort.,12551.011640008528,12.551011640008529,ourairports-2026-09-14;wikidata-q321291,2026-09-14
city-q3921--ourairports-3005--iconic--wikidata-q56064359,city-q3921,Harare,Harare,Harare,ZW,Zimbabwe,Zimbabue,Africa,Eastern Africa,ourairports-3005,Robert Gabriel Mugabe International Airport,Robert Gabriel Mugabe International Airport,HRE,FVRG,-17.931801,31.0928,large_airport,true,year_round,wikidata-q56064359,New Reserve Bank Tower,New Reserve Bank Tower,-17.826083025,31.049463454,120,structural_tip,building_or_freestanding_tower,1900,iconic,false,low,New Reserve Bank Tower is the selected vertical landmark most strongly associated with Harare.,New Reserve Bank Tower es el hito vertical seleccionado con mayor asociación a Harare.,12569.82449426402,12.569824494264019,ourairports-2026-09-14;wikidata-q56064359,2026-09-14
city-q8660--ourairports-5255--iconic--wikidata-q2571455,city-q8660,Karachi,Karachi,Karachi,PK,Pakistan,Pakistán,Asia,Southern Asia,ourairports-5255,Jinnah International Airport,Jinnah International Airport,KHI,OPKC,24.9065,67.160797,large_airport,true,year_round,wikidata-q2571455,Mazar-e-Quaid,Mazar-e-Quaid,24.875277777778,67.040833333333,50,structural_tip,vertical_landmark,1970,iconic,false,high,Mazar-e-Quaid is the selected vertical landmark most strongly associated with Karachi.,Mazar-e-Quaid es el hito vertical seleccionado con mayor asociación a Karachi.,12604.777203552569,12.604777203552569,ourairports-2026-09-14;wikidata-q2571455,2026-09-14
city-q2841--ourairports-6104--iconic--wikidata-q19207166,city-q2841,Bogotá,Bogotá,Bogotá,CO,Colombia,Colombia,South America,South America,ourairports-6104,El Dorado International Airport,El Dorado International Airport,BOG,SKBO,4.70159,-74.1469,large_airport,true,year_round,wikidata-q19207166,Torres Atrio,Torres Atrio,4.615565,-74.072263,268,structural_tip,building_or_freestanding_tower,1900,iconic,false,low,Torres Atrio is the selected vertical landmark most strongly associated with Bogotá.,Torres Atrio es el hito vertical seleccionado con mayor asociación a Bogotá.,12612.403834589266,12.612403834589266,ourairports-2026-09-14;wikidata-q19207166,2026-09-14
city-q1490--ourairports-5627--iconic--wikidata-q183536,city-q1490,Tokyo,Tokio,Tokyo,JP,Japan,Japón,Asia,Eastern Asia,ourairports-5627,Tokyo Haneda International Airport,Tokyo Haneda International Airport,HND,RJTT,35.549678,139.786958,large_airport,true,year_round,wikidata-q183536,Tokyo Tower,Tokyo Tower,35.658611111111114,139.74555555555557,332.6,structural_tip,vertical_landmark,1958,iconic,false,high,Tokyo Tower is the selected vertical landmark most strongly associated with Tokyo.,Tokyo Tower es el hito vertical seleccionado con mayor asociación a Tokio.,12655.162928253787,12.655162928253787,ourairports-2026-09-14;wikidata-q183536,2026-09-14
city-q36433--ourairports-4459--iconic--wikidata-q18642,city-q36433,Porto,Oporto,Porto,PT,Portugal,Portugal,Europe,Southern Europe,ourairports-4459,Francisco de Sá Carneiro Airport,Francisco de Sá Carneiro Airport,OPO,LPPR,41.2481002808,-8.68138980865,large_airport,true,year_round,wikidata-q18642,Clérigos Church,Clérigos Church,41.145871,-8.61401,50,structural_tip,vertical_landmark,1779,iconic,false,high,Clérigos Church is the selected vertical landmark most strongly associated with Porto.,Clérigos Church es el hito vertical seleccionado con mayor asociación a Oporto.,12682.45982152593,12.68245982152593,ourairports-2026-09-14;wikidata-q18642,2026-09-14
city-q19689--ourairports-3972--iconic--wikidata-q1515102,city-q19689,Tirana,Tirana,Tirana,AL,Albania,Albania,Europe,Southern Europe,ourairports-3972,Tirana International Airport Mother Teresa,Tirana International Airport Mother Teresa,TIA,LATI,41.4147,19.7206,large_airport,true,year_round,wikidata-q1515102,Maritim Hotel Plaza Tirana,Maritim Hotel Plaza Tirana,41.3275,19.82166667,85,structural_tip,building_or_freestanding_tower,1900,iconic,false,low,Maritim Hotel Plaza Tirana is the selected vertical landmark most strongly associated with Tirana.,Maritim Hotel Plaza Tirana es el hito vertical seleccionado con mayor asociación a Tirana.,12856.268816910782,12.856268816910783,ourairports-2026-09-14;wikidata-q1515102,2026-09-14
city-q34932--ourairports-26901--iconic--wikidata-q4968552,city-q34932,Brisbane,Brisbane,Brisbane,AU,Australia,Australia,Oceania,Australia and New Zealand,ourairports-26901,Brisbane International Airport,Brisbane International Airport,BNE,YBBN,-27.384199142456055,153.11700439453125,large_airport,true,year_round,wikidata-q4968552,Brisbane City Hall,Brisbane City Hall,-27.4688,153.024,50,structural_tip,vertical_landmark,1930,iconic,false,high,Brisbane City Hall is the selected vertical landmark most strongly associated with Brisbane.,Brisbane City Hall es el hito vertical seleccionado con mayor asociación a Brisbane.,13132.076476562248,13.132076476562249,ourairports-2026-09-14;wikidata-q4968552,2026-09-14
city-q3915--ourairports-2908--iconic--wikidata-q3915,city-q3915,Antananarivo,Antananarivo,Antananarivo,MG,Madagascar,Madagascar,Africa,Eastern Africa,ourairports-2908,Ivato International Airport,Ivato International Airport,TNR,FMMI,-18.7969,47.478802,large_airport,true,year_round,wikidata-q3915,Antananarivo,Antananarivo,-18.91,47.525,50,structural_tip,building_or_freestanding_tower,1625,iconic,false,high,Antananarivo is the selected vertical landmark most strongly associated with Antananarivo.,Antananarivo es el hito vertical seleccionado con mayor asociación a Antananarivo.,13432.414544373623,13.432414544373623,ourairports-2026-09-14;wikidata-q3915,2026-09-14
city-q1085--ourairports-4408--iconic--wikidata-q1413217,city-q1085,Prague,Praga,Prague,CZ,Czechia,Chequia,Europe,Eastern Europe,ourairports-4408,Václav Havel Airport Prague,Václav Havel Airport Prague,PRG,LKPR,50.100874,14.259911,large_airport,true,year_round,wikidata-q1413217,Žižkov Television Tower,Žižkov Television Tower,50.080833333,14.451388888,216,structural_tip,building_or_freestanding_tower,1900,iconic,false,high,Žižkov Television Tower is the selected vertical landmark most strongly associated with Prague.,Žižkov Television Tower es el hito vertical seleccionado con mayor asociación a Praga.,13882.397791387726,13.882397791387726,ourairports-2026-09-14;wikidata-q1413217,2026-09-14
city-q23556--ourairports-3384--iconic--wikidata-q3177225,city-q23556,Atlanta,Atlanta,Atlanta,US,United States,Estados Unidos,North America,Northern America,ourairports-3384,Hartsfield Jackson Atlanta International Airport,Hartsfield Jackson Atlanta International Airport,ATL,KATL,33.6367,-84.428101,large_airport,true,year_round,wikidata-q3177225,Westin Peachtree Plaza Hotel,Westin Peachtree Plaza Hotel,33.75948,-84.38765,723,structural_tip,vertical_landmark,1976,iconic,false,high,Westin Peachtree Plaza Hotel is the selected vertical landmark most strongly associated with Atlanta.,Westin Peachtree Plaza Hotel es el hito vertical seleccionado con mayor asociación a Atlanta.,14125.315000457626,14.125315000457626,ourairports-2026-09-14;wikidata-q3177225,2026-09-14
city-q1297--ourairports-3673--iconic--wikidata-q29294,city-q1297,Chicago,Chicago,Chicago,US,United States,Estados Unidos,North America,Northern America,ourairports-3673,Chicago Midway International Airport,Chicago Midway International Airport,MDW,KMDW,41.785999,-87.752403,large_airport,false,year_round,wikidata-q29294,Willis Tower,Willis Tower,41.878611,-87.635833,442.1,structural_tip,vertical_landmark,1973,iconic,false,high,Willis Tower is the selected vertical landmark most strongly associated with Chicago.,Willis Tower es el hito vertical seleccionado con mayor asociación a Chicago.,14127.109593033627,14.127109593033627,ourairports-2026-09-14;wikidata-q29294,2026-09-14
city-q1492--ourairports-4004--iconic--wikidata-q48435,city-q1492,Barcelona,Barcelona,Barcelona,ES,Spain,España,Europe,Southern Europe,ourairports-4004,Josep Tarradellas Barcelona-El Prat Airport,Josep Tarradellas Barcelona-El Prat Airport,BCN,LEBL,41.2971,2.07846,large_airport,true,year_round,wikidata-q48435,Basilica and Expiatory Church of the Holy Family,Basilica and Expiatory Church of the Holy Family,41.40369,2.17433,172.5,structural_tip,vertical_landmark,1882,iconic,false,high,Basilica and Expiatory Church of the Holy Family is the selected vertical landmark most strongly associated with Barcelona.,Basilica and Expiatory Church of the Holy Family es el hito vertical seleccionado con mayor asociación a Barcelona.,14300.64657445501,14.30064657445501,ourairports-2026-09-14;wikidata-q48435,2026-09-14
city-q18125--ourairports-2398--iconic--wikidata-q2578415,city-q18125,Manchester,Mánchester,Manchester,GB,United Kingdom,Reino Unido,Europe,Northern Europe,ourairports-2398,Manchester Airport,Manchester Airport,MAN,EGCC,53.349375,-2.279521,large_airport,true,year_round,wikidata-q2578415,Manchester Town Hall,Manchester Town Hall,53.479166666667,-2.2441666666667,50,structural_tip,building_or_freestanding_tower,1877,iconic,false,high,Manchester Town Hall is the selected vertical landmark most strongly associated with Manchester.,Manchester Town Hall es el hito vertical seleccionado con mayor asociación a Mánchester.,14635.077536943565,14.635077536943566,ourairports-2026-09-14;wikidata-q2578415,2026-09-14
city-q1563--ourairports-4839--iconic--wikidata-q1708874,city-q1563,Havana,La Habana,Havana,CU,Cuba,Cuba,North America,Caribbean,ourairports-4839,José Martí International Airport,José Martí International Airport,HAV,MUHA,22.989200592041016,-82.40910339355469,large_airport,true,year_round,wikidata-q1708874,José Martí Memorial,José Martí Memorial,23.122078,-82.386444,50,structural_tip,vertical_landmark,1958,iconic,false,high,José Martí Memorial is the selected vertical landmark most strongly associated with Havana.,José Martí Memorial es el hito vertical seleccionado con mayor asociación a La Habana.,14897.574179805611,14.897574179805611,ourairports-2026-09-14;wikidata-q1708874,2026-09-14
city-q90--ourairports-4189--iconic--wikidata-q243,city-q90,Paris,París,Paris,FR,France,Francia,Europe,Western Europe,ourairports-4189,Paris-Orly Airport,Paris-Orly Airport,ORY,LFPO,48.729499,2.358963,large_airport,false,year_round,wikidata-q243,Eiffel Tower,Eiffel Tower,48.858296,2.294479,330,structural_tip,building_or_freestanding_tower,1889,iconic,false,high,Eiffel Tower is the selected vertical landmark most strongly associated with Paris.,Eiffel Tower es el hito vertical seleccionado con mayor asociación a París.,15086.235785763693,15.086235785763693,ourairports-2026-09-14;wikidata-q243,2026-09-14
city-q1533--ourairports-6300--iconic--wikidata-q4388657,city-q1533,Caracas,Caracas,Caracas,VE,Venezuela,Venezuela,South America,South America,ourairports-6300,Maiquetía Simón Bolívar International Airport,Maiquetía Simón Bolívar International Airport,CCS,SVMI,10.602214,-66.991174,large_airport,true,year_round,wikidata-q4388657,Parque Central Complex,Parque Central Complex,10.498305555555556,-66.90130555555555,225,structural_tip,vertical_landmark,1983,iconic,false,high,Parque Central Complex is the selected vertical landmark most strongly associated with Caracas.,Parque Central Complex es el hito vertical seleccionado con mayor asociación a Caracas.,15127.739415755716,15.127739415755716,ourairports-2026-09-14;wikidata-q4388657,2026-09-14
city-q1361--ourairports-35141--iconic--wikidata-q1771696,city-q1361,Hyderabad,Hyderabad,Hyderabad,IN,India,India,Asia,Southern Asia,ourairports-35141,Rajiv Gandhi International Airport,Rajiv Gandhi International Airport,HYD,VOHS,17.231318,78.429855,large_airport,true,year_round,wikidata-q1771696,Charminar,Charminar,17.36160692,78.47465723,48.7,structural_tip,building_or_freestanding_tower,1900,iconic,false,high,Charminar is the selected vertical landmark most strongly associated with Hyderabad.,Charminar es el hito vertical seleccionado con mayor asociación a Hyderabad.,15185.76749705403,15.18576749705403,ourairports-2026-09-14;wikidata-q1771696,2026-09-14
city-q11736--ourairports-27192--iconic--wikidata-q1353260,city-q11736,Tianjin,Tianjín,Tianjin,CN,China,China,Asia,Eastern Asia,ourairports-27192,Tianjin Binhai International Airport,Tianjin Binhai International Airport,TSN,ZBTJ,39.124401092499994,117.346000671,large_airport,true,year_round,wikidata-q1353260,Tianjin Radio and Television Tower,Tianjin Radio and Television Tower,39.091944444444,117.175,415.2,structural_tip,vertical_landmark,1991,iconic,false,high,Tianjin Radio and Television Tower is the selected vertical landmark most strongly associated with Tianjin.,Tianjin Radio and Television Tower es el hito vertical seleccionado con mayor asociación a Tianjín.,15223.172346467229,15.223172346467228,ourairports-2026-09-14;wikidata-q1353260,2026-09-14
city-q16555--ourairports-3588--iconic--wikidata-q935919,city-q16555,Houston,Houston,Houston,US,United States,Estados Unidos,North America,Northern America,ourairports-3588,William P. Hobby Airport,William P. Hobby Airport,HOU,KHOU,29.645336,-95.276812,large_airport,false,year_round,wikidata-q935919,JPMorgan Chase Tower,JPMorgan Chase Tower,29.760556,-95.363889,305.4,structural_tip,building_or_freestanding_tower,1900,iconic,false,low,JPMorgan Chase Tower is the selected vertical landmark most strongly associated with Houston.,JPMorgan Chase Tower es el hito vertical seleccionado con mayor asociación a Houston.,15301.25107526552,15.30125107526552,ourairports-2026-09-14;wikidata-q935919,2026-09-14
city-q1348--ourairports-26496--iconic--wikidata-q7711913,city-q1348,Kolkata,Calcuta,Kolkata,IN,India,India,Asia,Southern Asia,ourairports-26496,Netaji Subhash Chandra Bose International Airport,Netaji Subhash Chandra Bose International Airport,CCU,VECC,22.654012,88.44765,large_airport,true,year_round,wikidata-q7711913,The 42,The 42,22.54835,88.34975,260,structural_tip,building_or_freestanding_tower,1900,iconic,false,low,The 42 is the selected vertical landmark most strongly associated with Kolkata.,The 42 es el hito vertical seleccionado con mayor asociación a Calcuta.,15434.967048472994,15.434967048472995,ourairports-2026-09-14;wikidata-q7711913,2026-09-14
city-q365--ourairports-2216--iconic--wikidata-q4176,city-q365,Cologne,Colonia,Cologne,DE,Germany,Alemania,Europe,Western Europe,ourairports-2216,Cologne Bonn Airport,Cologne Bonn Airport,CGN,EDDK,50.865898,7.14274,large_airport,true,year_round,wikidata-q4176,Cologne Cathedral,Cologne Cathedral,50.94138888888889,6.958333333333333,157,structural_tip,vertical_landmark,1880,iconic,false,high,Cologne Cathedral is the selected vertical landmark most strongly associated with Cologne.,Cologne Cathedral es el hito vertical seleccionado con mayor asociación a Colonia.,15452.930920166336,15.452930920166336,ourairports-2026-09-14;wikidata-q4176,2026-09-14
city-q35765--ourairports-5598--iconic--wikidata-q1148463,city-q35765,Osaka,Osaka,Osaka,JP,Japan,Japón,Asia,Eastern Asia,ourairports-5598,Osaka Itami International Airport,Osaka Itami International Airport,ITM,RJOO,34.780853,135.440829,large_airport,false,year_round,wikidata-q1148463,Tsūtenkaku,Tsūtenkaku,34.65222222222222,135.50611111111112,108,structural_tip,vertical_landmark,1956,iconic,false,high,Tsūtenkaku is the selected vertical landmark most strongly associated with Osaka.,Tsūtenkaku es el hito vertical seleccionado con mayor asociación a Osaka.,15472.053152156102,15.472053152156102,ourairports-2026-09-14;wikidata-q1148463,2026-09-14
city-q8686--ourairports-27225--iconic--wikidata-q223207,city-q8686,Shanghai,Shanghái,Shanghai,CN,China,China,Asia,Eastern Asia,ourairports-27225,Shanghai Hongqiao International Airport,Shanghai Hongqiao International Airport,SHA,ZSSS,31.198104,121.33426,large_airport,false,year_round,wikidata-q223207,Oriental Pearl Tower,Oriental Pearl Tower,31.241669444444,121.49471666667,468,structural_tip,vertical_landmark,1998,iconic,false,high,Oriental Pearl Tower is the selected vertical landmark most strongly associated with Shanghai.,Oriental Pearl Tower es el hito vertical seleccionado con mayor asociación a Shanghái.,16033.879901771792,16.03387990177179,ourairports-2026-09-14;wikidata-q223207,2026-09-14
city-q19660--ourairports-4482--iconic--wikidata-q164150,city-q19660,Bucharest,Bucarest,Bucharest,RO,Romania,Rumanía,Europe,Eastern Europe,ourairports-4482,Bucharest Henri Coandă International Airport,Bucharest Henri Coandă International Airport,OTP,LROP,44.571792,26.103285,large_airport,true,year_round,wikidata-q164150,Palace of the Parliament,Palace of the Parliament,44.4275,26.0875,84,structural_tip,vertical_landmark,1994,iconic,false,high,Palace of the Parliament is the selected vertical landmark most strongly associated with Bucharest.,Palace of the Parliament es el hito vertical seleccionado con mayor asociación a Bucarest.,16083.085523849375,16.083085523849373,ourairports-2026-09-14;wikidata-q164150,2026-09-14
city-q8678--ourairports-5906--iconic--wikidata-q79961,city-q8678,Rio de Janeiro,Río de Janeiro,Rio de Janeiro,BR,Brazil,Brasil,South America,South America,ourairports-5906,Rio de Janeiro Galeão – Tom Jobim International Airport,Rio de Janeiro Galeão – Tom Jobim International Airport,GIG,SBGL,-22.809999,-43.250557,large_airport,true,year_round,wikidata-q79961,Christ the Redeemer,Christ the Redeemer,-22.951915648887244,-43.21046412278801,30.1,structural_tip,vertical_landmark,1931,iconic,false,high,Christ the Redeemer is the selected vertical landmark most strongly associated with Rio de Janeiro.,Christ the Redeemer es el hito vertical seleccionado con mayor asociación a Río de Janeiro.,16245.724057785395,16.245724057785395,ourairports-2026-09-14;wikidata-q79961,2026-09-14
city-q220--ourairports-4370--iconic--wikidata-q12512,city-q220,Rome,Roma,Rome,IT,Italy,Italia,Europe,Southern Europe,ourairports-4370,Ciampino–G. B. Pastine International Airport,Ciampino–G. B. Pastine International Airport,CIA,LIRA,41.798769,12.595331,large_airport,false,year_round,wikidata-q12512,St. Peter's Basilica,St. Peter's Basilica,41.90222222222222,12.453416666666667,136.6,structural_tip,vertical_landmark,1506,iconic,false,high,St. Peter's Basilica is the selected vertical landmark most strongly associated with Rome.,St. Peter's Basilica es el hito vertical seleccionado con mayor asociación a Roma.,16459.776034574268,16.45977603457427,ourairports-2026-09-14;wikidata-q12512,2026-09-14
city-q3861--ourairports-44686--iconic--wikidata-q737602,city-q3861,Doha,Doha,Doha,QA,Qatar,Catar,Asia,Western Asia,ourairports-44686,Hamad International Airport,Hamad International Airport,DOH,OTHH,25.273056,51.608056,large_airport,true,year_round,wikidata-q737602,Aspire Tower,Aspire Tower,25.26247222222222,51.44483333333333,300,structural_tip,vertical_landmark,2000,iconic,false,high,Aspire Tower is the selected vertical landmark most strongly associated with Doha.,Aspire Tower es el hito vertical seleccionado con mayor asociación a Doha.,16483.202446376607,16.483202446376605,ourairports-2026-09-14;wikidata-q737602,2026-09-14
city-q1757--ourairports-2307--iconic--wikidata-q738015,city-q1757,Helsinki,Helsinki,Helsinki,FI,Finland,Finlandia,Europe,Northern Europe,ourairports-2307,Helsinki Vantaa Airport,Helsinki Vantaa Airport,HEL,EFHK,60.318363,24.963341,large_airport,true,year_round,wikidata-q738015,Helsinki Cathedral,Helsinki Cathedral,60.17038775,24.95212383,50,structural_tip,vertical_landmark,1852,iconic,false,high,Helsinki Cathedral is the selected vertical landmark most strongly associated with Helsinki.,Helsinki Cathedral es el hito vertical seleccionado con mayor asociación a Helsinki.,16498.57645070629,16.498576450706288,ourairports-2026-09-14;wikidata-q738015,2026-09-14
city-q3561--ourairports-2050--iconic--wikidata-q3561,city-q3561,Algiers,Argel,Algiers,DZ,Algeria,Argelia,Africa,Northern Africa,ourairports-2050,Houari Boumediene Airport,Houari Boumediene Airport,ALG,DAAG,36.693886,3.214531,large_airport,true,year_round,wikidata-q3561,Algiers,Algiers,36.776388888889,3.0586111111111,50,structural_tip,building_or_freestanding_tower,944,iconic,false,high,Algiers is the selected vertical landmark most strongly associated with Algiers.,Algiers es el hito vertical seleccionado con mayor asociación a Argel.,16666.634248763854,16.666634248763852,ourairports-2026-09-14;wikidata-q3561,2026-09-14
city-q334--ourairports-26887--iconic--wikidata-q548679,city-q334,Singapore,Singapur,Singapore,SG,Singapore,Singapur,Asia,South-eastern Asia,ourairports-26887,Singapore Changi Airport,Singapore Changi Airport,SIN,WSSS,1.35019,103.994003,large_airport,true,year_round,wikidata-q548679,Marina Bay Sands,Marina Bay Sands,1.2825,103.86,50,structural_tip,vertical_landmark,2010,iconic,false,high,Marina Bay Sands is the selected vertical landmark most strongly associated with Singapore.,Marina Bay Sands es el hito vertical seleccionado con mayor asociación a Singapur.,16686.13138125329,16.68613138125329,ourairports-2026-09-14;wikidata-q548679,2026-09-14
city-q8673--ourairports-2118--iconic--wikidata-q16733944,city-q8673,Lagos,Lagos,Lagos,NG,Nigeria,Nigeria,Africa,Western Africa,ourairports-2118,Murtala Muhammed International Airport,Murtala Muhammed International Airport,LOS,DNMM,6.57737,3.32116,large_airport,true,year_round,wikidata-q16733944,NITEL Building,NITEL Building,6.4461,3.39751,160,structural_tip,building_or_freestanding_tower,1979,iconic,false,low,NITEL Building is the selected vertical landmark most strongly associated with Lagos.,NITEL Building es el hito vertical seleccionado con mayor asociación a Lagos.,16794.53248647842,16.79453248647842,ourairports-2026-09-14;wikidata-q16733944,2026-09-14
city-q2887--ourairports-6015--iconic--wikidata-q1542408,city-q2887,Santiago,Santiago,Santiago,CL,Chile,Chile,South America,South America,ourairports-6015,Comodoro Arturo Merino Benítez International Airport,Comodoro Arturo Merino Benítez International Airport,SCL,SCEL,-33.393001556396484,-70.78579711914062,large_airport,true,year_round,wikidata-q1542408,Gran Torre Costanera,Gran Torre Costanera,-33.41694444,-70.60666667,300,structural_tip,building_or_freestanding_tower,2013,iconic,false,high,Gran Torre Costanera is the selected vertical landmark most strongly associated with Santiago.,Gran Torre Costanera es el hito vertical seleccionado con mayor asociación a Santiago.,16873.691190094723,16.873691190094725,ourairports-2026-09-14;wikidata-q1542408,2026-09-14
city-q60--ourairports-3521--iconic--wikidata-q9188,city-q60,New York City,Nueva York,New York City,US,United States,Estados Unidos,North America,Northern America,ourairports-3521,Newark Liberty International Airport,Newark Liberty International Airport,EWR,KEWR,40.6894,-74.170545,large_airport,false,year_round,wikidata-q9188,Empire State Building,Empire State Building,40.748333333333335,-73.98555555555555,453,structural_tip,vertical_landmark,1931,iconic,false,high,Empire State Building is the selected vertical landmark most strongly associated with New York City.,Empire State Building es el hito vertical seleccionado con mayor asociación a Nueva York.,16944.8719652146,16.9448719652146,ourairports-2026-09-14;wikidata-q9188,2026-09-14
city-q656--ourairports-6489--iconic--wikidata-q736587,city-q656,Saint Petersburg,San Petersburgo,Saint Petersburg,RU,Russia,Rusia,Europe,Eastern Europe,ourairports-6489,Pulkovo Airport,Pulkovo Airport,LED,ULLI,59.800301,30.262501,large_airport,true,year_round,wikidata-q736587,Peter and Paul Cathedral,Peter and Paul Cathedral,59.950277777778,30.316666666667,122.5,structural_tip,vertical_landmark,1712,iconic,false,high,Peter and Paul Cathedral is the selected vertical landmark most strongly associated with Saint Petersburg.,Peter and Paul Cathedral es el hito vertical seleccionado con mayor asociación a San Petersburgo.,16982.12471709731,16.98212471709731,ourairports-2026-09-14;wikidata-q736587,2026-09-14
city-q11953--ourairports-4710--iconic--wikidata-q1706069,city-q11953,Guadalajara,Guadalajara,Guadalajara,MX,Mexico,México,North America,Central America,ourairports-4710,Guadalajara International Airport,Guadalajara International Airport,GDL,MMGL,20.523342,-103.310108,large_airport,true,year_round,wikidata-q1706069,Guadalajara Cathedral,Guadalajara Cathedral,20.67697,-103.347,50,structural_tip,building_or_freestanding_tower,1561,iconic,false,high,Guadalajara Cathedral is the selected vertical landmark most strongly associated with Guadalajara.,Guadalajara Cathedral es el hito vertical seleccionado con mayor asociación a Guadalajara.,17437.812417434612,17.43781241743461,ourairports-2026-09-14;wikidata-q1706069,2026-09-14
city-q8684--ourairports-5656--iconic--wikidata-q69134,city-q8684,Seoul,Seúl,Seoul,KR,South Korea,Corea del Sur,Asia,Eastern Asia,ourairports-5656,Seoul Gimpo International Airport,Seoul Gimpo International Airport,GMP,RKSS,37.5583,126.791,large_airport,false,year_round,wikidata-q69134,Namsan Seoul Tower,Namsan Seoul Tower,37.551216,126.988276,236.83,structural_tip,vertical_landmark,1980,iconic,false,high,Namsan Seoul Tower is the selected vertical landmark most strongly associated with Seoul.,Namsan Seoul Tower es el hito vertical seleccionado con mayor asociación a Seúl.,17449.19069148086,17.44919069148086,ourairports-2026-09-14;wikidata-q69134,2026-09-14
city-q1335--ourairports-6247--iconic--wikidata-q1519373,city-q1335,Montevideo,Montevideo,Montevideo,UY,Uruguay,Uruguay,South America,South America,ourairports-6247,Carrasco General Cesáreo L. Berisso International Airport,Carrasco General Cesáreo L. Berisso International Airport,MVD,SUMU,-34.835647,-56.026497,large_airport,true,year_round,wikidata-q1519373,Palacio Salvo,Palacio Salvo,-34.906725,-56.198308,50,structural_tip,vertical_landmark,1928,iconic,false,high,Palacio Salvo is the selected vertical landmark most strongly associated with Montevideo.,Palacio Salvo es el hito vertical seleccionado con mayor asociación a Montevideo.,17576.840062080457,17.576840062080457,ourairports-2026-09-14;wikidata-q1519373,2026-09-14
city-q3306--ourairports-4793--iconic--wikidata-q5853834,city-q3306,Panama City,Ciudad de Panamá,Panama City,PA,Panama,Panamá,North America,Central America,ourairports-4793,Tocumen International Airport,Tocumen International Airport,PTY,MPTO,9.07136,-79.383499,large_airport,true,year_round,wikidata-q5853834,F&F Tower,F&F Tower,8.98297,-79.5185,50,structural_tip,vertical_landmark,2011,iconic,false,high,F&F Tower is the selected vertical landmark most strongly associated with Panama City.,F&F Tower es el hito vertical seleccionado con mayor asociación a Ciudad de Panamá.,17773.46286829002,17.773462868290018,ourairports-2026-09-14;wikidata-q5853834,2026-09-14
city-q38807--ourairports-4960--iconic--wikidata-q131658559,city-q38807,Suva,Suva,Suva,FJ,Fiji,Fiyi,Oceania,Melanesia,ourairports-4960,Nausori International Airport,Nausori International Airport,SUV,NFNA,-18.044226,178.561486,large_airport,true,year_round,wikidata-q131658559,WG Friendship Plaza Suva,WG Friendship Plaza Suva,-18.146388888,178.430833333,112,structural_tip,building_or_freestanding_tower,1900,iconic,false,low,WG Friendship Plaza Suva is the selected vertical landmark most strongly associated with Suva.,WG Friendship Plaza Suva es el hito vertical seleccionado con mayor asociación a Suva.,17863.660355919023,17.863660355919023,ourairports-2026-09-14;wikidata-q131658559,2026-09-14
city-q340--ourairports-1928--iconic--wikidata-q61602719,city-q340,Montreal,Montreal,Montreal,CA,Canada,Canadá,North America,Northern America,ourairports-1928,Montreal / Pierre Elliott Trudeau International Airport,Montreal / Pierre Elliott Trudeau International Airport,YUL,CYUL,45.467837,-73.742294,large_airport,true,year_round,wikidata-q61602719,Montreal Tower,Montreal Tower,45.55952,-73.55215,175,structural_tip,vertical_landmark,1973,iconic,false,high,Montreal Tower is the selected vertical landmark most strongly associated with Montreal.,Montreal Tower es el hito vertical seleccionado con mayor asociación a Montreal.,18016.18514428571,18.01618514428571,ourairports-2026-09-14;wikidata-q61602719,2026-09-14
city-q62--ourairports-3744--iconic--wikidata-q216865,city-q62,San Francisco,San Francisco,San Francisco,US,United States,Estados Unidos,North America,Northern America,ourairports-3744,Oakland San Francisco Bay Airport,Oakland San Francisco Bay Airport,OAK,KOAK,37.720085,-122.221184,large_airport,false,year_round,wikidata-q216865,Transamerica Pyramid,Transamerica Pyramid,37.795135,-122.402748,260,structural_tip,vertical_landmark,1969,iconic,false,high,Transamerica Pyramid is the selected vertical landmark most strongly associated with San Francisco.,Transamerica Pyramid es el hito vertical seleccionado con mayor asociación a San Francisco.,18038.11630519118,18.038116305191178,ourairports-2026-09-14;wikidata-q216865,2026-09-14
city-q1156--ourairports-26434--iconic--wikidata-q7285587,city-q1156,Mumbai,Bombay,Mumbai,IN,India,India,Asia,Southern Asia,ourairports-26434,Chhatrapati Shivaji Maharaj International Airport,Chhatrapati Shivaji Maharaj International Airport,BOM,VABB,19.088699,72.867897,large_airport,true,year_round,wikidata-q7285587,Rajabai Clock Tower,Rajabai Clock Tower,18.92964,72.82999,280,structural_tip,vertical_landmark,1878,iconic,false,high,Rajabai Clock Tower is the selected vertical landmark most strongly associated with Mumbai.,Rajabai Clock Tower es el hito vertical seleccionado con mayor asociación a Bombay.,18053.27322754298,18.05327322754298,ourairports-2026-09-14;wikidata-q7285587,2026-09-14
city-q85--ourairports-3183--iconic--wikidata-q614684,city-q85,Cairo,El Cairo,Cairo,EG,Egypt,Egipto,Africa,Northern Africa,ourairports-3183,Cairo International Airport,Cairo International Airport,CAI,HECA,30.111534,31.396694,large_airport,true,year_round,wikidata-q614684,Cairo Tower,Cairo Tower,30.04583333,31.22444444,187,structural_tip,vertical_landmark,1961,iconic,false,high,Cairo Tower is the selected vertical landmark most strongly associated with Cairo.,Cairo Tower es el hito vertical seleccionado con mayor asociación a El Cairo.,18133.486368236634,18.133486368236635,ourairports-2026-09-14;wikidata-q614684,2026-09-14
city-q37100--ourairports-5023--iconic--wikidata-q37100,city-q37100,Auckland,Auckland,Auckland,NZ,New Zealand,Nueva Zelanda,Oceania,Australia and New Zealand,ourairports-5023,Auckland International Airport,Auckland International Airport,AKL,NZAA,-37.01199,174.786331,large_airport,true,year_round,wikidata-q37100,Auckland,Auckland,-36.84916666666667,174.76527777777778,50,structural_tip,building_or_freestanding_tower,1840,iconic,false,high,Auckland is the selected vertical landmark most strongly associated with Auckland.,Auckland es el hito vertical seleccionado con mayor asociación a Auckland.,18166.6283869194,18.166628386919403,ourairports-2026-09-14;wikidata-q37100,2026-09-14
city-q30002--ourairports-27230--iconic--wikidata-q2118734,city-q30002,Chengdu,Chengdu,Chengdu,CN,China,China,Asia,Eastern Asia,ourairports-27230,Chengdu Shuangliu International Airport,Chengdu Shuangliu International Airport,CTU,ZUUU,30.558257,103.945966,large_airport,true,year_round,wikidata-q2118734,Tianfu Panda Tower,Tianfu Panda Tower,30.66444,104.09222,50,structural_tip,vertical_landmark,2006,iconic,false,high,Tianfu Panda Tower is the selected vertical landmark most strongly associated with Chengdu.,Tianfu Panda Tower es el hito vertical seleccionado con mayor asociación a Chengdu.,18309.89529808089,18.30989529808089,ourairports-2026-09-14;wikidata-q2118734,2026-09-14
city-q1865--ourairports-26879--iconic--wikidata-q83063,city-q1865,Kuala Lumpur,Kuala Lumpur,Kuala Lumpur,MY,Malaysia,Malasia,Asia,South-eastern Asia,ourairports-26879,Sultan Abdul Aziz Shah International Airport,Sultan Abdul Aziz Shah International Airport,SZB,WMSA,3.13058,101.549004,large_airport,false,year_round,wikidata-q83063,Petronas Towers,Petronas Towers,3.1577777777777776,101.71166666666667,1483,structural_tip,vertical_landmark,1999,iconic,false,high,Petronas Towers is the selected vertical landmark most strongly associated with Kuala Lumpur.,Petronas Towers es el hito vertical seleccionado con mayor asociación a Kuala Lumpur.,18328.870629316447,18.328870629316448,ourairports-2026-09-14;wikidata-q83063,2026-09-14
city-q48278--ourairports-6158--iconic--wikidata-q3057904,city-q48278,Medellín,Medellín,Medellín,CO,Colombia,Colombia,South America,South America,ourairports-6158,Jose Maria Córdova International Airport,Jose Maria Córdova International Airport,MDE,SKRG,6.16454,-75.4231,large_airport,true,year_round,wikidata-q3057904,Coltejer Building,Coltejer Building,6.250136,-75.566067,175,structural_tip,vertical_landmark,1972,iconic,false,high,Coltejer Building is the selected vertical landmark most strongly associated with Medellín.,Coltejer Building es el hito vertical seleccionado con mayor asociación a Medellín.,18437.673450083556,18.437673450083555,ourairports-2026-09-14;wikidata-q3057904,2026-09-14
city-q1781--ourairports-4296--iconic--wikidata-q11819,city-q1781,Budapest,Budapest,Budapest,HU,Hungary,Hungría,Europe,Eastern Europe,ourairports-4296,Budapest Liszt Ferenc International Airport,Budapest Liszt Ferenc International Airport,BUD,LHBP,47.43018,19.262393,large_airport,true,year_round,wikidata-q11819,Hungarian Parliament Building,Hungarian Parliament Building,47.50694444444444,19.045555555555556,96,structural_tip,vertical_landmark,1904,iconic,false,high,Hungarian Parliament Building is the selected vertical landmark most strongly associated with Budapest.,Hungarian Parliament Building es el hito vertical seleccionado con mayor asociación a Budapest.,18440.891687061005,18.440891687061004,ourairports-2026-09-14;wikidata-q11819,2026-09-14
city-q35178--ourairports-5220--iconic--wikidata-q1335640,city-q35178,Kuwait City,Ciudad de Kuwait,Kuwait City,KW,Kuwait,Kuwait,Asia,Western Asia,ourairports-5220,Kuwait International Airport,Kuwait International Airport,KWI,OKKK,29.224487,47.969813,large_airport,true,year_round,wikidata-q1335640,Kuwait Towers,Kuwait Towers,29.39,48.003055555555555,187,structural_tip,vertical_landmark,1977,iconic,false,high,Kuwait Towers is the selected vertical landmark most strongly associated with Kuwait City.,Kuwait Towers es el hito vertical seleccionado con mayor asociación a Ciudad de Kuwait.,18627.68687804855,18.62768687804855,ourairports-2026-09-14;wikidata-q1335640,2026-09-14
city-q1741--ourairports-4434--iconic--wikidata-q686544,city-q1741,Vienna,Viena,Vienna,AT,Austria,Austria,Europe,Western Europe,ourairports-4434,Vienna International Airport,Vienna International Airport,VIE,LOWW,48.110298,16.5697,large_airport,true,year_round,wikidata-q686544,Donauturm,Donauturm,48.24023,16.41003,252,structural_tip,building_or_freestanding_tower,1900,iconic,false,low,Donauturm is the selected vertical landmark most strongly associated with Vienna.,Donauturm es el hito vertical seleccionado con mayor asociación a Viena.,18701.5906698684,18.701590669868402,ourairports-2026-09-14;wikidata-q686544,2026-09-14
city-q3141--ourairports-27066--iconic--wikidata-q19817555,city-q3141,Melbourne,Melbourne,Melbourne,AU,Australia,Australia,Oceania,Australia and New Zealand,ourairports-27066,Melbourne Airport,Melbourne Airport,MEL,YMML,-37.670732,144.837898,large_airport,true,year_round,wikidata-q19817555,Light House Melbourne,Light House Melbourne,-37.80836111,144.96083333,715,structural_tip,building_or_freestanding_tower,1900,iconic,false,low,Light House Melbourne is the selected vertical landmark most strongly associated with Melbourne.,Light House Melbourne es el hito vertical seleccionado con mayor asociación a Melbourne.,18728.59340147304,18.72859340147304,ourairports-2026-09-14;wikidata-q19817555,2026-09-14
city-q64--ourairports-301881--iconic--wikidata-q151356,city-q64,Berlin,Berlín,Berlin,DE,Germany,Alemania,Europe,Western Europe,ourairports-301881,Berlin Brandenburg Airport,Berlin Brandenburg Airport,BER,EDDB,52.361738,13.502341,large_airport,true,year_round,wikidata-q151356,Fernsehturm Berlin,Fernsehturm Berlin,52.520833333,13.409444444,368,structural_tip,building_or_freestanding_tower,1969,iconic,false,high,Fernsehturm Berlin is the selected vertical landmark most strongly associated with Berlin.,Fernsehturm Berlin es el hito vertical seleccionado con mayor asociación a Berlín.,18796.721717537723,18.79672171753772,ourairports-2026-09-14;wikidata-q151356,2026-09-14
city-q384--ourairports-4573--iconic--wikidata-q1890632,city-q384,Skopje,Skopie,Skopje,MK,North Macedonia,Macedonia del Norte,Europe,Southern Europe,ourairports-4573,Skopje International Airport,Skopje International Airport,SKP,LWSK,41.958087,21.622581,large_airport,true,year_round,wikidata-q1890632,Millennium Cross,Millennium Cross,41.965027,21.39441,50,structural_tip,building_or_freestanding_tower,2002,iconic,false,high,Millennium Cross is the selected vertical landmark most strongly associated with Skopje.,Millennium Cross es el hito vertical seleccionado con mayor asociación a Skopie.,18931.20962906582,18.93120962906582,ourairports-2026-09-14;wikidata-q1890632,2026-09-14
city-q5083--ourairports-3875--iconic--wikidata-q5317,city-q5083,Seattle,Seattle,Seattle,US,United States,Estados Unidos,North America,Northern America,ourairports-3875,Seattle–Tacoma International Airport,Seattle–Tacoma International Airport,SEA,KSEA,47.447943,-122.310276,large_airport,true,year_round,wikidata-q5317,Space Needle,Space Needle,47.6204,-122.3491,184,structural_tip,vertical_landmark,1962,iconic,false,high,Space Needle is the selected vertical landmark most strongly associated with Seattle.,Space Needle es el hito vertical seleccionado con mayor asociación a Seattle.,19395.541405714586,19.395541405714585,ourairports-2026-09-14;wikidata-q5317,2026-09-14
city-q203263--ourairports-4251--iconic--wikidata-q10288,city-q203263,Athens,Atenas,Athens,GR,Greece,Grecia,Europe,Southern Europe,ourairports-4251,Athens Eleftherios Venizelos International Airport,Athens Eleftherios Venizelos International Airport,ATH,LGAV,37.936401,23.9445,large_airport,true,year_round,wikidata-q10288,Parthenon,Parthenon,37.971527,23.726601,13.72,structural_tip,building_or_freestanding_tower,500,iconic,false,high,Parthenon is the selected vertical landmark most strongly associated with Athens.,Parthenon es el hito vertical seleccionado con mayor asociación a Atenas.,19543.407216611446,19.543407216611445,ourairports-2026-09-14;wikidata-q10288,2026-09-14
city-q65--ourairports-3632--iconic--wikidata-q368489,city-q65,Los Angeles,Los Ángeles,Los Angeles,US,United States,Estados Unidos,North America,Northern America,ourairports-3632,Los Angeles International Airport,Los Angeles International Airport,LAX,KLAX,33.942501,-118.407997,large_airport,true,year_round,wikidata-q368489,Los Angeles City Hall,Los Angeles City Hall,34.0536,-118.243,138,structural_tip,vertical_landmark,1928,iconic,false,high,Los Angeles City Hall is the selected vertical landmark most strongly associated with Los Angeles.,Los Angeles City Hall es el hito vertical seleccionado con mayor asociación a Los Ángeles.,19601.815728619655,19.601815728619655,ourairports-2026-09-14;wikidata-q368489,2026-09-14
city-q62--ourairports-3878--iconic--wikidata-q216865,city-q62,San Francisco,San Francisco,San Francisco,US,United States,Estados Unidos,North America,Northern America,ourairports-3878,San Francisco International Airport,San Francisco International Airport,SFO,KSFO,37.619806,-122.374821,large_airport,true,year_round,wikidata-q216865,Transamerica Pyramid,Transamerica Pyramid,37.795135,-122.402748,260,structural_tip,vertical_landmark,1969,iconic,false,high,Transamerica Pyramid is the selected vertical landmark most strongly associated with San Francisco.,Transamerica Pyramid es el hito vertical seleccionado con mayor asociación a San Francisco.,19615.13147935465,19.615131479354652,ourairports-2026-09-14;wikidata-q216865,2026-09-14
city-q65--ourairports-3432--iconic--wikidata-q368489,city-q65,Los Angeles,Los Ángeles,Los Angeles,US,United States,Estados Unidos,North America,Northern America,ourairports-3432,Hollywood Burbank/Bob Hope Airport,Hollywood Burbank/Bob Hope Airport,BUR,KBUR,34.202834,-118.35805,large_airport,false,year_round,wikidata-q368489,Los Angeles City Hall,Los Angeles City Hall,34.0536,-118.243,138,structural_tip,vertical_landmark,1928,iconic,false,high,Los Angeles City Hall is the selected vertical landmark most strongly associated with Los Angeles.,Los Angeles City Hall es el hito vertical seleccionado con mayor asociación a Los Ángeles.,19663.650224731686,19.663650224731686,ourairports-2026-09-14;wikidata-q368489,2026-09-14
city-q2900--ourairports-308273--iconic--wikidata-q4868435,city-q2900,Quito,Quito,Quito,EC,Ecuador,Ecuador,South America,South America,ourairports-308273,Mariscal Sucre International Airport,Mariscal Sucre International Airport,UIO,SEQM,-0.125399,-78.354306,large_airport,true,year_round,wikidata-q4868435,Basilica of the National Vow,Basilica of the National Vow,-0.215,-78.50738888888888,83,structural_tip,building_or_freestanding_tower,1988,iconic,false,high,Basilica of the National Vow is the selected vertical landmark most strongly associated with Quito.,Basilica of the National Vow es el hito vertical seleccionado con mayor asociación a Quito.,19711.84100103733,19.71184100103733,ourairports-2026-09-14;wikidata-q4868435,2026-09-14
city-q172--ourairports-1990--iconic--wikidata-q134883,city-q172,Toronto,Toronto,Toronto,CA,Canada,Canadá,North America,Northern America,ourairports-1990,Toronto Pearson International Airport,Toronto Pearson International Airport,YYZ,CYYZ,43.675935,-79.629421,large_airport,true,year_round,wikidata-q134883,CN Tower,CN Tower,43.642752777,-79.387147222,553.3,structural_tip,building_or_freestanding_tower,1976,iconic,false,high,CN Tower is the selected vertical landmark most strongly associated with Toronto.,CN Tower es el hito vertical seleccionado con mayor asociación a Toronto.,19887.395880807395,19.887395880807397,ourairports-2026-09-14;wikidata-q134883,2026-09-14
city-q220--ourairports-4372--iconic--wikidata-q12512,city-q220,Rome,Roma,Rome,IT,Italy,Italia,Europe,Southern Europe,ourairports-4372,Rome–Fiumicino Leonardo da Vinci International Airport,Rome–Fiumicino Leonardo da Vinci International Airport,FCO,LIRF,41.804532,12.251998,large_airport,true,year_round,wikidata-q12512,St. Peter's Basilica,St. Peter's Basilica,41.90222222222222,12.453416666666667,136.6,structural_tip,vertical_landmark,1506,iconic,false,high,St. Peter's Basilica is the selected vertical landmark most strongly associated with Rome.,St. Peter's Basilica es el hito vertical seleccionado con mayor asociación a Roma.,19937.153622395927,19.937153622395925,ourairports-2026-09-14;wikidata-q12512,2026-09-14
city-q3630--ourairports-26835--iconic--wikidata-q30686870,city-q3630,Jakarta,Yakarta,Jakarta,ID,Indonesia,Indonesia,Asia,South-eastern Asia,ourairports-26835,Soekarno-Hatta International Airport,Soekarno-Hatta International Airport,CGK,WIII,-6.12557,106.655998,large_airport,true,year_round,wikidata-q30686870,Thamrin Nine,Thamrin Nine,-6.19914,106.82263,382.9,structural_tip,building_or_freestanding_tower,1900,iconic,false,low,Thamrin Nine is the selected vertical landmark most strongly associated with Jakarta.,Thamrin Nine es el hito vertical seleccionado con mayor asociación a Yakarta.,20157.724468982946,20.157724468982945,ourairports-2026-09-14;wikidata-q30686870,2026-09-14
city-q34647--ourairports-31055--iconic--wikidata-q1563940,city-q34647,Johannesburg,Johannesburgo,Johannesburg,ZA,South Africa,Sudáfrica,Africa,Southern Africa,ourairports-31055,O.R. Tambo International Airport,O.R. Tambo International Airport,JNB,FAOR,-26.140081,28.246801,large_airport,true,year_round,wikidata-q1563940,Hillbrow Tower,Hillbrow Tower,-26.186944444,28.049166666,269,structural_tip,building_or_freestanding_tower,1971,iconic,false,high,Hillbrow Tower is the selected vertical landmark most strongly associated with Johannesburg.,Hillbrow Tower es el hito vertical seleccionado con mayor asociación a Johannesburgo.,20429.97775692894,20.42997775692894,ourairports-2026-09-14;wikidata-q1563940,2026-09-14
city-q3881--ourairports-2894--iconic--wikidata-q21007716,city-q3881,Lusaka,Lusaka,Lusaka,ZM,Zambia,Zambia,Africa,Eastern Africa,ourairports-2894,Kenneth Kaunda International Airport,Kenneth Kaunda International Airport,LUN,FLKK,-15.330833,28.452722,large_airport,true,year_round,wikidata-q21007716,FINDECO House,FINDECO House,-15.4243,28.2838,50,structural_tip,building_or_freestanding_tower,1900,iconic,false,high,FINDECO House is the selected vertical landmark most strongly associated with Lusaka.,FINDECO House es el hito vertical seleccionado con mayor asociación a Lusaka.,20877.159738319817,20.87715973831982,ourairports-2026-09-14;wikidata-q21007716,2026-09-14
city-q174--ourairports-5910--iconic--wikidata-q169420,city-q174,São Paulo,São Paulo,São Paulo,BR,Brazil,Brasil,South America,South America,ourairports-5910,São Paulo/Guarulhos–Governor André Franco Montoro International Airport,São Paulo/Guarulhos–Governor André Franco Montoro International Airport,GRU,SBGR,-23.431274,-46.469954,large_airport,true,year_round,wikidata-q169420,Edifício Altino Arantes,Edifício Altino Arantes,-23.54567499999998,-46.63409999999999,161.22,structural_tip,vertical_landmark,1947,iconic,false,high,Edifício Altino Arantes is the selected vertical landmark most strongly associated with São Paulo.,Edifício Altino Arantes es el hito vertical seleccionado con mayor asociación a São Paulo.,21016.13930816067,21.016139308160668,ourairports-2026-09-14;wikidata-q169420,2026-09-14
city-q3711--ourairports-4610--iconic--wikidata-q1258275,city-q3711,Belgrade,Belgrado,Belgrade,RS,Serbia,Serbia,Europe,Southern Europe,ourairports-4610,Belgrade Nikola Tesla Airport,Belgrade Nikola Tesla Airport,BEG,LYBE,44.818401,20.309099,large_airport,true,year_round,wikidata-q1258275,Avala Tower,Avala Tower,44.695833333,20.514444444,204.68,structural_tip,building_or_freestanding_tower,2010,iconic,false,high,Avala Tower is the selected vertical landmark most strongly associated with Belgrade.,Avala Tower es el hito vertical seleccionado con mayor asociación a Belgrado.,21210.324962784132,21.21032496278413,ourairports-2026-09-14;wikidata-q1258275,2026-09-14
city-q60--ourairports-3622--iconic--wikidata-q9188,city-q60,New York City,Nueva York,New York City,US,United States,Estados Unidos,North America,Northern America,ourairports-3622,John F. Kennedy International Airport,John F. Kennedy International Airport,JFK,KJFK,40.639447,-73.779317,large_airport,true,year_round,wikidata-q9188,Empire State Building,Empire State Building,40.748333333333335,-73.98555555555555,453,structural_tip,vertical_landmark,1931,iconic,false,high,Empire State Building is the selected vertical landmark most strongly associated with New York City.,Empire State Building es el hito vertical seleccionado con mayor asociación a Nueva York.,21215.075115065138,21.215075115065137,ourairports-2026-09-14;wikidata-q9188,2026-09-14
city-q649--ourairports-26396--iconic--wikidata-q181324,city-q649,Moscow,Moscú,Moscow,RU,Russia,Rusia,Europe,Eastern Europe,ourairports-26396,Sheremetyevo International Airport,Sheremetyevo International Airport,SVO,UUEE,55.976858,37.41121,large_airport,true,year_round,wikidata-q181324,Ostankino Tower,Ostankino Tower,55.819722222,37.611666666,540.1,structural_tip,building_or_freestanding_tower,1900,iconic,false,high,Ostankino Tower is the selected vertical landmark most strongly associated with Moscow.,Ostankino Tower es el hito vertical seleccionado con mayor asociación a Moscú.,21525.331472786354,21.525331472786355,ourairports-2026-09-14;wikidata-q181324,2026-09-14
city-q956--ourairports-27188--iconic--wikidata-q197833,city-q956,Beijing,Pekín,Beijing,CN,China,China,Asia,Eastern Asia,ourairports-27188,Beijing Capital International Airport,Beijing Capital International Airport,PEK,ZBAA,40.077349,116.596702,large_airport,true,year_round,wikidata-q197833,China Zun,China Zun,39.911388888,116.460277777,528,structural_tip,building_or_freestanding_tower,1900,iconic,false,low,China Zun is the selected vertical landmark most strongly associated with Beijing.,China Zun es el hito vertical seleccionado con mayor asociación a Pekín.,21801.4921028069,21.8014921028069,ourairports-2026-09-14;wikidata-q197833,2026-09-14
city-q36947--ourairports-5977--iconic--wikidata-q1328348,city-q36947,Salvador,Salvador de Bahía,Salvador,BR,Brazil,Brasil,South America,South America,ourairports-5977,Deputado Luiz Eduardo Magalhães International Airport,Deputado Luiz Eduardo Magalhães International Airport,SSA,SBSV,-12.908611,-38.322498,large_airport,true,year_round,wikidata-q1328348,Elevador Lacerda,Elevador Lacerda,-12.97421745,-38.513143886122,50,structural_tip,vertical_landmark,1869,iconic,false,high,Elevador Lacerda is the selected vertical landmark most strongly associated with Salvador.,Elevador Lacerda es el hito vertical seleccionado con mayor asociación a Salvador de Bahía.,21923.311556372493,21.923311556372493,ourairports-2026-09-14;wikidata-q1328348,2026-09-14
city-q11725--ourairports-27228--iconic--wikidata-q1666430,city-q11725,Chongqing,Chongqing,Chongqing,CN,China,China,Asia,Eastern Asia,ourairports-27228,Chongqing Jiangbei International Airport,Chongqing Jiangbei International Airport,CKG,ZUCK,29.712254,106.651895,large_airport,true,year_round,wikidata-q1666430,International Commerce Center 1,International Commerce Center 1,29.55315,106.513725,458,structural_tip,building_or_freestanding_tower,1900,iconic,false,low,International Commerce Center 1 is the selected vertical landmark most strongly associated with Chongqing.,International Commerce Center 1 es el hito vertical seleccionado con mayor asociación a Chongqing.,22137.39990593291,22.13739990593291,ourairports-2026-09-14;wikidata-q1666430,2026-09-14
city-q1861--ourairports-26638--iconic--wikidata-q724970,city-q1861,Bangkok,Bangkok,Bangkok,TH,Thailand,Tailandia,Asia,South-eastern Asia,ourairports-26638,Don Mueang International Airport,Don Mueang International Airport,DMK,VTBD,13.9126,100.607002,large_airport,false,year_round,wikidata-q724970,Wat Arun,Wat Arun,13.743688888888888,100.48891944444445,50,structural_tip,vertical_landmark,1656,iconic,false,high,Wat Arun is the selected vertical landmark most strongly associated with Bangkok.,Wat Arun es el hito vertical seleccionado con mayor asociación a Bangkok.,22632.252058176546,22.632252058176547,ourairports-2026-09-14;wikidata-q724970,2026-09-14
city-q84--ourairports-2434--iconic--wikidata-q41225,city-q84,London,Londres,London,GB,United Kingdom,Reino Unido,Europe,Northern Europe,ourairports-2434,London Heathrow Airport,London Heathrow Airport,LHR,EGLL,51.470748,-0.459909,large_airport,true,year_round,wikidata-q41225,Big Ben,Big Ben,51.50067,-0.12457,96,structural_tip,vertical_landmark,1843,iconic,false,high,Big Ben is the selected vertical landmark most strongly associated with London.,Big Ben es el hito vertical seleccionado con mayor asociación a Londres.,23530.062043952446,23.530062043952448,ourairports-2026-09-14;wikidata-q41225,2026-09-14
city-q81033--ourairports-4732--iconic--wikidata-q5436075,city-q81033,Monterrey,Monterrey,Monterrey,MX,Mexico,México,North America,Central America,ourairports-4732,Monterrey International Airport,Monterrey International Airport,MTY,MMMY,25.778521,-100.106989,large_airport,true,year_round,wikidata-q5436075,Faro del Comercio,Faro del Comercio,25.666194444444,-100.31002777778,50,structural_tip,building_or_freestanding_tower,1900,iconic,false,high,Faro del Comercio is the selected vertical landmark most strongly associated with Monterrey.,Faro del Comercio es el hito vertical seleccionado con mayor asociación a Monterrey.,23874.789539371635,23.874789539371637,ourairports-2026-09-14;wikidata-q5436075,2026-09-14
city-q16555--ourairports-3604--iconic--wikidata-q935919,city-q16555,Houston,Houston,Houston,US,United States,Estados Unidos,North America,Northern America,ourairports-3604,George Bush Intercontinental Airport,George Bush Intercontinental Airport,IAH,KIAH,29.9844,-95.3414,large_airport,true,year_round,wikidata-q935919,JPMorgan Chase Tower,JPMorgan Chase Tower,29.760556,-95.363889,305.4,structural_tip,building_or_freestanding_tower,1900,iconic,false,low,JPMorgan Chase Tower is the selected vertical landmark most strongly associated with Houston.,JPMorgan Chase Tower es el hito vertical seleccionado con mayor asociación a Houston.,24908.110881136927,24.908110881136928,ourairports-2026-09-14;wikidata-q935919,2026-09-14
city-q1297--ourairports-3754--iconic--wikidata-q29294,city-q1297,Chicago,Chicago,Chicago,US,United States,Estados Unidos,North America,Northern America,ourairports-3754,Chicago O'Hare International Airport,Chicago O'Hare International Airport,ORD,KORD,41.9786,-87.9048,large_airport,true,year_round,wikidata-q29294,Willis Tower,Willis Tower,41.878611,-87.635833,442.1,structural_tip,vertical_landmark,1973,iconic,false,high,Willis Tower is the selected vertical landmark most strongly associated with Chicago.,Willis Tower es el hito vertical seleccionado con mayor asociación a Chicago.,24920.54837198591,24.920548371985912,ourairports-2026-09-14;wikidata-q29294,2026-09-14
city-q1899--ourairports-6467--iconic--wikidata-q142917,city-q1899,Kyiv,Kiev,Kyiv,UA,Ukraine,Ucrania,Europe,Eastern Europe,ourairports-6467,Boryspil International Airport,Boryspil International Airport,KBP,UKBB,50.345001,30.894699,large_airport,true,year_round,wikidata-q142917,Mother Ukraine Monument,Mother Ukraine Monument,50.4265,30.56311111,62,structural_tip,vertical_landmark,1900,iconic,false,high,Mother Ukraine Monument is the selected vertical landmark most strongly associated with Kyiv.,Mother Ukraine Monument es el hito vertical seleccionado con mayor asociación a Kiev.,25265.14804420912,25.26514804420912,ourairports-2026-09-14;wikidata-q142917,2026-09-14
city-q8646--ourairports-26535--iconic--wikidata-q317034,city-q8646,Hong Kong,Hong Kong,Hong Kong,HK,Hong Kong SAR China,RAE de Hong Kong (China),Asia,Eastern Asia,ourairports-26535,Hong Kong International Airport,Hong Kong International Airport,HKG,VHHH,22.31184,113.914862,large_airport,true,year_round,wikidata-q317034,International Commerce Centre,International Commerce Centre,22.303391666,114.160169444,484,structural_tip,building_or_freestanding_tower,2010,iconic,false,low,International Commerce Centre is the selected vertical landmark most strongly associated with Hong Kong.,International Commerce Centre es el hito vertical seleccionado con mayor asociación a Hong Kong.,25293.283397654108,25.293283397654108,ourairports-2026-09-14;wikidata-q317034,2026-09-14
city-q16557--ourairports-3488--iconic--wikidata-q1248619,city-q16557,Dallas,Dallas,Dallas,US,United States,Estados Unidos,North America,Northern America,ourairports-3488,Dallas Fort Worth International Airport,Dallas Fort Worth International Airport,DFW,KDFW,32.896801,-97.038002,large_airport,true,year_round,wikidata-q1248619,Reunion Tower,Reunion Tower,32.7753,-96.80886,171,structural_tip,vertical_landmark,1978,iconic,false,high,Reunion Tower is the selected vertical landmark most strongly associated with Dallas.,Reunion Tower es el hito vertical seleccionado con mayor asociación a Dallas.,25334.194446857524,25.334194446857524,ourairports-2026-09-14;wikidata-q1248619,2026-09-14
city-q90--ourairports-4185--iconic--wikidata-q243,city-q90,Paris,París,Paris,FR,France,Francia,Europe,Western Europe,ourairports-4185,Charles de Gaulle International Airport,Charles de Gaulle International Airport,CDG,LFPG,49.00896,2.554117,large_airport,true,year_round,wikidata-q243,Eiffel Tower,Eiffel Tower,48.858296,2.294479,330,structural_tip,building_or_freestanding_tower,1889,iconic,false,high,Eiffel Tower is the selected vertical landmark most strongly associated with Paris.,Eiffel Tower es el hito vertical seleccionado con mayor asociación a París.,25349.998386870826,25.349998386870826,ourairports-2026-09-14;wikidata-q243,2026-09-14
city-q11746--ourairports-27200--iconic--wikidata-q462372,city-q11746,Wuhan,Wuhan,Wuhan,CN,China,China,Asia,Eastern Asia,ourairports-27200,Wuhan Tianhe International Airport,Wuhan Tianhe International Airport,WUH,ZHHH,30.774798,114.213723,large_airport,true,year_round,wikidata-q462372,Tower of the Yellow Crane,Tower of the Yellow Crane,30.54694444,114.29694444,50,structural_tip,vertical_landmark,1985,iconic,false,high,Tower of the Yellow Crane is the selected vertical landmark most strongly associated with Wuhan.,Tower of the Yellow Crane es el hito vertical seleccionado con mayor asociación a Wuhan.,26489.962657102675,26.489962657102673,ourairports-2026-09-14;wikidata-q462372,2026-09-14
city-q7903--ourairports-3113--iconic--wikidata-q41346,city-q7903,Casablanca,Casablanca,Casablanca,MA,Morocco,Marruecos,Africa,Northern Africa,ourairports-3113,Mohammed V International Airport,Mohammed V International Airport,CMN,GMMN,33.3675,-7.58997,large_airport,true,year_round,wikidata-q41346,Hassan II Mosque,Hassan II Mosque,33.60734166666667,-7.632561111111111,50,structural_tip,vertical_landmark,1993,iconic,false,high,Hassan II Mosque is the selected vertical landmark most strongly associated with Casablanca.,Hassan II Mosque es el hito vertical seleccionado con mayor asociación a Casablanca.,26894.472875034564,26.894472875034563,ourairports-2026-09-14;wikidata-q41346,2026-09-14
city-q1355--ourairports-35145--iconic--wikidata-q283257,city-q1355,Bengaluru,Bangalore,Bengaluru,IN,India,India,Asia,Southern Asia,ourairports-35145,Kempegowda International Airport Bengaluru,Kempegowda International Airport Bengaluru,BLR,VOBL,13.1979,77.706299,large_airport,true,year_round,wikidata-q283257,Vidhana Soudha,Vidhana Soudha,12.979693,77.590658,50,structural_tip,vertical_landmark,1956,iconic,false,high,Vidhana Soudha is the selected vertical landmark most strongly associated with Bengaluru.,Vidhana Soudha es el hito vertical seleccionado con mayor asociación a Bangalore.,27203.60319046823,27.203603190468232,ourairports-2026-09-14;wikidata-q283257,2026-09-14
city-q3692--ourairports-5112--iconic--wikidata-q656743,city-q3692,Riyadh,Riad,Riyadh,SA,Saudi Arabia,Arabia Saudí,Asia,Western Asia,ourairports-5112,King Khalid International Airport,King Khalid International Airport,RUH,OERK,24.9576,46.698799,large_airport,true,year_round,wikidata-q656743,Kingdom Centre,Kingdom Centre,24.711389,46.674444,302,structural_tip,vertical_landmark,2000,iconic,false,high,Kingdom Centre is the selected vertical landmark most strongly associated with Riyadh.,Kingdom Centre es el hito vertical seleccionado con mayor asociación a Riad.,27383.791150346762,27.383791150346763,ourairports-2026-09-14;wikidata-q656743,2026-09-14
city-q15174--ourairports-27198--iconic--wikidata-q1077308,city-q15174,Shenzhen,Shenzhen,Shenzhen,CN,China,China,Asia,Eastern Asia,ourairports-27198,Shenzhen Bao'an International Airport,Shenzhen Bao'an International Airport,SZX,ZGSZ,22.639474,113.803262,large_airport,true,year_round,wikidata-q1077308,Ping An Finance Centre,Ping An Finance Centre,22.536666666,114.050277777,599.05,structural_tip,building_or_freestanding_tower,2017,iconic,false,high,Ping An Finance Centre is the selected vertical landmark most strongly associated with Shenzhen.,Ping An Finance Centre es el hito vertical seleccionado con mayor asociación a Shenzhen.,27835.51191198908,27.83551191198908,ourairports-2026-09-14;wikidata-q1077308,2026-09-14
city-q1486--ourairports-5781--iconic--wikidata-q831389,city-q1486,Buenos Aires,Buenos Aires,Buenos Aires,AR,Argentina,Argentina,South America,South America,ourairports-5781,Ezeiza International Airport - Ministro Pistarini,Ezeiza International Airport - Ministro Pistarini,EZE,SAEZ,-34.8222,-58.5358,large_airport,true,year_round,wikidata-q831389,Obelisco de Buenos Aires,Obelisco de Buenos Aires,-34.60376,-58.38162,67.5,structural_tip,vertical_landmark,1936,iconic,false,high,Obelisco de Buenos Aires is the selected vertical landmark most strongly associated with Buenos Aires.,Obelisco de Buenos Aires es el hito vertical seleccionado con mayor asociación a Buenos Aires.,28048.260724074637,28.048260724074638,ourairports-2026-09-14;wikidata-q831389,2026-09-14
city-q1726--ourairports-2218--iconic--wikidata-q167193,city-q1726,Munich,Múnich,Munich,DE,Germany,Alemania,Europe,Western Europe,ourairports-2218,Munich Airport,Munich Airport,MUC,EDDM,48.353802,11.7861,large_airport,true,year_round,wikidata-q167193,Frauenkirche,Frauenkirche,48.1385785873577,11.5736157231262,99,structural_tip,vertical_landmark,1494,iconic,false,high,Frauenkirche is the selected vertical landmark most strongly associated with Munich.,Frauenkirche es el hito vertical seleccionado con mayor asociación a Múnich.,28666.58248200918,28.66658248200918,ourairports-2026-09-14;wikidata-q167193,2026-09-14
city-q1861--ourairports-28118--iconic--wikidata-q724970,city-q1861,Bangkok,Bangkok,Bangkok,TH,Thailand,Tailandia,Asia,South-eastern Asia,ourairports-28118,Suvarnabhumi Airport,Suvarnabhumi Airport,BKK,VTBS,13.6811,100.747002,large_airport,true,year_round,wikidata-q724970,Wat Arun,Wat Arun,13.743688888888888,100.48891944444445,50,structural_tip,vertical_landmark,1656,iconic,false,high,Wat Arun is the selected vertical landmark most strongly associated with Bangkok.,Wat Arun es el hito vertical seleccionado con mayor asociación a Bangkok.,28762.026318447333,28.762026318447333,ourairports-2026-09-14;wikidata-q724970,2026-09-14
city-q34647--ourairports-2800--iconic--wikidata-q1563940,city-q34647,Johannesburg,Johannesburgo,Johannesburg,ZA,South Africa,Sudáfrica,Africa,Southern Africa,ourairports-2800,Lanseria International Airport,Lanseria International Airport,HLA,FALA,-25.938964,27.926642,large_airport,false,year_round,wikidata-q1563940,Hillbrow Tower,Hillbrow Tower,-26.186944444,28.049166666,269,structural_tip,building_or_freestanding_tower,1971,iconic,false,high,Hillbrow Tower is the selected vertical landmark most strongly associated with Johannesburg.,Hillbrow Tower es el hito vertical seleccionado con mayor asociación a Johannesburgo.,30085.022177109502,30.0850221771095,ourairports-2026-09-14;wikidata-q1563940,2026-09-14
city-q5826--ourairports-27205--iconic--wikidata-q1047061,city-q5826,Xi'an,Xi'an,Xi'an,CN,China,China,Asia,Eastern Asia,ourairports-27205,Xi'an Xianyang International Airport,Xi'an Xianyang International Airport,XIY,ZLXY,34.442207,108.762385,large_airport,true,year_round,wikidata-q1047061,Giant Wild Goose Pagoda,Giant Wild Goose Pagoda,34.219769,108.959335,50,structural_tip,vertical_landmark,648,iconic,false,high,Giant Wild Goose Pagoda is the selected vertical landmark most strongly associated with Xi'an.,Giant Wild Goose Pagoda es el hito vertical seleccionado con mayor asociación a Xi'an.,30615.839785176853,30.615839785176853,ourairports-2026-09-14;wikidata-q1047061,2026-09-14
city-q16572--ourairports-27194--iconic--wikidata-q168400,city-q16572,Guangzhou,Cantón,Guangzhou,CN,China,China,Asia,Eastern Asia,ourairports-27194,Guangzhou Baiyun International Airport,Guangzhou Baiyun International Airport,CAN,ZGGG,23.392401,113.299004,large_airport,true,year_round,wikidata-q168400,Canton Tower,Canton Tower,23.1092,113.319147222,600,structural_tip,building_or_freestanding_tower,2010,iconic,false,high,Canton Tower is the selected vertical landmark most strongly associated with Guangzhou.,Canton Tower es el hito vertical seleccionado con mayor asociación a Cantón.,31431.47479357824,31.43147479357824,ourairports-2026-09-14;wikidata-q168400,2026-09-14
city-q8686--ourairports-27223--iconic--wikidata-q223207,city-q8686,Shanghai,Shanghái,Shanghai,CN,China,China,Asia,Eastern Asia,ourairports-27223,Shanghai Pudong International Airport,Shanghai Pudong International Airport,PVG,ZSPD,31.1434,121.805,large_airport,true,year_round,wikidata-q223207,Oriental Pearl Tower,Oriental Pearl Tower,31.241669444444,121.49471666667,468,structural_tip,vertical_landmark,1998,iconic,false,high,Oriental Pearl Tower is the selected vertical landmark most strongly associated with Shanghai.,Oriental Pearl Tower es el hito vertical seleccionado con mayor asociación a Shanghái.,31516.838853054734,31.516838853054736,ourairports-2026-09-14;wikidata-q223207,2026-09-14
city-q406--ourairports-4569--iconic--wikidata-q91274,city-q406,Istanbul,Estambul,Istanbul,TR,Türkiye,Turquía,Asia,Western Asia,ourairports-4569,Istanbul Sabiha Gökçen International Airport,Istanbul Sabiha Gökçen International Airport,SAW,LTFJ,40.898602,29.3092,large_airport,false,year_round,wikidata-q91274,Galata Tower,Galata Tower,41.02563232486636,28.974153190722507,62.59,structural_tip,vertical_landmark,1349,iconic,false,high,Galata Tower is the selected vertical landmark most strongly associated with Istanbul.,Galata Tower es el hito vertical seleccionado con mayor asociación a Estambul.,31536.504322162706,31.536504322162706,ourairports-2026-09-14;wikidata-q91274,2026-09-14
city-q8652--ourairports-3531--iconic--wikidata-q19817557,city-q8652,Miami,Miami,Miami,US,United States,Estados Unidos,North America,Northern America,ourairports-3531,Fort Lauderdale Hollywood International Airport,Fort Lauderdale Hollywood International Airport,FLL,KFLL,26.072599,-80.152702,large_airport,false,year_round,wikidata-q19817557,One Thousand Museum,One Thousand Museum,25.7842,-80.1901,700,structural_tip,building_or_freestanding_tower,1900,iconic,false,low,One Thousand Museum is the selected vertical landmark most strongly associated with Miami.,One Thousand Museum es el hito vertical seleccionado con mayor asociación a Miami.,32169.730476228862,32.169730476228864,ourairports-2026-09-14;wikidata-q19817557,2026-09-14
city-q85--ourairports-335334--iconic--wikidata-q614684,city-q85,Cairo,El Cairo,Cairo,EG,Egypt,Egipto,Africa,Northern Africa,ourairports-335334,Sphinx International Airport,Sphinx International Airport,SPX,HESX,30.108179,30.895728,large_airport,false,year_round,wikidata-q614684,Cairo Tower,Cairo Tower,30.04583333,31.22444444,187,structural_tip,vertical_landmark,1961,iconic,false,high,Cairo Tower is the selected vertical landmark most strongly associated with Cairo.,Cairo Tower es el hito vertical seleccionado con mayor asociación a El Cairo.,32436.929209693546,32.436929209693545,ourairports-2026-09-14;wikidata-q614684,2026-09-14
city-q42800--ourairports-5882--iconic--wikidata-q42800,city-q42800,Belo Horizonte,Belo Horizonte,Belo Horizonte,BR,Brazil,Brasil,South America,South America,ourairports-5882,Tancredo Neves International Airport,Tancredo Neves International Airport,CNF,SBCF,-19.63571,-43.966928,large_airport,true,year_round,wikidata-q42800,Belo Horizonte,Belo Horizonte,-19.928055555555556,-43.941944444444445,50,structural_tip,building_or_freestanding_tower,1701,iconic,false,high,Belo Horizonte is the selected vertical landmark most strongly associated with Belo Horizonte.,Belo Horizonte es el hito vertical seleccionado con mayor asociación a Belo Horizonte.,32468.83602757755,32.468836027577545,ourairports-2026-09-14;wikidata-q42800,2026-09-14
city-q649--ourairports-26401--iconic--wikidata-q181324,city-q649,Moscow,Moscú,Moscow,RU,Russia,Rusia,Europe,Eastern Europe,ourairports-26401,Vnukovo International Airport,Vnukovo International Airport,VKO,UUWW,55.591499,37.261501,large_airport,false,year_round,wikidata-q181324,Ostankino Tower,Ostankino Tower,55.819722222,37.611666666,540.1,structural_tip,building_or_freestanding_tower,1900,iconic,false,high,Ostankino Tower is the selected vertical landmark most strongly associated with Moscow.,Ostankino Tower es el hito vertical seleccionado con mayor asociación a Moscú.,33619.01851870149,33.61901851870149,ourairports-2026-09-14;wikidata-q181324,2026-09-14
city-q1867--ourairports-5528--iconic--wikidata-q83101,city-q1867,Taipei,Taipéi,Taipei,TW,Taiwan,Taiwán,Asia,Eastern Asia,ourairports-5528,Taiwan Taoyuan International Airport,Taiwan Taoyuan International Airport,TPE,RCTP,25.0777,121.233002,large_airport,true,year_round,wikidata-q83101,Taipei 101,Taipei 101,25.033611111,121.564722222,508,structural_tip,building_or_freestanding_tower,2005,iconic,false,high,Taipei 101 is the selected vertical landmark most strongly associated with Taipei.,Taipei 101 es el hito vertical seleccionado con mayor asociación a Taipéi.,33826.50228240553,33.82650228240553,ourairports-2026-09-14;wikidata-q83101,2026-09-14
city-q406--ourairports-317457--iconic--wikidata-q91274,city-q406,Istanbul,Estambul,Istanbul,TR,Türkiye,Turquía,Asia,Western Asia,ourairports-317457,İstanbul Airport,İstanbul Airport,IST,LTFM,41.274874,28.732136,large_airport,true,year_round,wikidata-q91274,Galata Tower,Galata Tower,41.02563232486636,28.974153190722507,62.59,structural_tip,vertical_landmark,1349,iconic,false,high,Galata Tower is the selected vertical landmark most strongly associated with Istanbul.,Galata Tower es el hito vertical seleccionado con mayor asociación a Estambul.,34335.30247992517,34.335302479925176,ourairports-2026-09-14;wikidata-q91274,2026-09-14
city-q270--ourairports-2622--iconic--wikidata-q167566,city-q270,Warsaw,Varsovia,Warsaw,PL,Poland,Polonia,Europe,Eastern Europe,ourairports-2622,Warsaw Modlin Airport,Warsaw Modlin Airport,WMI,EPMO,52.451099,20.6518,large_airport,false,year_round,wikidata-q167566,Palace of Culture and Science,Palace of Culture and Science,52.231666666667,21.006388888889,230,structural_tip,vertical_landmark,1955,iconic,false,high,Palace of Culture and Science is the selected vertical landmark most strongly associated with Warsaw.,Palace of Culture and Science es el hito vertical seleccionado con mayor asociación a Varsovia.,34354.35157253301,34.354351572533005,ourairports-2026-09-14;wikidata-q167566,2026-09-14
city-q35765--ourairports-5536--iconic--wikidata-q1148463,city-q35765,Osaka,Osaka,Osaka,JP,Japan,Japón,Asia,Eastern Asia,ourairports-5536,Kansai International Airport,Kansai International Airport,KIX,RJBB,34.427299,135.244003,large_airport,true,year_round,wikidata-q1148463,Tsūtenkaku,Tsūtenkaku,34.65222222222222,135.50611111111112,108,structural_tip,vertical_landmark,1956,iconic,false,high,Tsūtenkaku is the selected vertical landmark most strongly associated with Osaka.,Tsūtenkaku es el hito vertical seleccionado con mayor asociación a Osaka.,34662.261254293364,34.66226125429336,ourairports-2026-09-14;wikidata-q1148463,2026-09-14
city-q3929--ourairports-2878--iconic--wikidata-q2882647,city-q3929,Port Louis,Port Louis,Port Louis,MU,Mauritius,Mauricio,Africa,Eastern Africa,ourairports-2878,Sir Seewoosagur Ramgoolam International Airport,Sir Seewoosagur Ramgoolam International Airport,MRU,FIMP,-20.430201,57.683601,large_airport,true,year_round,wikidata-q2882647,Bank of Mauritius Tower,Bank of Mauritius Tower,-20.1618405,57.503752,124,structural_tip,building_or_freestanding_tower,1900,iconic,false,high,Bank of Mauritius Tower is the selected vertical landmark most strongly associated with Port Louis.,Bank of Mauritius Tower es el hito vertical seleccionado con mayor asociación a Port Louis.,35150.36302619032,35.15036302619033,ourairports-2026-09-14;wikidata-q2882647,2026-09-14
city-q612--ourairports-300320--iconic--wikidata-q12495,city-q612,Dubai,Dubái,Dubai,AE,United Arab Emirates,Emiratos Árabes Unidos,Asia,Western Asia,ourairports-300320,Al Maktoum International Airport,Al Maktoum International Airport,DWC,OMDW,24.896171,55.16235,large_airport,false,year_round,wikidata-q12495,Burj Khalifa,Burj Khalifa,25.197222222222223,55.274166666666666,828,structural_tip,vertical_landmark,2010,iconic,false,high,Burj Khalifa is the selected vertical landmark most strongly associated with Dubai.,Burj Khalifa es el hito vertical seleccionado con mayor asociación a Dubái.,35205.735890323835,35.20573589032384,ourairports-2026-09-14;wikidata-q12495,2026-09-14
city-q3894--ourairports-3263--iconic--wikidata-q4022677,city-q3894,Kampala,Kampala,Kampala,UG,Uganda,Uganda,Africa,Eastern Africa,ourairports-3263,Entebbe International Airport,Entebbe International Airport,EBB,HUEN,0.042386,32.443501,large_airport,true,year_round,wikidata-q4022677,Kampala Mosque,Kampala Mosque,0.3,32.633333333333,50,structural_tip,vertical_landmark,1978,iconic,false,high,Kampala Mosque is the selected vertical landmark most strongly associated with Kampala.,Kampala Mosque es el hito vertical seleccionado con mayor asociación a Kampala.,35468.03039882639,35.46803039882639,ourairports-2026-09-14;wikidata-q4022677,2026-09-14
city-q3616--ourairports-5166--iconic--wikidata-q1140026,city-q3616,Tehran,Teherán,Tehran,IR,Iran,Irán,Asia,Southern Asia,ourairports-5166,Imam Khomeini International Airport,Imam Khomeini International Airport,IKA,OIIE,35.416099548339844,51.152198791503906,large_airport,true,year_round,wikidata-q1140026,Azadi Tower,Azadi Tower,35.69972222222222,51.338055555555556,45,structural_tip,vertical_landmark,1971,iconic,false,high,Azadi Tower is the selected vertical landmark most strongly associated with Tehran.,Azadi Tower es el hito vertical seleccionado con mayor asociación a Teherán.,35695.73565014084,35.69573565014084,ourairports-2026-09-14;wikidata-q1140026,2026-09-14
city-q87--ourairports-3180--iconic--wikidata-q43244,city-q87,Alexandria,Alejandría,Alexandria,EG,Egypt,Egipto,Africa,Northern Africa,ourairports-3180,Alexandria International Airport,Alexandria International Airport,HBE,HEAX,30.93249,29.696437,large_airport,true,year_round,wikidata-q43244,Lighthouse of Alexandria,Lighthouse of Alexandria,31.214167,29.885,137,structural_tip,building_or_freestanding_tower,1900,iconic,false,low,Lighthouse of Alexandria is the selected vertical landmark most strongly associated with Alexandria.,Lighthouse of Alexandria es el hito vertical seleccionado con mayor asociación a Alejandría.,36043.12355760843,36.04312355760843,ourairports-2026-09-14;wikidata-q43244,2026-09-14
city-q11751--ourairports-5576--iconic--wikidata-q283373,city-q11751,Nagoya,Nagoya,Nagoya,JP,Japan,Japón,Asia,Eastern Asia,ourairports-5576,Chubu Centrair International Airport,Chubu Centrair International Airport,NGO,RJGG,34.858398,136.804993,large_airport,true,year_round,wikidata-q283373,Nagoya TV Tower,Nagoya TV Tower,35.172381,136.908403,180,structural_tip,vertical_landmark,1954,iconic,false,high,Nagoya TV Tower is the selected vertical landmark most strongly associated with Nagoya.,Nagoya TV Tower es el hito vertical seleccionado con mayor asociación a Nagoya.,36089.57562517976,36.089575625179755,ourairports-2026-09-14;wikidata-q283373,2026-09-14
city-q1754--ourairports-2701--iconic--wikidata-q648483,city-q1754,Stockholm,Estocolmo,Stockholm,SE,Sweden,Suecia,Europe,Northern Europe,ourairports-2701,Stockholm-Arlanda Airport,Stockholm-Arlanda Airport,ARN,ESSA,59.64849,17.928829,large_airport,true,year_round,wikidata-q648483,Stockholm City Hall,Stockholm City Hall,59.3275,18.054722,50,structural_tip,vertical_landmark,1923,iconic,false,high,Stockholm City Hall is the selected vertical landmark most strongly associated with Stockholm.,Stockholm City Hall es el hito vertical seleccionado con mayor asociación a Estocolmo.,36463.899659143855,36.463899659143856,ourairports-2026-09-14;wikidata-q648483,2026-09-14
city-q1489--ourairports-31923--iconic--wikidata-q947870,city-q1489,Mexico City,Ciudad de México,Mexico City,MX,Mexico,México,North America,Central America,ourairports-31923,Felipe Ángeles International Airport,Felipe Ángeles International Airport,NLU,MMSM,19.743824,-99.01507,large_airport,false,year_round,wikidata-q947870,Torre Latinoamericana,Torre Latinoamericana,19.433888888889,-99.140555555556,182,structural_tip,vertical_landmark,1956,iconic,false,high,Torre Latinoamericana is the selected vertical landmark most strongly associated with Mexico City.,Torre Latinoamericana es el hito vertical seleccionado con mayor asociación a Ciudad de México.,36748.812078522926,36.748812078522924,ourairports-2026-09-14;wikidata-q947870,2026-09-14
city-q61--ourairports-3602--iconic--wikidata-q178114,city-q61,"Washington, D.C.",Washington D. C.,"Washington, D.C.",US,United States,Estados Unidos,North America,Northern America,ourairports-3602,Washington Dulles International Airport,Washington Dulles International Airport,IAD,KIAD,38.9445,-77.455803,large_airport,true,year_round,wikidata-q178114,Washington Monument,Washington Monument,38.889475,-77.035244444444,169.046,structural_tip,vertical_landmark,1885,iconic,false,high,"Washington Monument is the selected vertical landmark most strongly associated with Washington, D.C..",Washington Monument es el hito vertical seleccionado con mayor asociación a Washington D. C..,36981.95195357229,36.981951953572285,ourairports-2026-09-14;wikidata-q178114,2026-09-14
city-q16666--ourairports-27221--iconic--wikidata-q382121,city-q16666,Nanjing,Nankín,Nanjing,CN,China,China,Asia,Eastern Asia,ourairports-27221,Nanjing Lukou International Airport,Nanjing Lukou International Airport,NKG,ZSNJ,31.735032,118.865949,large_airport,true,year_round,wikidata-q382121,Zifeng Tower,Zifeng Tower,32.062472222,118.778055555,450,structural_tip,building_or_freestanding_tower,2010,iconic,false,high,Zifeng Tower is the selected vertical landmark most strongly associated with Nanjing.,Zifeng Tower es el hito vertical seleccionado con mayor asociación a Nankín.,37248.04061767352,37.24804061767352,ourairports-2026-09-14;wikidata-q382121,2026-09-14
city-q585--ourairports-2578--iconic--wikidata-q373850,city-q585,Oslo,Oslo,Oslo,NO,Norway,Noruega,Europe,Northern Europe,ourairports-2578,Oslo-Gardermoen International Airport,Oslo-Gardermoen International Airport,OSL,ENGM,60.193901,11.1004,large_airport,true,year_round,wikidata-q373850,Oslo City Hall,Oslo City Hall,59.91167,10.73361,66,structural_tip,building_or_freestanding_tower,1950,iconic,false,high,Oslo City Hall is the selected vertical landmark most strongly associated with Oslo.,Oslo City Hall es el hito vertical seleccionado con mayor asociación a Oslo.,37500.54571562672,37.50054571562672,ourairports-2026-09-14;wikidata-q373850,2026-09-14
city-q84--ourairports-2429--iconic--wikidata-q41225,city-q84,London,Londres,London,GB,United Kingdom,Reino Unido,Europe,Northern Europe,ourairports-2429,London Gatwick Airport,London Gatwick Airport,LGW,EGKK,51.148744,-0.185739,large_airport,false,year_round,wikidata-q41225,Big Ben,Big Ben,51.50067,-0.12457,96,structural_tip,vertical_landmark,1843,iconic,false,high,Big Ben is the selected vertical landmark most strongly associated with London.,Big Ben es el hito vertical seleccionado con mayor asociación a Londres.,39384.830789475374,39.38483078947537,ourairports-2026-09-14;wikidata-q41225,2026-09-14
city-q490--ourairports-4340--iconic--wikidata-q18068,city-q490,Milan,Milán,Milan,IT,Italy,Italia,Europe,Southern Europe,ourairports-4340,Milan Malpensa International Airport,Milan Malpensa International Airport,MXP,LIMC,45.6306,8.72811,large_airport,true,year_round,wikidata-q18068,Milan Cathedral,Milan Cathedral,45.463968,9.190578,108.5,structural_tip,vertical_landmark,1386,iconic,false,high,Milan Cathedral is the selected vertical landmark most strongly associated with Milan.,Milan Cathedral es el hito vertical seleccionado con mayor asociación a Milán.,40586.901113926426,40.58690111392642,ourairports-2026-09-14;wikidata-q18068,2026-09-14
city-q3935--ourairports-3039--iconic--wikidata-q3935,city-q3935,Windhoek,Windhoek,Windhoek,NA,Namibia,Namibia,Africa,Southern Africa,ourairports-3039,Hosea Kutako International Airport,Hosea Kutako International Airport,WDH,FYWH,-22.4799,17.4709,large_airport,true,year_round,wikidata-q3935,Windhoek,Windhoek,-22.57,17.083611111111,50,structural_tip,building_or_freestanding_tower,1840,iconic,false,high,Windhoek is the selected vertical landmark most strongly associated with Windhoek.,Windhoek es el hito vertical seleccionado con mayor asociación a Windhoek.,41073.66997776545,41.07366997776545,ourairports-2026-09-14;wikidata-q3935,2026-09-14
city-q1218--ourairports-4411--iconic--wikidata-q1177765,city-q1218,Jerusalem,Jerusalén,Jerusalem,IL,Israel,Israel,Asia,Western Asia,ourairports-4411,Ben Gurion International Airport,Ben Gurion International Airport,TLV,LLBG,32.011398,34.8867,large_airport,true,year_round,wikidata-q1177765,Tower of David,Tower of David,31.776111111111,35.227777777778,50,structural_tip,vertical_landmark,150,iconic,false,high,Tower of David is the selected vertical landmark most strongly associated with Jerusalem.,Tower of David es el hito vertical seleccionado con mayor asociación a Jerusalén.,41494.66392081236,41.49466392081236,ourairports-2026-09-14;wikidata-q1177765,2026-09-14
city-q84--ourairports-2419--iconic--wikidata-q41225,city-q84,London,Londres,London,GB,United Kingdom,Reino Unido,Europe,Northern Europe,ourairports-2419,London Luton Airport,London Luton Airport,LTN,EGGW,51.874699,-0.368333,large_airport,false,year_round,wikidata-q41225,Big Ben,Big Ben,51.50067,-0.12457,96,structural_tip,vertical_landmark,1843,iconic,false,high,Big Ben is the selected vertical landmark most strongly associated with London.,Big Ben es el hito vertical seleccionado con mayor asociación a Londres.,44899.59807909371,44.89959807909371,ourairports-2026-09-14;wikidata-q41225,2026-09-14
city-q61--ourairports-3435--iconic--wikidata-q178114,city-q61,"Washington, D.C.",Washington D. C.,"Washington, D.C.",US,United States,Estados Unidos,North America,Northern America,ourairports-3435,Baltimore/Washington International Thurgood Marshall Airport,Baltimore/Washington International Thurgood Marshall Airport,BWI,KBWI,39.1754,-76.668297,large_airport,false,year_round,wikidata-q178114,Washington Monument,Washington Monument,38.889475,-77.035244444444,169.046,structural_tip,vertical_landmark,1885,iconic,false,high,"Washington Monument is the selected vertical landmark most strongly associated with Washington, D.C..",Washington Monument es el hito vertical seleccionado con mayor asociación a Washington D. C..,44911.87642190483,44.91187642190483,ourairports-2026-09-14;wikidata-q178114,2026-09-14
city-q649--ourairports-42967--iconic--wikidata-q181324,city-q649,Moscow,Moscú,Moscow,RU,Russia,Rusia,Europe,Eastern Europe,ourairports-42967,Zhukovsky International Airport,Zhukovsky International Airport,ZIA,UUBW,55.553299,38.150002,large_airport,false,year_round,wikidata-q181324,Ostankino Tower,Ostankino Tower,55.819722222,37.611666666,540.1,structural_tip,building_or_freestanding_tower,1900,iconic,false,high,Ostankino Tower is the selected vertical landmark most strongly associated with Moscow.,Ostankino Tower es el hito vertical seleccionado con mayor asociación a Moscú.,45014.636187997,45.014636187997,ourairports-2026-09-14;wikidata-q181324,2026-09-14
city-q4093--ourairports-2464--iconic--wikidata-q4093,city-q4093,Glasgow,Glasgow,Glasgow,GB,United Kingdom,Reino Unido,Europe,Northern Europe,ourairports-2464,Glasgow Prestwick Airport,Glasgow Prestwick Airport,PIK,EGPK,55.501499,-4.577182,large_airport,false,year_round,wikidata-q4093,Glasgow,Glasgow,55.861111111111114,-4.25,50,structural_tip,building_or_freestanding_tower,1900,iconic,false,high,Glasgow is the selected vertical landmark most strongly associated with Glasgow.,Glasgow es el hito vertical seleccionado con mayor asociación a Glasgow.,45017.876914897824,45.017876914897826,ourairports-2026-09-14;wikidata-q4093,2026-09-14
city-q1865--ourairports-26874--iconic--wikidata-q83063,city-q1865,Kuala Lumpur,Kuala Lumpur,Kuala Lumpur,MY,Malaysia,Malasia,Asia,South-eastern Asia,ourairports-26874,Kuala Lumpur International Airport,Kuala Lumpur International Airport,KUL,WMKK,2.74558,101.709999,large_airport,true,year_round,wikidata-q83063,Petronas Towers,Petronas Towers,3.1577777777777776,101.71166666666667,1483,structural_tip,vertical_landmark,1999,iconic,false,high,Petronas Towers is the selected vertical landmark most strongly associated with Kuala Lumpur.,Petronas Towers es el hito vertical seleccionado con mayor asociación a Kuala Lumpur.,45580.06340850325,45.58006340850325,ourairports-2026-09-14;wikidata-q83063,2026-09-14
city-q956--ourairports-330820--iconic--wikidata-q197833,city-q956,Beijing,Pekín,Beijing,CN,China,China,Asia,Eastern Asia,ourairports-330820,Beijing Daxing International Airport,Beijing Daxing International Airport,PKX,ZBAD,39.501289,116.413967,large_airport,false,year_round,wikidata-q197833,China Zun,China Zun,39.911388888,116.460277777,528,structural_tip,building_or_freestanding_tower,1900,iconic,false,low,China Zun is the selected vertical landmark most strongly associated with Beijing.,China Zun es el hito vertical seleccionado con mayor asociación a Pekín.,45705.85412759499,45.70585412759499,ourairports-2026-09-14;wikidata-q197833,2026-09-14
city-q3718--ourairports-325736--iconic--wikidata-q470763,city-q3718,Dakar,Dakar,Dakar,SN,Senegal,Senegal,Africa,Western Africa,ourairports-325736,Blaise Diagne International Airport,Blaise Diagne International Airport,DSS,GOBD,14.670878,-17.072829,large_airport,true,year_round,wikidata-q470763,African Renaissance Monument,African Renaissance Monument,14.722222222222221,-17.495,60,structural_tip,vertical_landmark,2010,iconic,false,high,African Renaissance Monument is the selected vertical landmark most strongly associated with Dakar.,African Renaissance Monument es el hito vertical seleccionado con mayor asociación a Dakar.,45821.620601555376,45.821620601555374,ourairports-2026-09-14;wikidata-q470763,2026-09-14
city-q490--ourairports-4341--iconic--wikidata-q18068,city-q490,Milan,Milán,Milan,IT,Italy,Italia,Europe,Southern Europe,ourairports-4341,Il Caravaggio International Airport,Il Caravaggio International Airport,BGY,LIME,45.669362,9.708851,large_airport,false,year_round,wikidata-q18068,Milan Cathedral,Milan Cathedral,45.463968,9.190578,108.5,structural_tip,vertical_landmark,1386,iconic,false,high,Milan Cathedral is the selected vertical landmark most strongly associated with Milan.,Milan Cathedral es el hito vertical seleccionado con mayor asociación a Milán.,46455.030034994874,46.45503003499488,ourairports-2026-09-14;wikidata-q18068,2026-09-14
city-q8684--ourairports-5653--iconic--wikidata-q69134,city-q8684,Seoul,Seúl,Seoul,KR,South Korea,Corea del Sur,Asia,Eastern Asia,ourairports-5653,Incheon International Airport,Incheon International Airport,ICN,RKSI,37.469101,126.450996,large_airport,true,year_round,wikidata-q69134,Namsan Seoul Tower,Namsan Seoul Tower,37.551216,126.988276,236.83,structural_tip,vertical_landmark,1980,iconic,false,high,Namsan Seoul Tower is the selected vertical landmark most strongly associated with Seoul.,Namsan Seoul Tower es el hito vertical seleccionado con mayor asociación a Seúl.,48369.07352571807,48.36907352571807,ourairports-2026-09-14;wikidata-q69134,2026-09-14
city-q239--ourairports-2157--iconic--wikidata-q180901,city-q239,Brussels,Bruselas,Brussels,BE,Belgium,Bélgica,Europe,Western Europe,ourairports-2157,Brussels South Charleroi Airport,Brussels South Charleroi Airport,CRL,EBCI,50.461963,4.459562,large_airport,false,year_round,wikidata-q180901,Atomium,Atomium,50.895,4.3413888888889,102,structural_tip,vertical_landmark,1958,iconic,false,high,Atomium is the selected vertical landmark most strongly associated with Brussels.,Atomium es el hito vertical seleccionado con mayor asociación a Bruselas.,48890.71711071478,48.89071711071478,ourairports-2026-09-14;wikidata-q180901,2026-09-14
city-q649--ourairports-26394--iconic--wikidata-q181324,city-q649,Moscow,Moscú,Moscow,RU,Russia,Rusia,Europe,Eastern Europe,ourairports-26394,Domodedovo International Airport,Domodedovo International Airport,DME,UUDD,55.408798,37.9063,large_airport,false,year_round,wikidata-q181324,Ostankino Tower,Ostankino Tower,55.819722222,37.611666666,540.1,structural_tip,building_or_freestanding_tower,1900,iconic,false,high,Ostankino Tower is the selected vertical landmark most strongly associated with Moscow.,Ostankino Tower es el hito vertical seleccionado con mayor asociación a Moscú.,49373.576733038964,49.373576733038966,ourairports-2026-09-14;wikidata-q181324,2026-09-14
city-q84--ourairports-2476--iconic--wikidata-q41225,city-q84,London,Londres,London,GB,United Kingdom,Reino Unido,Europe,Northern Europe,ourairports-2476,London Stansted Airport,London Stansted Airport,STN,EGSS,51.884998,0.235,large_airport,false,year_round,wikidata-q41225,Big Ben,Big Ben,51.50067,-0.12457,96,structural_tip,vertical_landmark,1843,iconic,false,high,Big Ben is the selected vertical landmark most strongly associated with London.,Big Ben es el hito vertical seleccionado con mayor asociación a Londres.,49463.727487938675,49.46372748793868,ourairports-2026-09-14;wikidata-q41225,2026-09-14
city-q3141--ourairports-27043--iconic--wikidata-q19817555,city-q3141,Melbourne,Melbourne,Melbourne,AU,Australia,Australia,Oceania,Australia and New Zealand,ourairports-27043,Melbourne Avalon International Airport,Melbourne Avalon International Airport,AVV,YMAV,-38.040269,144.467196,large_airport,false,year_round,wikidata-q19817555,Light House Melbourne,Light House Melbourne,-37.80836111,144.96083333,715,structural_tip,building_or_freestanding_tower,1900,iconic,false,low,Light House Melbourne is the selected vertical landmark most strongly associated with Melbourne.,Light House Melbourne es el hito vertical seleccionado con mayor asociación a Melbourne.,50460.81095421429,50.460810954214296,ourairports-2026-09-14;wikidata-q19817555,2026-09-14
city-q30002--ourairports-342095--iconic--wikidata-q2118734,city-q30002,Chengdu,Chengdu,Chengdu,CN,China,China,Asia,Eastern Asia,ourairports-342095,Chengdu Tianfu International Airport,Chengdu Tianfu International Airport,TFU,ZUTF,30.31252,104.441284,large_airport,false,year_round,wikidata-q2118734,Tianfu Panda Tower,Tianfu Panda Tower,30.66444,104.09222,50,structural_tip,vertical_landmark,2006,iconic,false,high,Tianfu Panda Tower is the selected vertical landmark most strongly associated with Chengdu.,Tianfu Panda Tower es el hito vertical seleccionado con mayor asociación a Chengdu.,51432.105417991355,51.43210541799136,ourairports-2026-09-14;wikidata-q2118734,2026-09-14
city-q65--ourairports-3894--iconic--wikidata-q368489,city-q65,Los Angeles,Los Ángeles,Los Angeles,US,United States,Estados Unidos,North America,Northern America,ourairports-3894,John Wayne Orange County International Airport,John Wayne Orange County International Airport,SNA,KSNA,33.675063,-117.869281,large_airport,false,year_round,wikidata-q368489,Los Angeles City Hall,Los Angeles City Hall,34.0536,-118.243,138,structural_tip,vertical_landmark,1928,iconic,false,high,Los Angeles City Hall is the selected vertical landmark most strongly associated with Los Angeles.,Los Angeles City Hall es el hito vertical seleccionado con mayor asociación a Los Ángeles.,54394.389324315336,54.394389324315334,ourairports-2026-09-14;wikidata-q368489,2026-09-14
city-q727--ourairports-2513--iconic--wikidata-q1816984,city-q727,Amsterdam,Ámsterdam,Amsterdam,NL,Netherlands,Países Bajos,Europe,Western Europe,ourairports-2513,Amsterdam Airport Schiphol,Amsterdam Airport Schiphol,AMS,EHAM,52.308601,4.76389,large_airport,true,year_round,wikidata-q1816984,Westerkerk,Westerkerk,52.703333,5.286812,50,structural_tip,building_or_freestanding_tower,1900,iconic,false,high,Westerkerk is the selected vertical landmark most strongly associated with Amsterdam.,Westerkerk es el hito vertical seleccionado con mayor asociación a Ámsterdam.,56480.75125714459,56.48075125714459,ourairports-2026-09-14;wikidata-q1816984,2026-09-14
city-q84--ourairports-2435--iconic--wikidata-q41225,city-q84,London,Londres,London,GB,United Kingdom,Reino Unido,Europe,Northern Europe,ourairports-2435,London Southend Airport,London Southend Airport,SEN,EGMC,51.570562,0.693627,medium_airport,false,year_round,wikidata-q41225,Big Ben,Big Ben,51.50067,-0.12457,96,structural_tip,vertical_landmark,1843,iconic,false,high,Big Ben is the selected vertical landmark most strongly associated with London.,Big Ben es el hito vertical seleccionado con mayor asociación a Londres.,57301.48742057313,57.30148742057313,ourairports-2026-09-14;wikidata-q41225,2026-09-14
city-q65--ourairports-3752--iconic--wikidata-q368489,city-q65,Los Angeles,Los Ángeles,Los Angeles,US,United States,Estados Unidos,North America,Northern America,ourairports-3752,Ontario International Airport,Ontario International Airport,ONT,KONT,34.056,-117.600998,large_airport,false,year_round,wikidata-q368489,Los Angeles City Hall,Los Angeles City Hall,34.0536,-118.243,138,structural_tip,vertical_landmark,1928,iconic,false,high,Los Angeles City Hall is the selected vertical landmark most strongly associated with Los Angeles.,Los Angeles City Hall es el hito vertical seleccionado con mayor asociación a Los Ángeles.,59273.604007696114,59.273604007696115,ourairports-2026-09-14;wikidata-q368489,2026-09-14
city-q1490--ourairports-5531--iconic--wikidata-q183536,city-q1490,Tokyo,Tokio,Tokyo,JP,Japan,Japón,Asia,Eastern Asia,ourairports-5531,Narita International Airport,Narita International Airport,NRT,RJAA,35.76858,140.388714,large_airport,false,year_round,wikidata-q183536,Tokyo Tower,Tokyo Tower,35.658611111111114,139.74555555555557,332.6,structural_tip,vertical_landmark,1958,iconic,false,high,Tokyo Tower is the selected vertical landmark most strongly associated with Tokyo.,Tokyo Tower es el hito vertical seleccionado con mayor asociación a Tokio.,59463.64383429123,59.46364383429123,ourairports-2026-09-14;wikidata-q183536,2026-09-14
city-q62--ourairports-3883--iconic--wikidata-q216865,city-q62,San Francisco,San Francisco,San Francisco,US,United States,Estados Unidos,North America,Northern America,ourairports-3883,Mineta San Jose International Airport,Mineta San Jose International Airport,SJC,KSJC,37.362452,-121.929188,large_airport,false,year_round,wikidata-q216865,Transamerica Pyramid,Transamerica Pyramid,37.795135,-122.402748,260,structural_tip,vertical_landmark,1969,iconic,false,high,Transamerica Pyramid is the selected vertical landmark most strongly associated with San Francisco.,Transamerica Pyramid es el hito vertical seleccionado con mayor asociación a San Francisco.,63686.541255784694,63.6865412557847,ourairports-2026-09-14;wikidata-q216865,2026-09-14
city-q90--ourairports-4169--iconic--wikidata-q243,city-q90,Paris,París,Paris,FR,France,Francia,Europe,Western Europe,ourairports-4169,Beauvais-Tillé airport,Beauvais-Tillé airport,BVA,LFOB,49.454399,2.11278,large_airport,false,year_round,wikidata-q243,Eiffel Tower,Eiffel Tower,48.858296,2.294479,330,structural_tip,building_or_freestanding_tower,1889,iconic,false,high,Eiffel Tower is the selected vertical landmark most strongly associated with Paris.,Eiffel Tower es el hito vertical seleccionado con mayor asociación a París.,67606.05398084817,67.60605398084817,ourairports-2026-09-14;wikidata-q243,2026-09-14
city-q174--ourairports-5927--iconic--wikidata-q169420,city-q174,São Paulo,São Paulo,São Paulo,BR,Brazil,Brasil,South America,South America,ourairports-5927,Viracopos International Airport,Viracopos International Airport,VCP,SBKP,-23.007404,-47.134502,large_airport,false,year_round,wikidata-q169420,Edifício Altino Arantes,Edifício Altino Arantes,-23.54567499999998,-46.63409999999999,161.22,structural_tip,vertical_landmark,1947,iconic,false,high,Edifício Altino Arantes is the selected vertical landmark most strongly associated with São Paulo.,Edifício Altino Arantes es el hito vertical seleccionado con mayor asociación a São Paulo.,78579.73660412067,78.57973660412067,ourairports-2026-09-14;wikidata-q169420,2026-09-14
city-q172--ourairports-1926--tallest--wikidata-q134883,city-q172,Toronto,Toronto,Toronto,CA,Canada,Canadá,North America,Northern America,ourairports-1926,Billy Bishop Toronto City Airport,Billy Bishop Toronto City Airport,YTZ,CYTZ,43.627852,-79.39553,medium_airport,false,year_round,wikidata-q134883,CN Tower,CN Tower,43.642752777,-79.387147222,553.3,structural_tip,building_or_freestanding_tower,1976,tallest,false,medium,CN Tower is the highest completed eligible Wikidata candidate reviewed for Toronto.,CN Tower es el candidato elegible completado más alto revisado en Wikidata para Toronto.,1788.420127719707,1.788420127719707,ourairports-2026-09-14;wikidata-q134883,2026-09-14
city-q1486--ourairports-5771--tallest--wikidata-q114055043,city-q1486,Buenos Aires,Buenos Aires,Buenos Aires,AR,Argentina,Argentina,South America,South America,ourairports-5771,Aeroparque Jorge Newbery,Aeroparque Jorge Newbery,AEP,SABE,-34.559419,-58.415536,large_airport,false,year_round,wikidata-q114055043,Q114055043,Q114055043,-34.57453833,-58.40874228,430,structural_tip,building_or_freestanding_tower,1900,tallest,false,medium,Q114055043 is the highest completed eligible Wikidata candidate reviewed for Buenos Aires.,Q114055043 es el candidato elegible completado más alto revisado en Wikidata para Buenos Aires.,1789.3475137967027,1.7893475137967028,ourairports-2026-09-14;wikidata-q114055043,2026-09-14
city-q8678--ourairports-5967--tallest--wikidata-q2411716,city-q8678,Rio de Janeiro,Río de Janeiro,Rio de Janeiro,BR,Brazil,Brasil,South America,South America,ourairports-5967,Santos Dumont Airport,Santos Dumont Airport,SDU,SBRJ,-22.910397,-43.16282,large_airport,false,year_round,wikidata-q2411716,Rio de Janeiro Cathedral,Rio de Janeiro Cathedral,-22.910925,-43.180711,75,structural_tip,building_or_freestanding_tower,1900,tallest,false,medium,Rio de Janeiro Cathedral is the highest completed eligible Wikidata candidate reviewed for Rio de Janeiro.,Rio de Janeiro Cathedral es el candidato elegible completado más alto revisado en Wikidata para Río de Janeiro.,1836.3667347301473,1.8363667347301473,ourairports-2026-09-14;wikidata-q2411716,2026-09-14
city-q3761--ourairports-2090--tallest--wikidata-q124619191,city-q3761,Accra,Acra,Accra,GH,Ghana,Ghana,Africa,Western Africa,ourairports-2090,Kotoka International Airport,Kotoka International Airport,ACC,DGAA,5.605189800262451,-0.16678600013256073,large_airport,true,year_round,wikidata-q124619191,Villagio Apartments,Villagio Apartments,5.6205,-0.1781,100,structural_tip,building_or_freestanding_tower,1900,tallest,false,medium,Villagio Apartments is the highest completed eligible Wikidata candidate reviewed for Accra.,Villagio Apartments es el candidato elegible completado más alto revisado en Wikidata para Acra.,2106.5842353882117,2.106584235388212,ourairports-2026-09-14;wikidata-q124619191,2026-09-14
city-q43509--ourairports-6056--tallest--wikidata-q6150287,city-q43509,Guayaquil,Guayaquil,Guayaquil,EC,Ecuador,Ecuador,South America,South America,ourairports-6056,José Joaquín de Olmedo International Airport,José Joaquín de Olmedo International Airport,GYE,SEGU,-2.15742,-79.883598,large_airport,true,year_round,wikidata-q6150287,Torre The Point,Torre The Point,-2.178295,-79.876221,137,structural_tip,building_or_freestanding_tower,1900,tallest,false,medium,Torre The Point is the highest completed eligible Wikidata candidate reviewed for Guayaquil.,Torre The Point es el candidato elegible completado más alto revisado en Wikidata para Guayaquil.,2449.802667978666,2.4498026679786657,ourairports-2026-09-14;wikidata-q6150287,2026-09-14
city-q3870--ourairports-3215--tallest--wikidata-q55642324,city-q3870,Nairobi,Nairobi,Nairobi,KE,Kenya,Kenia,Africa,Eastern Africa,ourairports-3215,Nairobi Wilson Airport,Nairobi Wilson Airport,WIL,HKNW,-1.32172,36.8148,medium_airport,false,year_round,wikidata-q55642324,The Pinnacle (Nairobi),The Pinnacle (Nairobi),-1.29666667,36.81805556,320,structural_tip,building_or_freestanding_tower,1900,tallest,false,medium,The Pinnacle (Nairobi) is the highest completed eligible Wikidata candidate reviewed for Nairobi.,The Pinnacle (Nairobi) es el candidato elegible completado más alto revisado en Wikidata para Nairobi.,2793.860703054952,2.793860703054952,ourairports-2026-09-14;wikidata-q55642324,2026-09-14
city-q1867--ourairports-5527--tallest--wikidata-q83101,city-q1867,Taipei,Taipéi,Taipei,TW,Taiwan,Taiwán,Asia,Eastern Asia,ourairports-5527,Taipei Songshan International Airport,Taipei Songshan International Airport,TSA,RCSS,25.067244,121.552822,large_airport,false,year_round,wikidata-q83101,Taipei 101,Taipei 101,25.033611111,121.564722222,508,structural_tip,building_or_freestanding_tower,2005,tallest,false,medium,Taipei 101 is the highest completed eligible Wikidata candidate reviewed for Taipei.,Taipei 101 es el candidato elegible completado más alto revisado en Wikidata para Taipéi.,3914.3818871609433,3.9143818871609435,ourairports-2026-09-14;wikidata-q83101,2026-09-14
city-q1754--ourairports-2702--tallest--wikidata-q10550988,city-q1754,Stockholm,Estocolmo,Stockholm,SE,Sweden,Suecia,Europe,Northern Europe,ourairports-2702,Stockholm-Bromma Airport,Stockholm-Bromma Airport,BMA,ESSB,59.354401,17.9417,medium_airport,false,year_round,wikidata-q10550988,Block Lusten,Block Lusten,59.339166666,18.005555555,78,structural_tip,building_or_freestanding_tower,1900,tallest,false,medium,Block Lusten is the highest completed eligible Wikidata candidate reviewed for Stockholm.,Block Lusten es el candidato elegible completado más alto revisado en Wikidata para Estocolmo.,4009.983712303106,4.009983712303106,ourairports-2026-09-14;wikidata-q10550988,2026-09-14
city-q48278--ourairports-6132--tallest--wikidata-q7826994,city-q48278,Medellín,Medellín,Medellín,CO,Colombia,Colombia,South America,South America,ourairports-6132,Enrique Olaya Herrera Airport,Enrique Olaya Herrera Airport,EOH,SKMD,6.219686,-75.590597,medium_airport,false,year_round,wikidata-q7826994,Torre del Café,Torre del Café,6.249022,-75.568536,160,structural_tip,building_or_freestanding_tower,1900,tallest,false,medium,Torre del Café is the highest completed eligible Wikidata candidate reviewed for Medellín.,Torre del Café es el candidato elegible completado más alto revisado en Wikidata para Medellín.,4060.193455966356,4.060193455966356,ourairports-2026-09-14;wikidata-q7826994,2026-09-14
city-q3897--ourairports-2942--tallest--wikidata-q32788393,city-q3897,Luanda,Luanda,Luanda,AO,Angola,Angola,Africa,Middle Africa,ourairports-2942,Quatro de Fevereiro International Airport,Quatro de Fevereiro International Airport,LAD,FNLU,-8.85837,13.2312,large_airport,true,year_round,wikidata-q32788393,Mausoleum of Agostinho Neto,Mausoleum of Agostinho Neto,-8.823611,13.218947,50,structural_tip,building_or_freestanding_tower,1900,tallest,false,low,Mausoleum of Agostinho Neto is the highest completed eligible Wikidata candidate reviewed for Luanda.,Mausoleum of Agostinho Neto es el candidato elegible completado más alto revisado en Wikidata para Luanda.,4073.8135774155207,4.073813577415521,ourairports-2026-09-14;wikidata-q32788393,2026-09-14
city-q1963--ourairports-3249--tallest--wikidata-q553923,city-q1963,Khartoum,Jartum,Khartoum,SD,Sudan,Sudán,Africa,Northern Africa,ourairports-3249,Khartoum International Airport,Khartoum International Airport,KRT,HSSK,15.5895,32.5532,large_airport,true,year_round,wikidata-q553923,Corinthia Hotel Khartoum,Corinthia Hotel Khartoum,15.606667,32.513611,50,structural_tip,building_or_freestanding_tower,2008,tallest,false,low,Corinthia Hotel Khartoum is the highest completed eligible Wikidata candidate reviewed for Khartoum.,Corinthia Hotel Khartoum es el candidato elegible completado más alto revisado en Wikidata para Jartum.,4651.3342393913845,4.651334239391384,ourairports-2026-09-14;wikidata-q553923,2026-09-14
city-q23661--ourairports-5063--tallest--wikidata-q10323215,city-q23661,Wellington,Wellington,Wellington,NZ,New Zealand,Nueva Zelanda,Oceania,Australia and New Zealand,ourairports-5063,Wellington International Airport,Wellington International Airport,WLG,NZWN,-41.326839,174.806862,large_airport,true,year_round,wikidata-q10323215,Majestic Centre,Majestic Centre,-41.2884,174.774,50,structural_tip,building_or_freestanding_tower,1991,tallest,false,low,Majestic Centre is the highest completed eligible Wikidata candidate reviewed for Wellington.,Majestic Centre es el candidato elegible completado más alto revisado en Wikidata para Wellington.,5079.1609411672825,5.079160941167283,ourairports-2026-09-14;wikidata-q10323215,2026-09-14
city-q3889--ourairports-2975--tallest--wikidata-q96912088,city-q3889,Maputo,Maputo,Maputo,MZ,Mozambique,Mozambique,Africa,Eastern Africa,ourairports-2975,Maputo Airport,Maputo Airport,MPM,FQMA,-25.920799,32.572601,large_airport,true,year_round,wikidata-q96912088,Banco de Mocambique Tower 1,Banco de Mocambique Tower 1,-25.9725,32.57,130,structural_tip,building_or_freestanding_tower,1900,tallest,false,medium,Banco de Mocambique Tower 1 is the highest completed eligible Wikidata candidate reviewed for Maputo.,Banco de Mocambique Tower 1 es el candidato elegible completado más alto revisado en Wikidata para Maputo.,5733.729548465276,5.733729548465276,ourairports-2026-09-14;wikidata-q96912088,2026-09-14
city-q3624--ourairports-3157--tallest--wikidata-q96912134,city-q3624,Addis Ababa,Adís Abeba,Addis Ababa,ET,Ethiopia,Etiopía,Africa,Eastern Africa,ourairports-3157,Addis Ababa Bole International Airport,Addis Ababa Bole International Airport,ADD,HAAB,8.97789,38.799301,large_airport,true,year_round,wikidata-q96912134,Wegagen Bank Headquarters,Wegagen Bank Headquarters,9.011762,38.756045,107,structural_tip,building_or_freestanding_tower,1900,tallest,false,medium,Wegagen Bank Headquarters is the highest completed eligible Wikidata candidate reviewed for Addis Ababa.,Wegagen Bank Headquarters es el candidato elegible completado más alto revisado en Wikidata para Adís Abeba.,6054.595772941709,6.054595772941709,ourairports-2026-09-14;wikidata-q96912134,2026-09-14
city-q34370--ourairports-2524--tallest--wikidata-q969215,city-q34370,Rotterdam,Róterdam,Rotterdam,NL,Netherlands,Países Bajos,Europe,Western Europe,ourairports-2524,Rotterdam The Hague Airport,Rotterdam The Hague Airport,RTM,EHRD,51.956902,4.43722,large_airport,true,year_round,wikidata-q969215,Euromast,Euromast,51.905388888888886,4.466583333333333,184.5,structural_tip,building_or_freestanding_tower,1960,tallest,false,low,Euromast is the highest completed eligible Wikidata candidate reviewed for Rotterdam.,Euromast es el candidato elegible completado más alto revisado en Wikidata para Róterdam.,6077.100159763375,6.077100159763375,ourairports-2026-09-14;wikidata-q969215,2026-09-14
city-q3572--ourairports-2133--tallest--wikidata-q29059648,city-q3572,Tunis,Túnez,Tunis,TN,Tunisia,Túnez,Africa,Northern Africa,ourairports-2133,Tunis Carthage International Airport,Tunis Carthage International Airport,TUN,DTTA,36.851002,10.2272,large_airport,true,year_round,wikidata-q29059648,Nation Tower,Nation Tower,36.80347,10.186468,82.54,structural_tip,building_or_freestanding_tower,1900,tallest,false,medium,Nation Tower is the highest completed eligible Wikidata candidate reviewed for Tunis.,Nation Tower es el candidato elegible completado más alto revisado en Wikidata para Túnez.,6405.346257412423,6.405346257412424,ourairports-2026-09-14;wikidata-q29059648,2026-09-14
city-q5112--ourairports-27096--tallest--wikidata-q5112,city-q5112,Adelaide,Adelaida,Adelaide,AU,Australia,Australia,Oceania,Australia and New Zealand,ourairports-27096,Adelaide International Airport,Adelaide International Airport,ADL,YPAD,-34.947512,138.533393,large_airport,true,year_round,wikidata-q5112,Adelaide,Adelaide,-34.9275,138.6,50,structural_tip,building_or_freestanding_tower,1836,tallest,false,low,Adelaide is the highest completed eligible Wikidata candidate reviewed for Adelaide.,Adelaide es el candidato elegible completado más alto revisado en Wikidata para Adelaida.,6477.404466652843,6.477404466652843,ourairports-2026-09-14;wikidata-q5112,2026-09-14
city-q100--ourairports-3422--tallest--wikidata-q17986468,city-q100,Boston,Boston,Boston,US,United States,Estados Unidos,North America,Northern America,ourairports-3422,Boston Logan International Airport,Boston Logan International Airport,BOS,KBOS,42.36197,-71.0079,large_airport,true,year_round,wikidata-q17986468,"Four Seasons Hotel & Private Residences, One Dalton Street","Four Seasons Hotel & Private Residences, One Dalton Street",42.34572,-71.083959,742,structural_tip,building_or_freestanding_tower,2019,tallest,false,medium,"Four Seasons Hotel & Private Residences, One Dalton Street is the highest completed eligible Wikidata candidate reviewed for Boston.","Four Seasons Hotel & Private Residences, One Dalton Street es el candidato elegible completado más alto revisado en Wikidata para Boston.",6521.304767818313,6.521304767818313,ourairports-2026-09-14;wikidata-q17986468,2026-09-14
city-q11194--ourairports-4469--tallest--wikidata-q3437287,city-q11194,Sarajevo,Sarajevo,Sarajevo,BA,Bosnia & Herzegovina,Bosnia y Herzegovina,Europe,Southern Europe,ourairports-4469,Sarajevo International Airport,Sarajevo International Airport,SJJ,LQSA,43.8246,18.331499,large_airport,true,year_round,wikidata-q3437287,Greece–Bosnia and Herzegovina Friendship Building,Greece–Bosnia and Herzegovina Friendship Building,43.85503611,18.405175,263.65,structural_tip,building_or_freestanding_tower,1900,tallest,false,medium,Greece–Bosnia and Herzegovina Friendship Building is the highest completed eligible Wikidata candidate reviewed for Sarajevo.,Greece–Bosnia and Herzegovina Friendship Building es el candidato elegible completado más alto revisado en Wikidata para Sarajevo.,6822.275894029822,6.822275894029822,ourairports-2026-09-14;wikidata-q3437287,2026-09-14
city-q61--ourairports-3483--tallest--wikidata-q4269513,city-q61,"Washington, D.C.",Washington D. C.,"Washington, D.C.",US,United States,Estados Unidos,North America,Northern America,ourairports-3483,Ronald Reagan Washington National Airport,Ronald Reagan Washington National Airport,DCA,KDCA,38.8521,-77.037697,large_airport,false,year_round,wikidata-q4269513,Healy Hall,Healy Hall,38.907277777,-77.072722222,200,structural_tip,building_or_freestanding_tower,1900,tallest,false,medium,"Healy Hall is the highest completed eligible Wikidata candidate reviewed for Washington, D.C..",Healy Hall es el candidato elegible completado más alto revisado en Wikidata para Washington D. C..,6838.000571184079,6.838000571184079,ourairports-2026-09-14;wikidata-q4269513,2026-09-14
city-q3551--ourairports-3109--tallest--wikidata-q579331,city-q3551,Rabat,Rabat,Rabat,MA,Morocco,Marruecos,Africa,Northern Africa,ourairports-3109,Rabat-Salé Airport,Rabat-Salé Airport,RBA,GMME,34.051498,-6.75152,large_airport,true,year_round,wikidata-q579331,Hassan Tower,Hassan Tower,34.0241,-6.82272,50,structural_tip,building_or_freestanding_tower,1196,tallest,false,low,Hassan Tower is the highest completed eligible Wikidata candidate reviewed for Rabat.,Hassan Tower es el candidato elegible completado más alto revisado en Wikidata para Rabat.,7243.273783665439,7.243273783665439,ourairports-2026-09-14;wikidata-q579331,2026-09-14
city-q270--ourairports-2637--tallest--wikidata-q116847270,city-q270,Warsaw,Varsovia,Warsaw,PL,Poland,Polonia,Europe,Eastern Europe,ourairports-2637,Warsaw Chopin Airport,Warsaw Chopin Airport,WAW,EPWA,52.165699,20.9671,large_airport,true,year_round,wikidata-q116847270,Varso Tower,Varso Tower,52.228891,21.000101,310,structural_tip,building_or_freestanding_tower,1900,tallest,false,medium,Varso Tower is the highest completed eligible Wikidata candidate reviewed for Warsaw.,Varso Tower es el candidato elegible completado más alto revisado en Wikidata para Varsovia.,7384.63472182395,7.38463472182395,ourairports-2026-09-14;wikidata-q116847270,2026-09-14
city-q1055--ourairports-2214--tallest--wikidata-q648375,city-q1055,Hamburg,Hamburgo,Hamburg,DE,Germany,Alemania,Europe,Western Europe,ourairports-2214,Hamburg Helmut Schmidt Airport,Hamburg Helmut Schmidt Airport,HAM,EDDH,53.630402,9.98823,large_airport,true,year_round,wikidata-q648375,Heinrich Hertz Tower,Heinrich Hertz Tower,53.563056,9.975833,279.2,structural_tip,building_or_freestanding_tower,1900,tallest,false,medium,Heinrich Hertz Tower is the highest completed eligible Wikidata candidate reviewed for Hamburg.,Heinrich Hertz Tower es el candidato elegible completado más alto revisado en Wikidata para Hamburgo.,7540.244857947705,7.540244857947705,ourairports-2026-09-14;wikidata-q648375,2026-09-14
city-q1899--ourairports-6478--tallest--wikidata-q1369185,city-q1899,Kyiv,Kiev,Kyiv,UA,Ukraine,Ucrania,Europe,Eastern Europe,ourairports-6478,Igor Sikorsky Kyiv International Airport (Zhuliany),Igor Sikorsky Kyiv International Airport (Zhuliany),IEV,UKKK,50.40194,30.45194,medium_airport,false,year_round,wikidata-q1369185,Kyiv TV Tower,Kyiv TV Tower,50.471111111,30.453333333,385,structural_tip,building_or_freestanding_tower,1973,tallest,false,medium,Kyiv TV Tower is the highest completed eligible Wikidata candidate reviewed for Kyiv.,Kyiv TV Tower es el candidato elegible completado más alto revisado en Wikidata para Kiev.,7695.055838590408,7.695055838590408,ourairports-2026-09-14;wikidata-q1369185,2026-09-14
city-q1854--ourairports-26708--tallest--wikidata-q18640924,city-q1854,Ho Chi Minh City,Ciudad Ho Chi Minh,Ho Chi Minh City,VN,Vietnam,Vietnam,Asia,South-eastern Asia,ourairports-26708,Tan Son Nhat International Airport,Tan Son Nhat International Airport,SGN,VVTS,10.8188,106.652,large_airport,true,year_round,wikidata-q18640924,Landmark 81,Landmark 81,10.795,106.721944444,461.5,structural_tip,building_or_freestanding_tower,2018,tallest,false,medium,Landmark 81 is the highest completed eligible Wikidata candidate reviewed for Ho Chi Minh City.,Landmark 81 es el candidato elegible completado más alto revisado en Wikidata para Ciudad Ho Chi Minh.,8089.3515444926115,8.089351544492612,ourairports-2026-09-14;wikidata-q18640924,2026-09-14
city-q3616--ourairports-5168--tallest--wikidata-q622796,city-q3616,Tehran,Teherán,Tehran,IR,Iran,Irán,Asia,Southern Asia,ourairports-5168,Mehrabad International Airport,Mehrabad International Airport,THR,OIII,35.689175,51.314392,large_airport,false,year_round,wikidata-q622796,Milad Tower,Milad Tower,35.744611111,51.375333333,435,structural_tip,building_or_freestanding_tower,2008,tallest,false,medium,Milad Tower is the highest completed eligible Wikidata candidate reviewed for Tehran.,Milad Tower es el candidato elegible completado más alto revisado en Wikidata para Teherán.,8260.752321225094,8.260752321225095,ourairports-2026-09-14;wikidata-q622796,2026-09-14
city-q16557--ourairports-3479--tallest--wikidata-q806675,city-q16557,Dallas,Dallas,Dallas,US,United States,Estados Unidos,North America,Northern America,ourairports-3479,Dallas Love Field,Dallas Love Field,DAL,KDAL,32.844776,-96.847653,large_airport,false,year_round,wikidata-q806675,Bank of America Plaza,Bank of America Plaza,32.7799,-96.8038,281,structural_tip,building_or_freestanding_tower,1900,tallest,false,medium,Bank of America Plaza is the highest completed eligible Wikidata candidate reviewed for Dallas.,Bank of America Plaza es el candidato elegible completado más alto revisado en Wikidata para Dallas.,8284.4268609961,8.2844268609961,ourairports-2026-09-14;wikidata-q806675,2026-09-14
city-q1070--ourairports-26431--tallest--wikidata-q1070,city-q1070,Ahmedabad,Ahmedabad,Ahmedabad,IN,India,India,Asia,Southern Asia,ourairports-26431,Sardar Vallabh Patel International Airport,Sardar Vallabh Patel International Airport,AMD,VAAH,23.0772,72.634697,large_airport,true,year_round,wikidata-q1070,Ahmedabad,Ahmedabad,23.021944444444443,72.57972222222222,50,structural_tip,building_or_freestanding_tower,1411,tallest,false,low,Ahmedabad is the highest completed eligible Wikidata candidate reviewed for Ahmedabad.,Ahmedabad es el candidato elegible completado más alto revisado en Wikidata para Ahmedabad.,8317.953331953388,8.317953331953387,ourairports-2026-09-14;wikidata-q1070,2026-09-14
city-q597--ourairports-4461--tallest--wikidata-q233737,city-q597,Lisbon,Lisboa,Lisbon,PT,Portugal,Portugal,Europe,Southern Europe,ourairports-4461,Lisbon Humberto Delgado Airport,Lisbon Humberto Delgado Airport,LIS,LPPT,38.7813,-9.13592,large_airport,true,year_round,wikidata-q233737,Vasco da Gama Bridge,Vasco da Gama Bridge,38.762194444,-9.043305555,155,structural_tip,building_or_freestanding_tower,1998,tallest,false,medium,Vasco da Gama Bridge is the highest completed eligible Wikidata candidate reviewed for Lisbon.,Vasco da Gama Bridge es el candidato elegible completado más alto revisado en Wikidata para Lisboa.,8323.328532953039,8.323328532953038,ourairports-2026-09-14;wikidata-q233737,2026-09-14
city-q18094--ourairports-5453--tallest--wikidata-q106436675,city-q18094,Honolulu,Honolulú,Honolulu,US,United States,Estados Unidos,Oceania,Polynesia,ourairports-5453,Daniel K. Inouye International Airport,Daniel K. Inouye International Airport,HNL,PHNL,21.318387,-157.92567,large_airport,true,year_round,wikidata-q106436675,Q106436675,Q106436675,21.29198267,-157.84916899,127,structural_tip,building_or_freestanding_tower,1900,tallest,false,medium,Q106436675 is the highest completed eligible Wikidata candidate reviewed for Honolulu.,Q106436675 es el candidato elegible completado más alto revisado en Wikidata para Honolulú.,8458.829685912495,8.458829685912495,ourairports-2026-09-14;wikidata-q106436675,2026-09-14
city-q42800--ourairports-5869--tallest--wikidata-q42800,city-q42800,Belo Horizonte,Belo Horizonte,Belo Horizonte,BR,Brazil,Brasil,South America,South America,ourairports-5869,Pampulha - Carlos Drummond de Andrade Airport,Pampulha - Carlos Drummond de Andrade Airport,PLU,SBBH,-19.85074,-43.950316,medium_airport,false,year_round,wikidata-q42800,Belo Horizonte,Belo Horizonte,-19.928055555555556,-43.941944444444445,50,structural_tip,building_or_freestanding_tower,1701,tallest,false,low,Belo Horizonte is the highest completed eligible Wikidata candidate reviewed for Belo Horizonte.,Belo Horizonte es el candidato elegible completado más alto revisado en Wikidata para Belo Horizonte.,8603.836730128038,8.603836730128037,ourairports-2026-09-14;wikidata-q42800,2026-09-14
city-q1748--ourairports-2542--tallest--wikidata-q1140534,city-q1748,Copenhagen,Copenhague,Copenhagen,DK,Denmark,Dinamarca,Europe,Northern Europe,ourairports-2542,Copenhagen Kastrup Airport,Copenhagen Kastrup Airport,CPH,EKCH,55.617900848389,12.656000137329,large_airport,true,year_round,wikidata-q1140534,Rundetaarn,Rundetaarn,55.68137,12.57579,41.55,structural_tip,building_or_freestanding_tower,1642,tallest,false,low,Rundetaarn is the highest completed eligible Wikidata candidate reviewed for Copenhagen.,Rundetaarn es el candidato elegible completado más alto revisado en Wikidata para Copenhague.,8685.223657813054,8.685223657813054,ourairports-2026-09-14;wikidata-q1140534,2026-09-14
city-q19660--ourairports-4474--tallest--wikidata-q1428093,city-q19660,Bucharest,Bucarest,Bucharest,RO,Romania,Rumanía,Europe,Eastern Europe,ourairports-4474,Bucharest Băneasa Aurel Vlaicu International Airport,Bucharest Băneasa Aurel Vlaicu International Airport,BBU,LRBS,44.503133,26.102944,large_airport,false,year_round,wikidata-q1428093,National Cathedral,National Cathedral,44.42591,26.08226,120,structural_tip,building_or_freestanding_tower,2025,tallest,false,medium,National Cathedral is the highest completed eligible Wikidata candidate reviewed for Bucharest.,National Cathedral es el candidato elegible completado más alto revisado en Wikidata para Bucarest.,8737.557596239882,8.737557596239881,ourairports-2026-09-14;wikidata-q1428093,2026-09-14
city-q60--ourairports-3643--tallest--wikidata-q47321192,city-q60,New York City,Nueva York,New York City,US,United States,Estados Unidos,North America,Northern America,ourairports-3643,LaGuardia Airport,LaGuardia Airport,LGA,KLGA,40.777199,-73.872597,large_airport,false,year_round,wikidata-q47321192,50 West 66th Street,50 West 66th Street,40.773,-73.9803,775,structural_tip,building_or_freestanding_tower,1900,tallest,false,medium,50 West 66th Street is the highest completed eligible Wikidata candidate reviewed for New York City.,50 West 66th Street es el candidato elegible completado más alto revisado en Wikidata para Nueva York.,9104.291655279127,9.104291655279127,ourairports-2026-09-14;wikidata-q47321192,2026-09-14
city-q1354--ourairports-26534--tallest--wikidata-q497536,city-q1354,Dhaka,Daca,Dhaka,BD,Bangladesh,Bangladés,Asia,Southern Asia,ourairports-26534,Hazrat Shahjalal International Airport,Hazrat Shahjalal International Airport,DAC,VGHS,23.843347,90.397783,large_airport,true,year_round,wikidata-q497536,Jatiya Sangsad Bhaban,Jatiya Sangsad Bhaban,23.762222222,90.378611111,155,structural_tip,building_or_freestanding_tower,1982,tallest,false,medium,Jatiya Sangsad Bhaban is the highest completed eligible Wikidata candidate reviewed for Dhaka.,Jatiya Sangsad Bhaban es el candidato elegible completado más alto revisado en Wikidata para Daca.,9194.966318285438,9.194966318285438,ourairports-2026-09-14;wikidata-q497536,2026-09-14
city-q2844--ourairports-5872--tallest--wikidata-q1270936,city-q2844,Brasília,Brasilia,Brasília,BR,Brazil,Brasil,South America,South America,ourairports-5872,Presidente Juscelino Kubitschek International Airport,Presidente Juscelino Kubitschek International Airport,BSB,SBBR,-15.869167,-47.920834,large_airport,true,year_round,wikidata-q1270936,Brasilia TV Tower,Brasilia TV Tower,-15.790536,-47.892975,224,structural_tip,building_or_freestanding_tower,1900,tallest,false,medium,Brasilia TV Tower is the highest completed eligible Wikidata candidate reviewed for Brasília.,Brasilia TV Tower es el candidato elegible completado más alto revisado en Wikidata para Brasilia.,9198.645946052678,9.198645946052679,ourairports-2026-09-14;wikidata-q1270936,2026-09-14
city-q48344--ourairports-5965--tallest--wikidata-q15975929,city-q48344,Recife,Recife,Recife,BR,Brazil,Brasil,South America,South America,ourairports-5965,Recife/Guararapes - Gilberto Freyre International Airport,Recife/Guararapes - Gilberto Freyre International Airport,REC,SBRF,-8.12747,-34.922961,large_airport,true,year_round,wikidata-q15975929,Malakoff tower,Malakoff tower,-8.0538888888889,-34.880833333333,50,structural_tip,building_or_freestanding_tower,1900,tallest,false,low,Malakoff tower is the highest completed eligible Wikidata candidate reviewed for Recife.,Malakoff tower es el candidato elegible completado más alto revisado en Wikidata para Recife.,9369.290139816634,9.369290139816634,ourairports-2026-09-14;wikidata-q15975929,2026-09-14
city-q72--ourairports-4505--tallest--wikidata-q1337473,city-q72,Zurich,Zúrich,Zurich,CH,Switzerland,Suiza,Europe,Western Europe,ourairports-4505,Zürich Airport,Zürich Airport,ZRH,LSZH,47.458056,8.548056,large_airport,true,year_round,wikidata-q1337473,St. Jakob church,St. Jakob church,47.3741,8.52897,86,structural_tip,building_or_freestanding_tower,1900,tallest,false,medium,St. Jakob church is the highest completed eligible Wikidata candidate reviewed for Zurich.,St. Jakob church es el candidato elegible completado más alto revisado en Wikidata para Zúrich.,9444.608432782305,9.444608432782305,ourairports-2026-09-14;wikidata-q1337473,2026-09-14
city-q1353--ourairports-26555--tallest--wikidata-q187635,city-q1353,Delhi,Delhi,Delhi,IN,India,India,Asia,Southern Asia,ourairports-26555,Indira Gandhi International Airport,Indira Gandhi International Airport,DEL,VIDP,28.55563,77.09519,large_airport,true,year_round,wikidata-q187635,Qutb Minar,Qutb Minar,28.524355,77.185248,72.5,structural_tip,building_or_freestanding_tower,1900,tallest,false,medium,Qutb Minar is the highest completed eligible Wikidata candidate reviewed for Delhi.,Qutb Minar es el candidato elegible completado más alto revisado en Wikidata para Delhi.,9470.792257784238,9.470792257784238,ourairports-2026-09-14;wikidata-q187635,2026-09-14
city-q3861--ourairports-44686--tallest--wikidata-q1128296,city-q3861,Doha,Doha,Doha,QA,Qatar,Catar,Asia,Western Asia,ourairports-44686,Hamad International Airport,Hamad International Airport,DOH,OTHH,25.273056,51.608056,large_airport,true,year_round,wikidata-q1128296,Doha Convention Center Tower,Doha Convention Center Tower,25.32296,51.53157,570,structural_tip,building_or_freestanding_tower,1900,tallest,false,medium,Doha Convention Center Tower is the highest completed eligible Wikidata candidate reviewed for Doha.,Doha Convention Center Tower es el candidato elegible completado más alto revisado en Wikidata para Doha.,9481.05895330887,9.48105895330887,ourairports-2026-09-14;wikidata-q1128296,2026-09-14
city-q174--ourairports-5974--tallest--wikidata-q42258,city-q174,São Paulo,São Paulo,São Paulo,BR,Brazil,Brasil,South America,South America,ourairports-5974,Congonhas–Deputado Freitas Nobre Airport,Congonhas–Deputado Freitas Nobre Airport,CGH,SBSP,-23.627657,-46.654601,large_airport,false,year_round,wikidata-q42258,Mirante do Vale,Mirante do Vale,-23.5422,-46.635422,170,structural_tip,building_or_freestanding_tower,1966,tallest,false,medium,Mirante do Vale is the highest completed eligible Wikidata candidate reviewed for São Paulo.,Mirante do Vale es el candidato elegible completado más alto revisado en Wikidata para São Paulo.,9664.907366627536,9.664907366627537,ourairports-2026-09-14;wikidata-q42258,2026-09-14
city-q1156--ourairports-26434--tallest--wikidata-q98937711,city-q1156,Mumbai,Bombay,Mumbai,IN,India,India,Asia,Southern Asia,ourairports-26434,Chhatrapati Shivaji Maharaj International Airport,Chhatrapati Shivaji Maharaj International Airport,BOM,VABB,19.088699,72.867897,large_airport,true,year_round,wikidata-q98937711,Three Sixty West Tower B,Three Sixty West Tower B,19.01097,72.82335,361.2,structural_tip,building_or_freestanding_tower,1900,tallest,false,medium,Three Sixty West Tower B is the highest completed eligible Wikidata candidate reviewed for Mumbai.,Three Sixty West Tower B es el candidato elegible completado más alto revisado en Wikidata para Bombay.,9798.799719047769,9.79879971904777,ourairports-2026-09-14;wikidata-q98937711,2026-09-14
city-q3130--ourairports-27145--tallest--wikidata-q19870155,city-q3130,Sydney,Sídney,Sydney,AU,Australia,Australia,Oceania,Australia and New Zealand,ourairports-27145,Sydney Kingsford Smith International Airport,Sydney Kingsford Smith International Airport,SYD,YSSY,-33.946098,151.177002,large_airport,true,year_round,wikidata-q19870155,1 Macquarie Place,1 Macquarie Place,-33.8621,151.21,538,structural_tip,building_or_freestanding_tower,1989,tallest,false,medium,1 Macquarie Place is the highest completed eligible Wikidata candidate reviewed for Sydney.,1 Macquarie Place es el candidato elegible completado más alto revisado en Wikidata para Sídney.,9804.228668386404,9.804228668386404,ourairports-2026-09-14;wikidata-q19870155,2026-09-14
city-q84--ourairports-2430--tallest--wikidata-q18536,city-q84,London,Londres,London,GB,United Kingdom,Reino Unido,Europe,Northern Europe,ourairports-2430,London City Airport,London City Airport,LCY,EGLC,51.505299,0.055278,medium_airport,false,year_round,wikidata-q18536,The Shard,The Shard,51.504444444,-0.086666666,306,structural_tip,building_or_freestanding_tower,2012,tallest,false,medium,The Shard is the highest completed eligible Wikidata candidate reviewed for London.,The Shard es el candidato elegible completado más alto revisado en Wikidata para Londres.,9856.117061252327,9.856117061252327,ourairports-2026-09-14;wikidata-q18536,2026-09-14
city-q79990--ourairports-5026--tallest--wikidata-q17036267,city-q79990,Christchurch,Christchurch,Christchurch,NZ,New Zealand,Nueva Zelanda,Oceania,Australia and New Zealand,ourairports-5026,Christchurch International Airport,Christchurch International Airport,CHC,NZCH,-43.489029,172.532065,large_airport,true,year_round,wikidata-q17036267,Westpac Canterbury Centre,Westpac Canterbury Centre,-43.533244444,172.638075,55,structural_tip,building_or_freestanding_tower,1900,tallest,false,medium,Westpac Canterbury Centre is the highest completed eligible Wikidata candidate reviewed for Christchurch.,Westpac Canterbury Centre es el candidato elegible completado más alto revisado en Wikidata para Christchurch.,9879.986411593698,9.879986411593698,ourairports-2026-09-14;wikidata-q17036267,2026-09-14
city-q2807--ourairports-4019--tallest--wikidata-q953610,city-q2807,Madrid,Madrid,Madrid,ES,Spain,España,Europe,Southern Europe,ourairports-4019,Adolfo Suárez Madrid–Barajas Airport,Adolfo Suárez Madrid–Barajas Airport,MAD,LEMD,40.493407,-3.572249,large_airport,true,year_round,wikidata-q953610,Torre de Cristal,Torre de Cristal,40.478055555,-3.687222222,249,structural_tip,building_or_freestanding_tower,2009,tallest,false,medium,Torre de Cristal is the highest completed eligible Wikidata candidate reviewed for Madrid.,Torre de Cristal es el candidato elegible completado más alto revisado en Wikidata para Madrid.,9896.016744013647,9.896016744013647,ourairports-2026-09-14;wikidata-q953610,2026-09-14
city-q1761--ourairports-2533--tallest--wikidata-q846365,city-q1761,Dublin,Dublín,Dublin,IE,Ireland,Irlanda,Europe,Northern Europe,ourairports-2533,Dublin Airport,Dublin Airport,DUB,EIDW,53.428713,-6.262121,large_airport,true,year_round,wikidata-q846365,St Patrick's Cathedral,St Patrick's Cathedral,53.339444444,-6.271388888,43,structural_tip,building_or_freestanding_tower,1900,tallest,false,medium,St Patrick's Cathedral is the highest completed eligible Wikidata candidate reviewed for Dublin.,St Patrick's Cathedral es el candidato elegible completado más alto revisado en Wikidata para Dublín.,9954.129889820133,9.954129889820132,ourairports-2026-09-14;wikidata-q846365,2026-09-14
city-q3919--ourairports-2864--tallest--wikidata-q7797448,city-q3919,Gaborone,Gaborone,Gaborone,BW,Botswana,Botsuana,Africa,Southern Africa,ourairports-2864,Sir Seretse Khama International Airport,Sir Seretse Khama International Airport,GBE,FBSK,-24.555201,25.9182,large_airport,true,year_round,wikidata-q7797448,Three Dikgosi Monument,Three Dikgosi Monument,-24.644916666666667,25.907333333333334,5.4,structural_tip,building_or_freestanding_tower,2005,tallest,false,low,Three Dikgosi Monument is the highest completed eligible Wikidata candidate reviewed for Gaborone.,Three Dikgosi Monument es el candidato elegible completado más alto revisado en Wikidata para Gaborone.,9998.283891013827,9.998283891013827,ourairports-2026-09-14;wikidata-q7797448,2026-09-14
city-q490--ourairports-4345--tallest--wikidata-q3995200,city-q490,Milan,Milán,Milan,IT,Italy,Italia,Europe,Southern Europe,ourairports-4345,Milano Linate Airport,Milano Linate Airport,LIN,LIML,45.445099,9.27674,large_airport,false,year_round,wikidata-q3995200,Allianz Tower,Allianz Tower,45.477608333,9.157288888,207,structural_tip,building_or_freestanding_tower,2015,tallest,false,medium,Allianz Tower is the highest completed eligible Wikidata candidate reviewed for Milan.,Allianz Tower es el candidato elegible completado más alto revisado en Wikidata para Milán.,10016.784815165567,10.016784815165567,ourairports-2026-09-14;wikidata-q3995200,2026-09-14
city-q239--ourairports-2155--tallest--wikidata-q3533638,city-q239,Brussels,Bruselas,Brussels,BE,Belgium,Bélgica,Europe,Western Europe,ourairports-2155,Brussels Airport,Brussels Airport,BRU,EBBR,50.901402,4.48444,large_airport,true,year_round,wikidata-q3533638,Finance Tower,Finance Tower,50.852777777,4.364444444,145,structural_tip,building_or_freestanding_tower,1983,tallest,false,medium,Finance Tower is the highest completed eligible Wikidata candidate reviewed for Brussels.,Finance Tower es el candidato elegible completado más alto revisado en Wikidata para Bruselas.,10029.3979401788,10.0293979401788,ourairports-2026-09-14;wikidata-q3533638,2026-09-14
city-q8652--ourairports-3685--tallest--wikidata-q19817557,city-q8652,Miami,Miami,Miami,US,United States,Estados Unidos,North America,Northern America,ourairports-3685,Miami International Airport,Miami International Airport,MIA,KMIA,25.796011,-80.289751,large_airport,true,year_round,wikidata-q19817557,One Thousand Museum,One Thousand Museum,25.7842,-80.1901,700,structural_tip,building_or_freestanding_tower,1900,tallest,false,medium,One Thousand Museum is the highest completed eligible Wikidata candidate reviewed for Miami.,One Thousand Museum es el candidato elegible completado más alto revisado en Wikidata para Miami.,10079.781809499158,10.079781809499158,ourairports-2026-09-14;wikidata-q19817557,2026-09-14
city-q1960--ourairports-3251--tallest--wikidata-q96912060,city-q1960,Dar es Salaam,Dar es-Salam,Dar es Salaam,TZ,Tanzania,Tanzania,Africa,Eastern Africa,ourairports-3251,Julius Nyerere International Airport,Julius Nyerere International Airport,DAR,HTDA,-6.873499,39.207288,large_airport,true,year_round,wikidata-q96912060,PSPF Towers – Tower B,PSPF Towers – Tower B,-6.816111111111111,39.280277777777776,153,structural_tip,building_or_freestanding_tower,2014,tallest,false,low,PSPF Towers – Tower B is the highest completed eligible Wikidata candidate reviewed for Dar es Salaam.,PSPF Towers – Tower B es el candidato elegible completado más alto revisado en Wikidata para Dar es-Salam.,10264.770909845454,10.264770909845454,ourairports-2026-09-14;wikidata-q96912060,2026-09-14
city-q3183--ourairports-27119--tallest--wikidata-q3183,city-q3183,Perth,Perth,Perth,AU,Australia,Australia,Oceania,Australia and New Zealand,ourairports-27119,Perth International Airport,Perth International Airport,PER,YPPH,-31.94029998779297,115.96700286865234,large_airport,true,year_round,wikidata-q3183,Perth,Perth,-31.955833333333334,115.85972222222222,50,structural_tip,building_or_freestanding_tower,1829,tallest,false,low,Perth is the highest completed eligible Wikidata candidate reviewed for Perth.,Perth es el candidato elegible completado más alto revisado en Wikidata para Perth.,10288.20205101507,10.288202051015071,ourairports-2026-09-14;wikidata-q3183,2026-09-14
city-q11739--ourairports-5257--tallest--wikidata-q7639954,city-q11739,Lahore,Lahore,Lahore,PK,Pakistan,Pakistán,Asia,Southern Asia,ourairports-5257,Allama Iqbal International Airport,Allama Iqbal International Airport,LHE,OPLA,31.521601,74.403603,large_airport,true,year_round,wikidata-q7639954,Suneri Mosque,Suneri Mosque,31.583083,74.319616,54,structural_tip,building_or_freestanding_tower,1900,tallest,false,medium,Suneri Mosque is the highest completed eligible Wikidata candidate reviewed for Lahore.,Suneri Mosque es el candidato elegible completado más alto revisado en Wikidata para Lahore.,10491.194826675906,10.491194826675907,ourairports-2026-09-14;wikidata-q7639954,2026-09-14
city-q1435--ourairports-3993--tallest--wikidata-q312220,city-q1435,Zagreb,Zagreb,Zagreb,HR,Croatia,Croacia,Europe,Southern Europe,ourairports-3993,Zagreb Franjo Tuđman International Airport,Zagreb Franjo Tuđman International Airport,ZAG,LDZA,45.742901,16.0688,large_airport,true,year_round,wikidata-q312220,Zagreb Cathedral,Zagreb Cathedral,45.814444444,15.979722222,108,structural_tip,building_or_freestanding_tower,1900,tallest,false,medium,Zagreb Cathedral is the highest completed eligible Wikidata candidate reviewed for Zagreb.,Zagreb Cathedral es el candidato elegible completado más alto revisado en Wikidata para Zagreb.,10546.32644413497,10.54632644413497,ourairports-2026-09-14;wikidata-q312220,2026-09-14
city-q3630--ourairports-26832--tallest--wikidata-q30686870,city-q3630,Jakarta,Yakarta,Jakarta,ID,Indonesia,Indonesia,Asia,South-eastern Asia,ourairports-26832,Halim Perdanakusuma International Airport,Halim Perdanakusuma International Airport,HLP,WIHH,-6.266989,106.890318,large_airport,false,year_round,wikidata-q30686870,Thamrin Nine,Thamrin Nine,-6.19914,106.82263,382.9,structural_tip,building_or_freestanding_tower,1900,tallest,false,medium,Thamrin Nine is the highest completed eligible Wikidata candidate reviewed for Jakarta.,Thamrin Nine es el candidato elegible completado más alto revisado en Wikidata para Yakarta.,10602.35405531715,10.60235405531715,ourairports-2026-09-14;wikidata-q30686870,2026-09-14
city-q3306--ourairports-4791--tallest--wikidata-q2737422,city-q3306,Panama City,Ciudad de Panamá,Panama City,PA,Panama,Panamá,North America,Central America,ourairports-4791,Marcos A. Gelabert International Airport,Marcos A. Gelabert International Airport,PAC,MPMG,8.97334,-79.555603,medium_airport,false,year_round,wikidata-q2737422,Pearl Tower,Pearl Tower,9.01014,-79.4659,794,structural_tip,building_or_freestanding_tower,1900,tallest,false,medium,Pearl Tower is the highest completed eligible Wikidata candidate reviewed for Panama City.,Pearl Tower es el candidato elegible completado más alto revisado en Wikidata para Ciudad de Panamá.,10670.529125176801,10.6705291251768,ourairports-2026-09-14;wikidata-q2737422,2026-09-14
city-q1345--ourairports-3771--tallest--wikidata-q570717,city-q1345,Philadelphia,Filadelfia,Philadelphia,US,United States,Estados Unidos,North America,Northern America,ourairports-3771,Philadelphia International Airport,Philadelphia International Airport,PHL,KPHL,39.871899,-75.241096,large_airport,true,year_round,wikidata-q570717,1818 Market Street,1818 Market Street,39.953,-75.171,500,structural_tip,building_or_freestanding_tower,1974,tallest,false,medium,1818 Market Street is the highest completed eligible Wikidata candidate reviewed for Philadelphia.,1818 Market Street es el candidato elegible completado más alto revisado en Wikidata para Filadelfia.,10817.061124332478,10.81706112433248,ourairports-2026-09-14;wikidata-q570717,2026-09-14
city-q1489--ourairports-4731--tallest--wikidata-q53088,city-q1489,Mexico City,Ciudad de México,Mexico City,MX,Mexico,México,North America,Central America,ourairports-4731,Mexico City Benito Juárez International Airport,Mexico City Benito Juárez International Airport,MEX,MMMX,19.435822,-99.07033,large_airport,true,year_round,wikidata-q53088,Torre AXA México,Torre AXA México,19.3964,-99.165,433,structural_tip,building_or_freestanding_tower,1900,tallest,false,medium,Torre AXA México is the highest completed eligible Wikidata candidate reviewed for Mexico City.,Torre AXA México es el candidato elegible completado más alto revisado en Wikidata para Ciudad de México.,10858.452111843646,10.858452111843645,ourairports-2026-09-14;wikidata-q53088,2026-09-14
city-q3838--ourairports-3040--tallest--wikidata-q63483561,city-q3838,Kinshasa,Kinsasa,Kinshasa,CD,Congo - Kinshasa,República Democrática del Congo,Africa,Middle Africa,ourairports-3040,Ndjili International Airport,Ndjili International Airport,FIH,FZAA,-4.38575,15.4446,large_airport,true,year_round,wikidata-q63483561,Tour de l'Échangeur de Limete,Tour de l'Échangeur de Limete,-4.374444444,15.345277777,210,structural_tip,building_or_freestanding_tower,1900,tallest,false,medium,Tour de l'Échangeur de Limete is the highest completed eligible Wikidata candidate reviewed for Kinshasa.,Tour de l'Échangeur de Limete es el candidato elegible completado más alto revisado en Wikidata para Kinsasa.,11095.081256767116,11.095081256767116,ourairports-2026-09-14;wikidata-q63483561,2026-09-14
city-q24639--ourairports-1941--tallest--wikidata-q1785026,city-q24639,Vancouver,Vancouver,Vancouver,CA,Canada,Canadá,North America,Northern America,ourairports-1941,Vancouver International Airport,Vancouver International Airport,YVR,CYVR,49.193901,-123.183998,large_airport,true,year_round,wikidata-q1785026,Living Shangri-La,Living Shangri-La,49.285833333,-123.123611111,201,structural_tip,building_or_freestanding_tower,2009,tallest,false,medium,Living Shangri-La is the highest completed eligible Wikidata candidate reviewed for Vancouver.,Living Shangri-La es el candidato elegible completado más alto revisado en Wikidata para Vancouver.,11129.733451978245,11.129733451978245,ourairports-2026-09-14;wikidata-q1785026,2026-09-14
city-q1781--ourairports-4296--tallest--wikidata-q25457032,city-q1781,Budapest,Budapest,Budapest,HU,Hungary,Hungría,Europe,Eastern Europe,ourairports-4296,Budapest Liszt Ferenc International Airport,Budapest Liszt Ferenc International Airport,BUD,LHBP,47.43018,19.262393,large_airport,true,year_round,wikidata-q25457032,Száva utca TV Tower,Száva utca TV Tower,47.46861111,19.12583333,154,structural_tip,building_or_freestanding_tower,1988,tallest,false,medium,Száva utca TV Tower is the highest completed eligible Wikidata candidate reviewed for Budapest.,Száva utca TV Tower es el candidato elegible completado más alto revisado en Wikidata para Budapest.,11149.940211505645,11.149940211505646,ourairports-2026-09-14;wikidata-q25457032,2026-09-14
city-q23436--ourairports-2462--tallest--wikidata-q2502213,city-q23436,Edinburgh,Edimburgo,Edinburgh,GB,United Kingdom,Reino Unido,Europe,Northern Europe,ourairports-2462,Edinburgh Airport,Edinburgh Airport,EDI,EGPH,55.950145,-3.372288,large_airport,true,year_round,wikidata-q2502213,Scott Monument,Scott Monument,55.952416666667,-3.1932777777778,50,structural_tip,building_or_freestanding_tower,1840,tallest,false,low,Scott Monument is the highest completed eligible Wikidata candidate reviewed for Edinburgh.,Scott Monument es el candidato elegible completado más alto revisado en Wikidata para Edimburgo.,11185.84697201266,11.18584697201266,ourairports-2026-09-14;wikidata-q2502213,2026-09-14
city-q3306--ourairports-4793--tallest--wikidata-q2737422,city-q3306,Panama City,Ciudad de Panamá,Panama City,PA,Panama,Panamá,North America,Central America,ourairports-4793,Tocumen International Airport,Tocumen International Airport,PTY,MPTO,9.07136,-79.383499,large_airport,true,year_round,wikidata-q2737422,Pearl Tower,Pearl Tower,9.01014,-79.4659,794,structural_tip,building_or_freestanding_tower,1900,tallest,false,medium,Pearl Tower is the highest completed eligible Wikidata candidate reviewed for Panama City.,Pearl Tower es el candidato elegible completado más alto revisado en Wikidata para Ciudad de Panamá.,11310.341425881248,11.310341425881248,ourairports-2026-09-14;wikidata-q2737422,2026-09-14
city-q4093--ourairports-2461--tallest--wikidata-q4093,city-q4093,Glasgow,Glasgow,Glasgow,GB,United Kingdom,Reino Unido,Europe,Northern Europe,ourairports-2461,Glasgow Airport,Glasgow Airport,GLA,EGPF,55.871899,-4.43306,large_airport,true,year_round,wikidata-q4093,Glasgow,Glasgow,55.861111111111114,-4.25,50,structural_tip,building_or_freestanding_tower,1900,tallest,false,low,Glasgow is the highest completed eligible Wikidata candidate reviewed for Glasgow.,Glasgow es el candidato elegible completado más alto revisado en Wikidata para Glasgow.,11523.723258609543,11.523723258609543,ourairports-2026-09-14;wikidata-q4093,2026-09-14
city-q2256--ourairports-2389--tallest--wikidata-q110162752,city-q2256,Birmingham,Birmingham,Birmingham,GB,United Kingdom,Reino Unido,Europe,Northern Europe,ourairports-2389,Birmingham Airport,Birmingham Airport,BHX,EGBB,52.453899,-1.74803,large_airport,true,year_round,wikidata-q110162752,The Bank Tower 2,The Bank Tower 2,52.4759234,-1.9138138,334.65,structural_tip,building_or_freestanding_tower,1900,tallest,false,medium,The Bank Tower 2 is the highest completed eligible Wikidata candidate reviewed for Birmingham.,The Bank Tower 2 es el candidato elegible completado más alto revisado en Wikidata para Birmingham.,11530.832900143192,11.530832900143192,ourairports-2026-09-14;wikidata-q110162752,2026-09-14
city-q1461--ourairports-5689--tallest--wikidata-q7142127,city-q1461,Manila,Manila,Manila,PH,Philippines,Filipinas,Asia,South-eastern Asia,ourairports-5689,Ninoy Aquino International Airport,Ninoy Aquino International Airport,MNL,RPLL,14.5086,121.019997,large_airport,true,year_round,wikidata-q7142127,Pasig River Light,Pasig River Light,14.5965,120.960722,49,structural_tip,building_or_freestanding_tower,1900,tallest,false,medium,Pasig River Light is the highest completed eligible Wikidata candidate reviewed for Manila.,Pasig River Light es el candidato elegible completado más alto revisado en Wikidata para Manila.,11635.987239506312,11.635987239506312,ourairports-2026-09-14;wikidata-q7142127,2026-09-14
city-q2868--ourairports-6217--tallest--wikidata-q48460897,city-q2868,Lima,Lima,Lima,PE,Peru,Perú,South America,South America,ourairports-6217,Jorge Chávez International Airport,Jorge Chávez International Airport,LIM,SPJC,-12.0219,-77.114305,large_airport,true,year_round,wikidata-q48460897,T Tower,T Tower,-12.091,-77.0265,90,structural_tip,building_or_freestanding_tower,1900,tallest,false,medium,T Tower is the highest completed eligible Wikidata candidate reviewed for Lima.,T Tower es el candidato elegible completado más alto revisado en Wikidata para Lima.,12240.452574255583,12.240452574255583,ourairports-2026-09-14;wikidata-q48460897,2026-09-14
city-q1515--ourairports-2096--tallest--wikidata-q3533159,city-q1515,Abidjan,Abiyán,Abidjan,CI,Côte d’Ivoire,Côte d’Ivoire,Africa,Western Africa,ourairports-2096,Félix-Houphouët-Boigny International Airport,Félix-Houphouët-Boigny International Airport,ABJ,DIAP,5.26139,-3.92629,large_airport,true,year_round,wikidata-q3533159,Tour Postel 2001,Tour Postel 2001,5.32569,-4.01722,105,structural_tip,building_or_freestanding_tower,1984,tallest,false,medium,Tour Postel 2001 is the highest completed eligible Wikidata candidate reviewed for Abidjan.,Tour Postel 2001 es el candidato elegible completado más alto revisado en Wikidata para Abiyán.,12335.069610423821,12.33506961042382,ourairports-2026-09-14;wikidata-q3533159,2026-09-14
city-q612--ourairports-5235--tallest--wikidata-q17003486,city-q612,Dubai,Dubái,Dubai,AE,United Arab Emirates,Emiratos Árabes Unidos,Asia,Western Asia,ourairports-5235,Dubai International Airport,Dubai International Airport,DXB,OMDB,25.24979,55.370992,large_airport,true,year_round,wikidata-q17003486,Paramount Tower Hotel & Residences,Paramount Tower Hotel & Residences,25.1933791,55.2653537,886,structural_tip,building_or_freestanding_tower,2019,tallest,false,medium,Paramount Tower Hotel & Residences is the highest completed eligible Wikidata candidate reviewed for Dubai.,Paramount Tower Hotel & Residences es el candidato elegible completado más alto revisado en Wikidata para Dubái.,12343.646767564685,12.343646767564685,ourairports-2026-09-14;wikidata-q17003486,2026-09-14
city-q3870--ourairports-3206--tallest--wikidata-q55642324,city-q3870,Nairobi,Nairobi,Nairobi,KE,Kenya,Kenia,Africa,Eastern Africa,ourairports-3206,Jomo Kenyatta International Airport,Jomo Kenyatta International Airport,NBO,HKJK,-1.318886,36.928233,large_airport,true,year_round,wikidata-q55642324,The Pinnacle (Nairobi),The Pinnacle (Nairobi),-1.29666667,36.81805556,320,structural_tip,building_or_freestanding_tower,1900,tallest,false,medium,The Pinnacle (Nairobi) is the highest completed eligible Wikidata candidate reviewed for Nairobi.,The Pinnacle (Nairobi) es el candidato elegible completado más alto revisado en Wikidata para Nairobi.,12505.447061289633,12.505447061289633,ourairports-2026-09-14;wikidata-q55642324,2026-09-14
city-q3921--ourairports-3005--tallest--wikidata-q56064359,city-q3921,Harare,Harare,Harare,ZW,Zimbabwe,Zimbabue,Africa,Eastern Africa,ourairports-3005,Robert Gabriel Mugabe International Airport,Robert Gabriel Mugabe International Airport,HRE,FVRG,-17.931801,31.0928,large_airport,true,year_round,wikidata-q56064359,New Reserve Bank Tower,New Reserve Bank Tower,-17.826083025,31.049463454,120,structural_tip,building_or_freestanding_tower,1900,tallest,false,medium,New Reserve Bank Tower is the highest completed eligible Wikidata candidate reviewed for Harare.,New Reserve Bank Tower es el candidato elegible completado más alto revisado en Wikidata para Harare.,12569.82449426402,12.569824494264019,ourairports-2026-09-14;wikidata-q56064359,2026-09-14
city-q2841--ourairports-6104--tallest--wikidata-q19207166,city-q2841,Bogotá,Bogotá,Bogotá,CO,Colombia,Colombia,South America,South America,ourairports-6104,El Dorado International Airport,El Dorado International Airport,BOG,SKBO,4.70159,-74.1469,large_airport,true,year_round,wikidata-q19207166,Torres Atrio,Torres Atrio,4.615565,-74.072263,268,structural_tip,building_or_freestanding_tower,1900,tallest,false,medium,Torres Atrio is the highest completed eligible Wikidata candidate reviewed for Bogotá.,Torres Atrio es el candidato elegible completado más alto revisado en Wikidata para Bogotá.,12612.403834589266,12.612403834589266,ourairports-2026-09-14;wikidata-q19207166,2026-09-14
city-q36433--ourairports-4459--tallest--wikidata-q54802080,city-q36433,Porto,Oporto,Porto,PT,Portugal,Portugal,Europe,Southern Europe,ourairports-4459,Francisco de Sá Carneiro Airport,Francisco de Sá Carneiro Airport,OPO,LPPR,41.2481002808,-8.68138980865,large_airport,true,year_round,wikidata-q54802080,Clérigos Tower and Church,Clérigos Tower and Church,41.14565,-8.61464,75.6,structural_tip,building_or_freestanding_tower,1900,tallest,false,medium,Clérigos Tower and Church is the highest completed eligible Wikidata candidate reviewed for Porto.,Clérigos Tower and Church es el candidato elegible completado más alto revisado en Wikidata para Oporto.,12681.017203136667,12.681017203136667,ourairports-2026-09-14;wikidata-q54802080,2026-09-14
city-q19689--ourairports-3972--tallest--wikidata-q1515102,city-q19689,Tirana,Tirana,Tirana,AL,Albania,Albania,Europe,Southern Europe,ourairports-3972,Tirana International Airport Mother Teresa,Tirana International Airport Mother Teresa,TIA,LATI,41.4147,19.7206,large_airport,true,year_round,wikidata-q1515102,Maritim Hotel Plaza Tirana,Maritim Hotel Plaza Tirana,41.3275,19.82166667,85,structural_tip,building_or_freestanding_tower,1900,tallest,false,medium,Maritim Hotel Plaza Tirana is the highest completed eligible Wikidata candidate reviewed for Tirana.,Maritim Hotel Plaza Tirana es el candidato elegible completado más alto revisado en Wikidata para Tirana.,12856.268816910782,12.856268816910783,ourairports-2026-09-14;wikidata-q1515102,2026-09-14
city-q1757--ourairports-2307--tallest--wikidata-q385150,city-q1757,Helsinki,Helsinki,Helsinki,FI,Finland,Finlandia,Europe,Northern Europe,ourairports-2307,Helsinki Vantaa Airport,Helsinki Vantaa Airport,HEL,EFHK,60.318363,24.963341,large_airport,true,year_round,wikidata-q385150,Yle Transmission Tower,Yle Transmission Tower,60.20444444,24.92333333,146,structural_tip,building_or_freestanding_tower,1900,tallest,false,medium,Yle Transmission Tower is the highest completed eligible Wikidata candidate reviewed for Helsinki.,Yle Transmission Tower es el candidato elegible completado más alto revisado en Wikidata para Helsinki.,12884.219980842601,12.884219980842602,ourairports-2026-09-14;wikidata-q385150,2026-09-14
city-q1352--ourairports-26618--tallest--wikidata-q6546309,city-q1352,Chennai,Chennai,Chennai,IN,India,India,Asia,Southern Asia,ourairports-26618,Chennai International Airport,Chennai International Airport,MAA,VOMM,12.990005,80.169296,large_airport,true,year_round,wikidata-q6546309,Chennai Lighthouse,Chennai Lighthouse,13.0396,80.2795,45.72,structural_tip,building_or_freestanding_tower,1900,tallest,false,medium,Chennai Lighthouse is the highest completed eligible Wikidata candidate reviewed for Chennai.,Chennai Lighthouse es el candidato elegible completado más alto revisado en Wikidata para Chennai.,13153.709406094875,13.153709406094874,ourairports-2026-09-14;wikidata-q6546309,2026-09-14
city-q65--ourairports-3632--tallest--wikidata-q136373608,city-q65,Los Angeles,Los Ángeles,Los Angeles,US,United States,Estados Unidos,North America,Northern America,ourairports-3632,Los Angeles International Airport,Los Angeles International Airport,LAX,KLAX,33.942501,-118.407997,large_airport,true,year_round,wikidata-q136373608,Eighteen Eighty Eight Building,Eighteen Eighty Eight Building,34.061196,-118.413922,328,structural_tip,building_or_freestanding_tower,1900,tallest,false,medium,Eighteen Eighty Eight Building is the highest completed eligible Wikidata candidate reviewed for Los Angeles.,Eighteen Eighty Eight Building es el candidato elegible completado más alto revisado en Wikidata para Los Ángeles.,13177.309955496932,13.177309955496932,ourairports-2026-09-14;wikidata-q136373608,2026-09-14
city-q8678--ourairports-5906--tallest--wikidata-q2411716,city-q8678,Rio de Janeiro,Río de Janeiro,Rio de Janeiro,BR,Brazil,Brasil,South America,South America,ourairports-5906,Rio de Janeiro Galeão – Tom Jobim International Airport,Rio de Janeiro Galeão – Tom Jobim International Airport,GIG,SBGL,-22.809999,-43.250557,large_airport,true,year_round,wikidata-q2411716,Rio de Janeiro Cathedral,Rio de Janeiro Cathedral,-22.910925,-43.180711,75,structural_tip,building_or_freestanding_tower,1900,tallest,false,medium,Rio de Janeiro Cathedral is the highest completed eligible Wikidata candidate reviewed for Rio de Janeiro.,Rio de Janeiro Cathedral es el candidato elegible completado más alto revisado en Wikidata para Río de Janeiro.,13277.871163942125,13.277871163942125,ourairports-2026-09-14;wikidata-q2411716,2026-09-14
city-q34932--ourairports-26901--tallest--wikidata-q16823864,city-q34932,Brisbane,Brisbane,Brisbane,AU,Australia,Australia,Oceania,Australia and New Zealand,ourairports-26901,Brisbane International Airport,Brisbane International Airport,BNE,YBBN,-27.384199142456055,153.11700439453125,large_airport,true,year_round,wikidata-q16823864,"300 George Street, Brisbane","300 George Street, Brisbane",-27.4701,153.022,264,structural_tip,building_or_freestanding_tower,1900,tallest,false,medium,"300 George Street, Brisbane is the highest completed eligible Wikidata candidate reviewed for Brisbane.","300 George Street, Brisbane es el candidato elegible completado más alto revisado en Wikidata para Brisbane.",13373.41805760386,13.37341805760386,ourairports-2026-09-14;wikidata-q16823864,2026-09-14
city-q3915--ourairports-2908--tallest--wikidata-q3915,city-q3915,Antananarivo,Antananarivo,Antananarivo,MG,Madagascar,Madagascar,Africa,Eastern Africa,ourairports-2908,Ivato International Airport,Ivato International Airport,TNR,FMMI,-18.7969,47.478802,large_airport,true,year_round,wikidata-q3915,Antananarivo,Antananarivo,-18.91,47.525,50,structural_tip,building_or_freestanding_tower,1625,tallest,false,low,Antananarivo is the highest completed eligible Wikidata candidate reviewed for Antananarivo.,Antananarivo es el candidato elegible completado más alto revisado en Wikidata para Antananarivo.,13432.414544373623,13.432414544373623,ourairports-2026-09-14;wikidata-q3915,2026-09-14
city-q1492--ourairports-4004--tallest--wikidata-q1147977,city-q1492,Barcelona,Barcelona,Barcelona,ES,Spain,España,Europe,Southern Europe,ourairports-4004,Josep Tarradellas Barcelona-El Prat Airport,Josep Tarradellas Barcelona-El Prat Airport,BCN,LEBL,41.2971,2.07846,large_airport,true,year_round,wikidata-q1147977,Torre de Collserola,Torre de Collserola,41.417222222,2.114166666,288.4,structural_tip,building_or_freestanding_tower,1992,tallest,false,medium,Torre de Collserola is the highest completed eligible Wikidata candidate reviewed for Barcelona.,Torre de Collserola es el candidato elegible completado más alto revisado en Wikidata para Barcelona.,13671.37432003645,13.671374320036449,ourairports-2026-09-14;wikidata-q1147977,2026-09-14
city-q1085--ourairports-4408--tallest--wikidata-q1413217,city-q1085,Prague,Praga,Prague,CZ,Czechia,Chequia,Europe,Eastern Europe,ourairports-4408,Václav Havel Airport Prague,Václav Havel Airport Prague,PRG,LKPR,50.100874,14.259911,large_airport,true,year_round,wikidata-q1413217,Žižkov Television Tower,Žižkov Television Tower,50.080833333,14.451388888,216,structural_tip,building_or_freestanding_tower,1900,tallest,false,medium,Žižkov Television Tower is the highest completed eligible Wikidata candidate reviewed for Prague.,Žižkov Television Tower es el candidato elegible completado más alto revisado en Wikidata para Praga.,13882.397791387726,13.882397791387726,ourairports-2026-09-14;wikidata-q1413217,2026-09-14
city-q1794--ourairports-2212--tallest--wikidata-q701496,city-q1794,Frankfurt,Fráncfort,Frankfurt,DE,Germany,Alemania,Europe,Western Europe,ourairports-2212,Frankfurt Main Airport,Frankfurt Main Airport,FRA,EDDF,50.026706,8.55835,large_airport,true,year_round,wikidata-q701496,Europaturm,Europaturm,50.135277777,8.654722222,331.14,structural_tip,building_or_freestanding_tower,1900,tallest,false,medium,Europaturm is the highest completed eligible Wikidata candidate reviewed for Frankfurt.,Europaturm es el candidato elegible completado más alto revisado en Wikidata para Fráncfort.,13907.64047436939,13.907640474369389,ourairports-2026-09-14;wikidata-q701496,2026-09-14
city-q23556--ourairports-3384--tallest--wikidata-q2746067,city-q23556,Atlanta,Atlanta,Atlanta,US,United States,Estados Unidos,North America,Northern America,ourairports-3384,Hartsfield Jackson Atlanta International Airport,Hartsfield Jackson Atlanta International Airport,ATL,KATL,33.6367,-84.428101,large_airport,true,year_round,wikidata-q2746067,191 Peachtree Tower,191 Peachtree Tower,33.7589,-84.3867,771,structural_tip,building_or_freestanding_tower,1900,tallest,false,medium,191 Peachtree Tower is the highest completed eligible Wikidata candidate reviewed for Atlanta.,191 Peachtree Tower es el candidato elegible completado más alto revisado en Wikidata para Atlanta.,14087.047630406489,14.087047630406488,ourairports-2026-09-14;wikidata-q2746067,2026-09-14
city-q340--ourairports-1928--tallest--wikidata-q1344856,city-q340,Montreal,Montreal,Montreal,CA,Canada,Canadá,North America,Northern America,ourairports-1928,Montreal / Pierre Elliott Trudeau International Airport,Montreal / Pierre Elliott Trudeau International Airport,YUL,CYUL,45.467837,-73.742294,large_airport,true,year_round,wikidata-q1344856,Place Ville Marie,Place Ville Marie,45.5015,-73.5684,616.8,structural_tip,building_or_freestanding_tower,1962,tallest,false,medium,Place Ville Marie is the highest completed eligible Wikidata candidate reviewed for Montreal.,Place Ville Marie es el candidato elegible completado más alto revisado en Wikidata para Montreal.,14100.32169195279,14.10032169195279,ourairports-2026-09-14;wikidata-q1344856,2026-09-14
city-q1530--ourairports-5289--tallest--wikidata-q100258244,city-q1530,Baghdad,Bagdad,Baghdad,IQ,Iraq,Irak,Asia,Western Asia,ourairports-5289,Baghdad International Airport / New Al Muthana Air Base,Baghdad International Airport / New Al Muthana Air Base,BGW,ORBI,33.262501,44.2346,large_airport,true,year_round,wikidata-q100258244,Central Bank of Iraq Tower,Central Bank of Iraq Tower,33.288972222,44.3845,421,structural_tip,building_or_freestanding_tower,1900,tallest,false,medium,Central Bank of Iraq Tower is the highest completed eligible Wikidata candidate reviewed for Baghdad.,Central Bank of Iraq Tower es el candidato elegible completado más alto revisado en Wikidata para Bagdad.,14270.176786793154,14.270176786793154,ourairports-2026-09-14;wikidata-q100258244,2026-09-14
city-q1297--ourairports-3673--tallest--wikidata-q4616395,city-q1297,Chicago,Chicago,Chicago,US,United States,Estados Unidos,North America,Northern America,ourairports-3673,Chicago Midway International Airport,Chicago Midway International Airport,MDW,KMDW,41.785999,-87.752403,large_airport,false,year_round,wikidata-q4616395,200 North Riverside Plaza,200 North Riverside Plaza,41.8864234,-87.6396077,732,structural_tip,building_or_freestanding_tower,2017,tallest,false,medium,200 North Riverside Plaza is the highest completed eligible Wikidata candidate reviewed for Chicago.,200 North Riverside Plaza es el candidato elegible completado más alto revisado en Wikidata para Chicago.,14566.915575331588,14.566915575331588,ourairports-2026-09-14;wikidata-q4616395,2026-09-14
city-q18125--ourairports-2398--tallest--wikidata-q2578415,city-q18125,Manchester,Mánchester,Manchester,GB,United Kingdom,Reino Unido,Europe,Northern Europe,ourairports-2398,Manchester Airport,Manchester Airport,MAN,EGCC,53.349375,-2.279521,large_airport,true,year_round,wikidata-q2578415,Manchester Town Hall,Manchester Town Hall,53.479166666667,-2.2441666666667,50,structural_tip,building_or_freestanding_tower,1877,tallest,false,low,Manchester Town Hall is the highest completed eligible Wikidata candidate reviewed for Manchester.,Manchester Town Hall es el candidato elegible completado más alto revisado en Wikidata para Mánchester.,14635.077536943565,14.635077536943566,ourairports-2026-09-14;wikidata-q2578415,2026-09-14
city-q1533--ourairports-6300--tallest--wikidata-q1054303,city-q1533,Caracas,Caracas,Caracas,VE,Venezuela,Venezuela,South America,South America,ourairports-6300,Maiquetía Simón Bolívar International Airport,Maiquetía Simón Bolívar International Airport,CCS,SVMI,10.602214,-66.991174,large_airport,true,year_round,wikidata-q1054303,Confinanzas Financial Center,Confinanzas Financial Center,10.50527778,-66.89888889,171,structural_tip,building_or_freestanding_tower,1900,tallest,false,medium,Confinanzas Financial Center is the highest completed eligible Wikidata candidate reviewed for Caracas.,Confinanzas Financial Center es el candidato elegible completado más alto revisado en Wikidata para Caracas.,14730.465942803632,14.730465942803631,ourairports-2026-09-14;wikidata-q1054303,2026-09-14
city-q90--ourairports-4189--tallest--wikidata-q243,city-q90,Paris,París,Paris,FR,France,Francia,Europe,Western Europe,ourairports-4189,Paris-Orly Airport,Paris-Orly Airport,ORY,LFPO,48.729499,2.358963,large_airport,false,year_round,wikidata-q243,Eiffel Tower,Eiffel Tower,48.858296,2.294479,330,structural_tip,building_or_freestanding_tower,1889,tallest,false,medium,Eiffel Tower is the highest completed eligible Wikidata candidate reviewed for Paris.,Eiffel Tower es el candidato elegible completado más alto revisado en Wikidata para París.,15086.235785763693,15.086235785763693,ourairports-2026-09-14;wikidata-q243,2026-09-14
city-q1361--ourairports-35141--tallest--wikidata-q1771696,city-q1361,Hyderabad,Hyderabad,Hyderabad,IN,India,India,Asia,Southern Asia,ourairports-35141,Rajiv Gandhi International Airport,Rajiv Gandhi International Airport,HYD,VOHS,17.231318,78.429855,large_airport,true,year_round,wikidata-q1771696,Charminar,Charminar,17.36160692,78.47465723,48.7,structural_tip,building_or_freestanding_tower,1900,tallest,false,medium,Charminar is the highest completed eligible Wikidata candidate reviewed for Hyderabad.,Charminar es el candidato elegible completado más alto revisado en Wikidata para Hyderabad.,15185.76749705403,15.18576749705403,ourairports-2026-09-14;wikidata-q1771696,2026-09-14
city-q8660--ourairports-5255--tallest--wikidata-q7076089,city-q8660,Karachi,Karachi,Karachi,PK,Pakistan,Pakistán,Asia,Southern Asia,ourairports-5255,Jinnah International Airport,Jinnah International Airport,KHI,OPKC,24.9065,67.160797,large_airport,true,year_round,wikidata-q7076089,Ocean Towers,Ocean Towers,24.829444444,67.035555555,120,structural_tip,building_or_freestanding_tower,1900,tallest,false,medium,Ocean Towers is the highest completed eligible Wikidata candidate reviewed for Karachi.,Ocean Towers es el candidato elegible completado más alto revisado en Wikidata para Karachi.,15265.804936764498,15.265804936764498,ourairports-2026-09-14;wikidata-q7076089,2026-09-14
city-q16555--ourairports-3588--tallest--wikidata-q935919,city-q16555,Houston,Houston,Houston,US,United States,Estados Unidos,North America,Northern America,ourairports-3588,William P. Hobby Airport,William P. Hobby Airport,HOU,KHOU,29.645336,-95.276812,large_airport,false,year_round,wikidata-q935919,JPMorgan Chase Tower,JPMorgan Chase Tower,29.760556,-95.363889,305.4,structural_tip,building_or_freestanding_tower,1900,tallest,false,medium,JPMorgan Chase Tower is the highest completed eligible Wikidata candidate reviewed for Houston.,JPMorgan Chase Tower es el candidato elegible completado más alto revisado en Wikidata para Houston.,15301.25107526552,15.30125107526552,ourairports-2026-09-14;wikidata-q935919,2026-09-14
city-q1348--ourairports-26496--tallest--wikidata-q7711913,city-q1348,Kolkata,Calcuta,Kolkata,IN,India,India,Asia,Southern Asia,ourairports-26496,Netaji Subhash Chandra Bose International Airport,Netaji Subhash Chandra Bose International Airport,CCU,VECC,22.654012,88.44765,large_airport,true,year_round,wikidata-q7711913,The 42,The 42,22.54835,88.34975,260,structural_tip,building_or_freestanding_tower,1900,tallest,false,medium,The 42 is the highest completed eligible Wikidata candidate reviewed for Kolkata.,The 42 es el candidato elegible completado más alto revisado en Wikidata para Calcuta.,15434.967048472994,15.434967048472995,ourairports-2026-09-14;wikidata-q7711913,2026-09-14
city-q1335--ourairports-6247--tallest--wikidata-q109313102,city-q1335,Montevideo,Montevideo,Montevideo,UY,Uruguay,Uruguay,South America,South America,ourairports-6247,Carrasco General Cesáreo L. Berisso International Airport,Carrasco General Cesáreo L. Berisso International Airport,MVD,SUMU,-34.835647,-56.026497,large_airport,true,year_round,wikidata-q109313102,Torre SAETA,Torre SAETA,-34.908083333,-56.180194444,187,structural_tip,building_or_freestanding_tower,1900,tallest,false,medium,Torre SAETA is the highest completed eligible Wikidata candidate reviewed for Montevideo.,Torre SAETA es el candidato elegible completado más alto revisado en Wikidata para Montevideo.,16188.019155499172,16.188019155499173,ourairports-2026-09-14;wikidata-q109313102,2026-09-14
city-q19660--ourairports-4482--tallest--wikidata-q1428093,city-q19660,Bucharest,Bucarest,Bucharest,RO,Romania,Rumanía,Europe,Eastern Europe,ourairports-4482,Bucharest Henri Coandă International Airport,Bucharest Henri Coandă International Airport,OTP,LROP,44.571792,26.103285,large_airport,true,year_round,wikidata-q1428093,National Cathedral,National Cathedral,44.42591,26.08226,120,structural_tip,building_or_freestanding_tower,2025,tallest,false,medium,National Cathedral is the highest completed eligible Wikidata candidate reviewed for Bucharest.,National Cathedral es el candidato elegible completado más alto revisado en Wikidata para Bucarest.,16296.71021125551,16.29671021125551,ourairports-2026-09-14;wikidata-q1428093,2026-09-14
city-q35765--ourairports-5598--tallest--wikidata-q16318627,city-q35765,Osaka,Osaka,Osaka,JP,Japan,Japón,Asia,Eastern Asia,ourairports-5598,Osaka Itami International Airport,Osaka Itami International Airport,ITM,RJOO,34.780853,135.440829,large_airport,false,year_round,wikidata-q16318627,Abeno Harukas,Abeno Harukas,34.645947222,135.514266666,300,structural_tip,building_or_freestanding_tower,2014,tallest,false,medium,Abeno Harukas is the highest completed eligible Wikidata candidate reviewed for Osaka.,Abeno Harukas es el candidato elegible completado más alto revisado en Wikidata para Osaka.,16408.289462394114,16.408289462394112,ourairports-2026-09-14;wikidata-q16318627,2026-09-14
city-q8686--ourairports-27225--tallest--wikidata-q18547,city-q8686,Shanghai,Shanghái,Shanghai,CN,China,China,Asia,Eastern Asia,ourairports-27225,Shanghai Hongqiao International Airport,Shanghai Hongqiao International Airport,SHA,ZSSS,31.198104,121.33426,large_airport,false,year_round,wikidata-q18547,Shanghai Tower,Shanghai Tower,31.2355,121.501,632,structural_tip,building_or_freestanding_tower,2014,tallest,false,medium,Shanghai Tower is the highest completed eligible Wikidata candidate reviewed for Shanghai.,Shanghai Tower es el candidato elegible completado más alto revisado en Wikidata para Shanghái.,16420.328174942028,16.42032817494203,ourairports-2026-09-14;wikidata-q18547,2026-09-14
city-q62--ourairports-3878--tallest--wikidata-q650097,city-q62,San Francisco,San Francisco,San Francisco,US,United States,Estados Unidos,North America,Northern America,ourairports-3878,San Francisco International Airport,San Francisco International Airport,SFO,KSFO,37.619806,-122.374821,large_airport,true,year_round,wikidata-q650097,Sutro Tower,Sutro Tower,37.7552,-122.4528,977,structural_tip,building_or_freestanding_tower,1900,tallest,false,medium,Sutro Tower is the highest completed eligible Wikidata candidate reviewed for San Francisco.,Sutro Tower es el candidato elegible completado más alto revisado en Wikidata para San Francisco.,16526.704764831633,16.52670476483163,ourairports-2026-09-14;wikidata-q650097,2026-09-14
city-q65--ourairports-3432--tallest--wikidata-q136373608,city-q65,Los Angeles,Los Ángeles,Los Angeles,US,United States,Estados Unidos,North America,Northern America,ourairports-3432,Hollywood Burbank/Bob Hope Airport,Hollywood Burbank/Bob Hope Airport,BUR,KBUR,34.202834,-118.35805,large_airport,false,year_round,wikidata-q136373608,Eighteen Eighty Eight Building,Eighteen Eighty Eight Building,34.061196,-118.413922,328,structural_tip,building_or_freestanding_tower,1900,tallest,false,medium,Eighteen Eighty Eight Building is the highest completed eligible Wikidata candidate reviewed for Los Angeles.,Eighteen Eighty Eight Building es el candidato elegible completado más alto revisado en Wikidata para Los Ángeles.,16534.856551017783,16.534856551017782,ourairports-2026-09-14;wikidata-q136373608,2026-09-14
city-q3561--ourairports-2050--tallest--wikidata-q3561,city-q3561,Algiers,Argel,Algiers,DZ,Algeria,Argelia,Africa,Northern Africa,ourairports-2050,Houari Boumediene Airport,Houari Boumediene Airport,ALG,DAAG,36.693886,3.214531,large_airport,true,year_round,wikidata-q3561,Algiers,Algiers,36.776388888889,3.0586111111111,50,structural_tip,building_or_freestanding_tower,944,tallest,false,low,Algiers is the highest completed eligible Wikidata candidate reviewed for Algiers.,Algiers es el candidato elegible completado más alto revisado en Wikidata para Argel.,16666.634248763854,16.666634248763852,ourairports-2026-09-14;wikidata-q3561,2026-09-14
city-q1563--ourairports-4839--tallest--wikidata-q110110932,city-q1563,Havana,La Habana,Havana,CU,Cuba,Cuba,North America,Caribbean,ourairports-4839,José Martí International Airport,José Martí International Airport,HAV,MUHA,22.989200592041016,-82.40910339355469,large_airport,true,year_round,wikidata-q110110932,Cuban Telephone Company Building,Cuban Telephone Company Building,23.134003612,-82.361686724,62,structural_tip,building_or_freestanding_tower,1900,tallest,false,medium,Cuban Telephone Company Building is the highest completed eligible Wikidata candidate reviewed for Havana.,Cuban Telephone Company Building es el candidato elegible completado más alto revisado en Wikidata para La Habana.,16756.192112079414,16.756192112079415,ourairports-2026-09-14;wikidata-q110110932,2026-09-14
city-q8673--ourairports-2118--tallest--wikidata-q16733944,city-q8673,Lagos,Lagos,Lagos,NG,Nigeria,Nigeria,Africa,Western Africa,ourairports-2118,Murtala Muhammed International Airport,Murtala Muhammed International Airport,LOS,DNMM,6.57737,3.32116,large_airport,true,year_round,wikidata-q16733944,NITEL Building,NITEL Building,6.4461,3.39751,160,structural_tip,building_or_freestanding_tower,1979,tallest,false,medium,NITEL Building is the highest completed eligible Wikidata candidate reviewed for Lagos.,NITEL Building es el candidato elegible completado más alto revisado en Wikidata para Lagos.,16794.53248647842,16.79453248647842,ourairports-2026-09-14;wikidata-q16733944,2026-09-14
city-q2887--ourairports-6015--tallest--wikidata-q1542408,city-q2887,Santiago,Santiago,Santiago,CL,Chile,Chile,South America,South America,ourairports-6015,Comodoro Arturo Merino Benítez International Airport,Comodoro Arturo Merino Benítez International Airport,SCL,SCEL,-33.393001556396484,-70.78579711914062,large_airport,true,year_round,wikidata-q1542408,Gran Torre Costanera,Gran Torre Costanera,-33.41694444,-70.60666667,300,structural_tip,building_or_freestanding_tower,2013,tallest,false,medium,Gran Torre Costanera is the highest completed eligible Wikidata candidate reviewed for Santiago.,Gran Torre Costanera es el candidato elegible completado más alto revisado en Wikidata para Santiago.,16873.691190094723,16.873691190094725,ourairports-2026-09-14;wikidata-q1542408,2026-09-14
city-q1865--ourairports-26879--tallest--wikidata-q7969454,city-q1865,Kuala Lumpur,Kuala Lumpur,Kuala Lumpur,MY,Malaysia,Malasia,Asia,South-eastern Asia,ourairports-26879,Sultan Abdul Aziz Shah International Airport,Sultan Abdul Aziz Shah International Airport,SZB,WMSA,3.13058,101.549004,large_airport,false,year_round,wikidata-q7969454,Merdeka 118,Merdeka 118,3.141666666,101.700722222,678.9,structural_tip,building_or_freestanding_tower,2023,tallest,false,medium,Merdeka 118 is the highest completed eligible Wikidata candidate reviewed for Kuala Lumpur.,Merdeka 118 es el candidato elegible completado más alto revisado en Wikidata para Kuala Lumpur.,16908.57161894688,16.90857161894688,ourairports-2026-09-14;wikidata-q7969454,2026-09-14
city-q35178--ourairports-5220--tallest--wikidata-q557933,city-q35178,Kuwait City,Ciudad de Kuwait,Kuwait City,KW,Kuwait,Kuwait,Asia,Western Asia,ourairports-5220,Kuwait International Airport,Kuwait International Airport,KWI,OKKK,29.224487,47.969813,large_airport,true,year_round,wikidata-q557933,Al Hamra Tower,Al Hamra Tower,29.378611111,47.992777777,412,structural_tip,building_or_freestanding_tower,2015,tallest,false,medium,Al Hamra Tower is the highest completed eligible Wikidata candidate reviewed for Kuwait City.,Al Hamra Tower es el candidato elegible completado más alto revisado en Wikidata para Ciudad de Kuwait.,17228.31451029485,17.22831451029485,ourairports-2026-09-14;wikidata-q557933,2026-09-14
city-q365--ourairports-2216--tallest--wikidata-q153646,city-q365,Cologne,Colonia,Cologne,DE,Germany,Alemania,Europe,Western Europe,ourairports-2216,Cologne Bonn Airport,Cologne Bonn Airport,CGN,EDDK,50.865898,7.14274,large_airport,true,year_round,wikidata-q153646,Colonius,Colonius,50.947222222,6.931944444,266,structural_tip,building_or_freestanding_tower,1900,tallest,false,medium,Colonius is the highest completed eligible Wikidata candidate reviewed for Cologne.,Colonius es el candidato elegible completado más alto revisado en Wikidata para Colonia.,17369.230674397815,17.369230674397816,ourairports-2026-09-14;wikidata-q153646,2026-09-14
city-q11953--ourairports-4710--tallest--wikidata-q1706069,city-q11953,Guadalajara,Guadalajara,Guadalajara,MX,Mexico,México,North America,Central America,ourairports-4710,Guadalajara International Airport,Guadalajara International Airport,GDL,MMGL,20.523342,-103.310108,large_airport,true,year_round,wikidata-q1706069,Guadalajara Cathedral,Guadalajara Cathedral,20.67697,-103.347,50,structural_tip,building_or_freestanding_tower,1561,tallest,false,low,Guadalajara Cathedral is the highest completed eligible Wikidata candidate reviewed for Guadalajara.,Guadalajara Cathedral es el candidato elegible completado más alto revisado en Wikidata para Guadalajara.,17437.812417434612,17.43781241743461,ourairports-2026-09-14;wikidata-q1706069,2026-09-14
city-q5083--ourairports-3875--tallest--wikidata-q19864159,city-q5083,Seattle,Seattle,Seattle,US,United States,Estados Unidos,North America,Northern America,ourairports-3875,Seattle–Tacoma International Airport,Seattle–Tacoma International Airport,SEA,KSEA,47.447943,-122.310276,large_airport,true,year_round,wikidata-q19864159,888 Second Avenue,888 Second Avenue,47.604319,-122.333587,888,structural_tip,building_or_freestanding_tower,1900,tallest,false,medium,888 Second Avenue is the highest completed eligible Wikidata candidate reviewed for Seattle.,888 Second Avenue es el candidato elegible completado más alto revisado en Wikidata para Seattle.,17474.45448172325,17.47445448172325,ourairports-2026-09-14;wikidata-q19864159,2026-09-14
city-q38807--ourairports-4960--tallest--wikidata-q131658559,city-q38807,Suva,Suva,Suva,FJ,Fiji,Fiyi,Oceania,Melanesia,ourairports-4960,Nausori International Airport,Nausori International Airport,SUV,NFNA,-18.044226,178.561486,large_airport,true,year_round,wikidata-q131658559,WG Friendship Plaza Suva,WG Friendship Plaza Suva,-18.146388888,178.430833333,112,structural_tip,building_or_freestanding_tower,1900,tallest,false,medium,WG Friendship Plaza Suva is the highest completed eligible Wikidata candidate reviewed for Suva.,WG Friendship Plaza Suva es el candidato elegible completado más alto revisado en Wikidata para Suva.,17863.660355919023,17.863660355919023,ourairports-2026-09-14;wikidata-q131658559,2026-09-14
city-q1490--ourairports-5627--tallest--wikidata-q57965,city-q1490,Tokyo,Tokio,Tokyo,JP,Japan,Japón,Asia,Eastern Asia,ourairports-5627,Tokyo Haneda International Airport,Tokyo Haneda International Airport,HND,RJTT,35.549678,139.786958,large_airport,true,year_round,wikidata-q57965,Tokyo Skytree,Tokyo Skytree,35.710055555,139.810722222,634,structural_tip,building_or_freestanding_tower,2012,tallest,false,medium,Tokyo Skytree is the highest completed eligible Wikidata candidate reviewed for Tokyo.,Tokyo Skytree es el candidato elegible completado más alto revisado en Wikidata para Tokio.,17923.968552457583,17.923968552457584,ourairports-2026-09-14;wikidata-q57965,2026-09-14
city-q37100--ourairports-5023--tallest--wikidata-q37100,city-q37100,Auckland,Auckland,Auckland,NZ,New Zealand,Nueva Zelanda,Oceania,Australia and New Zealand,ourairports-5023,Auckland International Airport,Auckland International Airport,AKL,NZAA,-37.01199,174.786331,large_airport,true,year_round,wikidata-q37100,Auckland,Auckland,-36.84916666666667,174.76527777777778,50,structural_tip,building_or_freestanding_tower,1840,tallest,false,low,Auckland is the highest completed eligible Wikidata candidate reviewed for Auckland.,Auckland es el candidato elegible completado más alto revisado en Wikidata para Auckland.,18166.6283869194,18.166628386919403,ourairports-2026-09-14;wikidata-q37100,2026-09-14
city-q334--ourairports-26887--tallest--wikidata-q2813490,city-q334,Singapore,Singapur,Singapore,SG,Singapore,Singapur,Asia,South-eastern Asia,ourairports-26887,Singapore Changi Airport,Singapore Changi Airport,SIN,WSSS,1.35019,103.994003,large_airport,true,year_round,wikidata-q2813490,CPF Building,CPF Building,1.276833333,103.847861111,561,structural_tip,building_or_freestanding_tower,1900,tallest,false,medium,CPF Building is the highest completed eligible Wikidata candidate reviewed for Singapore.,CPF Building es el candidato elegible completado más alto revisado en Wikidata para Singapur.,18174.67594124957,18.17467594124957,ourairports-2026-09-14;wikidata-q2813490,2026-09-14
city-q220--ourairports-4370--tallest--wikidata-q3664909,city-q220,Rome,Roma,Rome,IT,Italy,Italia,Europe,Southern Europe,ourairports-4370,Ciampino–G. B. Pastine International Airport,Ciampino–G. B. Pastine International Airport,CIA,LIRA,41.798769,12.595331,large_airport,false,year_round,wikidata-q3664909,RAI tower,RAI tower,41.9193,12.4455,180,structural_tip,building_or_freestanding_tower,1900,tallest,false,medium,RAI tower is the highest completed eligible Wikidata candidate reviewed for Rome.,RAI tower es el candidato elegible completado más alto revisado en Wikidata para Roma.,18275.700164534835,18.275700164534836,ourairports-2026-09-14;wikidata-q3664909,2026-09-14
city-q60--ourairports-3521--tallest--wikidata-q47321192,city-q60,New York City,Nueva York,New York City,US,United States,Estados Unidos,North America,Northern America,ourairports-3521,Newark Liberty International Airport,Newark Liberty International Airport,EWR,KEWR,40.6894,-74.170545,large_airport,false,year_round,wikidata-q47321192,50 West 66th Street,50 West 66th Street,40.773,-73.9803,775,structural_tip,building_or_freestanding_tower,1900,tallest,false,medium,50 West 66th Street is the highest completed eligible Wikidata candidate reviewed for New York City.,50 West 66th Street es el candidato elegible completado más alto revisado en Wikidata para Nueva York.,18559.85299085548,18.559852990855482,ourairports-2026-09-14;wikidata-q47321192,2026-09-14
city-q48278--ourairports-6158--tallest--wikidata-q7826994,city-q48278,Medellín,Medellín,Medellín,CO,Colombia,Colombia,South America,South America,ourairports-6158,Jose Maria Córdova International Airport,Jose Maria Córdova International Airport,MDE,SKRG,6.16454,-75.4231,large_airport,true,year_round,wikidata-q7826994,Torre del Café,Torre del Café,6.249022,-75.568536,160,structural_tip,building_or_freestanding_tower,1900,tallest,false,medium,Torre del Café is the highest completed eligible Wikidata candidate reviewed for Medellín.,Torre del Café es el candidato elegible completado más alto revisado en Wikidata para Medellín.,18610.55406049157,18.61055406049157,ourairports-2026-09-14;wikidata-q7826994,2026-09-14
city-q1741--ourairports-4434--tallest--wikidata-q686544,city-q1741,Vienna,Viena,Vienna,AT,Austria,Austria,Europe,Western Europe,ourairports-4434,Vienna International Airport,Vienna International Airport,VIE,LOWW,48.110298,16.5697,large_airport,true,year_round,wikidata-q686544,Donauturm,Donauturm,48.24023,16.41003,252,structural_tip,building_or_freestanding_tower,1900,tallest,false,medium,Donauturm is the highest completed eligible Wikidata candidate reviewed for Vienna.,Donauturm es el candidato elegible completado más alto revisado en Wikidata para Viena.,18701.5906698684,18.701590669868402,ourairports-2026-09-14;wikidata-q686544,2026-09-14
city-q3141--ourairports-27066--tallest--wikidata-q19817555,city-q3141,Melbourne,Melbourne,Melbourne,AU,Australia,Australia,Oceania,Australia and New Zealand,ourairports-27066,Melbourne Airport,Melbourne Airport,MEL,YMML,-37.670732,144.837898,large_airport,true,year_round,wikidata-q19817555,Light House Melbourne,Light House Melbourne,-37.80836111,144.96083333,715,structural_tip,building_or_freestanding_tower,1900,tallest,false,medium,Light House Melbourne is the highest completed eligible Wikidata candidate reviewed for Melbourne.,Light House Melbourne es el candidato elegible completado más alto revisado en Wikidata para Melbourne.,18728.59340147304,18.72859340147304,ourairports-2026-09-14;wikidata-q19817555,2026-09-14
city-q64--ourairports-301881--tallest--wikidata-q151356,city-q64,Berlin,Berlín,Berlin,DE,Germany,Alemania,Europe,Western Europe,ourairports-301881,Berlin Brandenburg Airport,Berlin Brandenburg Airport,BER,EDDB,52.361738,13.502341,large_airport,true,year_round,wikidata-q151356,Fernsehturm Berlin,Fernsehturm Berlin,52.520833333,13.409444444,368,structural_tip,building_or_freestanding_tower,1969,tallest,false,medium,Fernsehturm Berlin is the highest completed eligible Wikidata candidate reviewed for Berlin.,Fernsehturm Berlin es el candidato elegible completado más alto revisado en Wikidata para Berlín.,18796.721717537723,18.79672171753772,ourairports-2026-09-14;wikidata-q151356,2026-09-14
city-q384--ourairports-4573--tallest--wikidata-q1890632,city-q384,Skopje,Skopie,Skopje,MK,North Macedonia,Macedonia del Norte,Europe,Southern Europe,ourairports-4573,Skopje International Airport,Skopje International Airport,SKP,LWSK,41.958087,21.622581,large_airport,true,year_round,wikidata-q1890632,Millennium Cross,Millennium Cross,41.965027,21.39441,50,structural_tip,building_or_freestanding_tower,2002,tallest,false,low,Millennium Cross is the highest completed eligible Wikidata candidate reviewed for Skopje.,Millennium Cross es el candidato elegible completado más alto revisado en Wikidata para Skopie.,18931.20962906582,18.93120962906582,ourairports-2026-09-14;wikidata-q1890632,2026-09-14
city-q203263--ourairports-4251--tallest--wikidata-q10288,city-q203263,Athens,Atenas,Athens,GR,Greece,Grecia,Europe,Southern Europe,ourairports-4251,Athens Eleftherios Venizelos International Airport,Athens Eleftherios Venizelos International Airport,ATH,LGAV,37.936401,23.9445,large_airport,true,year_round,wikidata-q10288,Parthenon,Parthenon,37.971527,23.726601,13.72,structural_tip,building_or_freestanding_tower,500,tallest,false,low,Parthenon is the highest completed eligible Wikidata candidate reviewed for Athens.,Parthenon es el candidato elegible completado más alto revisado en Wikidata para Atenas.,19543.407216611446,19.543407216611445,ourairports-2026-09-14;wikidata-q10288,2026-09-14
city-q2900--ourairports-308273--tallest--wikidata-q4868435,city-q2900,Quito,Quito,Quito,EC,Ecuador,Ecuador,South America,South America,ourairports-308273,Mariscal Sucre International Airport,Mariscal Sucre International Airport,UIO,SEQM,-0.125399,-78.354306,large_airport,true,year_round,wikidata-q4868435,Basilica of the National Vow,Basilica of the National Vow,-0.215,-78.50738888888888,83,structural_tip,building_or_freestanding_tower,1988,tallest,false,low,Basilica of the National Vow is the highest completed eligible Wikidata candidate reviewed for Quito.,Basilica of the National Vow es el candidato elegible completado más alto revisado en Wikidata para Quito.,19711.84100103733,19.71184100103733,ourairports-2026-09-14;wikidata-q4868435,2026-09-14
city-q172--ourairports-1990--tallest--wikidata-q134883,city-q172,Toronto,Toronto,Toronto,CA,Canada,Canadá,North America,Northern America,ourairports-1990,Toronto Pearson International Airport,Toronto Pearson International Airport,YYZ,CYYZ,43.675935,-79.629421,large_airport,true,year_round,wikidata-q134883,CN Tower,CN Tower,43.642752777,-79.387147222,553.3,structural_tip,building_or_freestanding_tower,1976,tallest,false,medium,CN Tower is the highest completed eligible Wikidata candidate reviewed for Toronto.,CN Tower es el candidato elegible completado más alto revisado en Wikidata para Toronto.,19887.395880807395,19.887395880807397,ourairports-2026-09-14;wikidata-q134883,2026-09-14
city-q3630--ourairports-26835--tallest--wikidata-q30686870,city-q3630,Jakarta,Yakarta,Jakarta,ID,Indonesia,Indonesia,Asia,South-eastern Asia,ourairports-26835,Soekarno-Hatta International Airport,Soekarno-Hatta International Airport,CGK,WIII,-6.12557,106.655998,large_airport,true,year_round,wikidata-q30686870,Thamrin Nine,Thamrin Nine,-6.19914,106.82263,382.9,structural_tip,building_or_freestanding_tower,1900,tallest,false,medium,Thamrin Nine is the highest completed eligible Wikidata candidate reviewed for Jakarta.,Thamrin Nine es el candidato elegible completado más alto revisado en Wikidata para Yakarta.,20157.724468982946,20.157724468982945,ourairports-2026-09-14;wikidata-q30686870,2026-09-14
city-q5826--ourairports-27205--tallest--wikidata-q99208458,city-q5826,Xi'an,Xi'an,Xi'an,CN,China,China,Asia,Eastern Asia,ourairports-27205,Xi'an Xianyang International Airport,Xi'an Xianyang International Airport,XIY,ZLXY,34.442207,108.762385,large_airport,true,year_round,wikidata-q99208458,China International Silk Road Center,China International Silk Road Center,34.2599,108.7667,498,structural_tip,building_or_freestanding_tower,1900,tallest,false,medium,China International Silk Road Center is the highest completed eligible Wikidata candidate reviewed for Xi'an.,China International Silk Road Center es el candidato elegible completado más alto revisado en Wikidata para Xi'an.,20226.982593616343,20.226982593616345,ourairports-2026-09-14;wikidata-q99208458,2026-09-14
city-q406--ourairports-4569--tallest--wikidata-q131388493,city-q406,Istanbul,Estambul,Istanbul,TR,Türkiye,Turquía,Asia,Western Asia,ourairports-4569,Istanbul Sabiha Gökçen International Airport,Istanbul Sabiha Gökçen International Airport,SAW,LTFJ,40.898602,29.3092,large_airport,false,year_round,wikidata-q131388493,CBRT Tower,CBRT Tower,41.002,29.11048,354,structural_tip,building_or_freestanding_tower,1900,tallest,false,medium,CBRT Tower is the highest completed eligible Wikidata candidate reviewed for Istanbul.,CBRT Tower es el candidato elegible completado más alto revisado en Wikidata para Estambul.,20293.03570460937,20.29303570460937,ourairports-2026-09-14;wikidata-q131388493,2026-09-14
city-q34647--ourairports-31055--tallest--wikidata-q1563940,city-q34647,Johannesburg,Johannesburgo,Johannesburg,ZA,South Africa,Sudáfrica,Africa,Southern Africa,ourairports-31055,O.R. Tambo International Airport,O.R. Tambo International Airport,JNB,FAOR,-26.140081,28.246801,large_airport,true,year_round,wikidata-q1563940,Hillbrow Tower,Hillbrow Tower,-26.186944444,28.049166666,269,structural_tip,building_or_freestanding_tower,1971,tallest,false,medium,Hillbrow Tower is the highest completed eligible Wikidata candidate reviewed for Johannesburg.,Hillbrow Tower es el candidato elegible completado más alto revisado en Wikidata para Johannesburgo.,20429.97775692894,20.42997775692894,ourairports-2026-09-14;wikidata-q1563940,2026-09-14
city-q220--ourairports-4372--tallest--wikidata-q3664909,city-q220,Rome,Roma,Rome,IT,Italy,Italia,Europe,Southern Europe,ourairports-4372,Rome–Fiumicino Leonardo da Vinci International Airport,Rome–Fiumicino Leonardo da Vinci International Airport,FCO,LIRF,41.804532,12.251998,large_airport,true,year_round,wikidata-q3664909,RAI tower,RAI tower,41.9193,12.4455,180,structural_tip,building_or_freestanding_tower,1900,tallest,false,medium,RAI tower is the highest completed eligible Wikidata candidate reviewed for Rome.,RAI tower es el candidato elegible completado más alto revisado en Wikidata para Roma.,20509.114964309323,20.509114964309322,ourairports-2026-09-14;wikidata-q3664909,2026-09-14
city-q30002--ourairports-27230--tallest--wikidata-q18589922,city-q30002,Chengdu,Chengdu,Chengdu,CN,China,China,Asia,Eastern Asia,ourairports-27230,Chengdu Shuangliu International Airport,Chengdu Shuangliu International Airport,CTU,ZUUU,30.558257,103.945966,large_airport,true,year_round,wikidata-q18589922,Chengdu Greenland Tower,Chengdu Greenland Tower,30.60678,104.1543,468,structural_tip,building_or_freestanding_tower,1900,tallest,false,medium,Chengdu Greenland Tower is the highest completed eligible Wikidata candidate reviewed for Chengdu.,Chengdu Greenland Tower es el candidato elegible completado más alto revisado en Wikidata para Chengdu.,20694.329323800128,20.69432932380013,ourairports-2026-09-14;wikidata-q18589922,2026-09-14
city-q62--ourairports-3744--tallest--wikidata-q650097,city-q62,San Francisco,San Francisco,San Francisco,US,United States,Estados Unidos,North America,Northern America,ourairports-3744,Oakland San Francisco Bay Airport,Oakland San Francisco Bay Airport,OAK,KOAK,37.720085,-122.221184,large_airport,false,year_round,wikidata-q650097,Sutro Tower,Sutro Tower,37.7552,-122.4528,977,structural_tip,building_or_freestanding_tower,1900,tallest,false,medium,Sutro Tower is the highest completed eligible Wikidata candidate reviewed for San Francisco.,Sutro Tower es el candidato elegible completado más alto revisado en Wikidata para San Francisco.,20784.35362228616,20.784353622286158,ourairports-2026-09-14;wikidata-q650097,2026-09-14
city-q3881--ourairports-2894--tallest--wikidata-q21007716,city-q3881,Lusaka,Lusaka,Lusaka,ZM,Zambia,Zambia,Africa,Eastern Africa,ourairports-2894,Kenneth Kaunda International Airport,Kenneth Kaunda International Airport,LUN,FLKK,-15.330833,28.452722,large_airport,true,year_round,wikidata-q21007716,FINDECO House,FINDECO House,-15.4243,28.2838,50,structural_tip,building_or_freestanding_tower,1900,tallest,false,low,FINDECO House is the highest completed eligible Wikidata candidate reviewed for Lusaka.,FINDECO House es el candidato elegible completado más alto revisado en Wikidata para Lusaka.,20877.159738319817,20.87715973831982,ourairports-2026-09-14;wikidata-q21007716,2026-09-14
city-q174--ourairports-5910--tallest--wikidata-q42258,city-q174,São Paulo,São Paulo,São Paulo,BR,Brazil,Brasil,South America,South America,ourairports-5910,São Paulo/Guarulhos–Governor André Franco Montoro International Airport,São Paulo/Guarulhos–Governor André Franco Montoro International Airport,GRU,SBGR,-23.431274,-46.469954,large_airport,true,year_round,wikidata-q42258,Mirante do Vale,Mirante do Vale,-23.5422,-46.635422,170,structural_tip,building_or_freestanding_tower,1966,tallest,false,medium,Mirante do Vale is the highest completed eligible Wikidata candidate reviewed for São Paulo.,Mirante do Vale es el candidato elegible completado más alto revisado en Wikidata para São Paulo.,20895.649887321513,20.895649887321515,ourairports-2026-09-14;wikidata-q42258,2026-09-14
city-q3711--ourairports-4610--tallest--wikidata-q1258275,city-q3711,Belgrade,Belgrado,Belgrade,RS,Serbia,Serbia,Europe,Southern Europe,ourairports-4610,Belgrade Nikola Tesla Airport,Belgrade Nikola Tesla Airport,BEG,LYBE,44.818401,20.309099,large_airport,true,year_round,wikidata-q1258275,Avala Tower,Avala Tower,44.695833333,20.514444444,204.68,structural_tip,building_or_freestanding_tower,2010,tallest,false,medium,Avala Tower is the highest completed eligible Wikidata candidate reviewed for Belgrade.,Avala Tower es el candidato elegible completado más alto revisado en Wikidata para Belgrado.,21210.324962784132,21.21032496278413,ourairports-2026-09-14;wikidata-q1258275,2026-09-14
city-q656--ourairports-6489--tallest--wikidata-q4255374,city-q656,Saint Petersburg,San Petersburgo,Saint Petersburg,RU,Russia,Rusia,Europe,Eastern Europe,ourairports-6489,Pulkovo Airport,Pulkovo Airport,LED,ULLI,59.800301,30.262501,large_airport,true,year_round,wikidata-q4255374,Lakhta Centre,Lakhta Centre,59.98703,30.17814,462,structural_tip,building_or_freestanding_tower,2022,tallest,false,medium,Lakhta Centre is the highest completed eligible Wikidata candidate reviewed for Saint Petersburg.,Lakhta Centre es el candidato elegible completado más alto revisado en Wikidata para San Petersburgo.,21332.8306620337,21.3328306620337,ourairports-2026-09-14;wikidata-q4255374,2026-09-14
city-q649--ourairports-26396--tallest--wikidata-q181324,city-q649,Moscow,Moscú,Moscow,RU,Russia,Rusia,Europe,Eastern Europe,ourairports-26396,Sheremetyevo International Airport,Sheremetyevo International Airport,SVO,UUEE,55.976858,37.41121,large_airport,true,year_round,wikidata-q181324,Ostankino Tower,Ostankino Tower,55.819722222,37.611666666,540.1,structural_tip,building_or_freestanding_tower,1900,tallest,false,medium,Ostankino Tower is the highest completed eligible Wikidata candidate reviewed for Moscow.,Ostankino Tower es el candidato elegible completado más alto revisado en Wikidata para Moscú.,21525.331472786354,21.525331472786355,ourairports-2026-09-14;wikidata-q181324,2026-09-14
city-q956--ourairports-27188--tallest--wikidata-q197833,city-q956,Beijing,Pekín,Beijing,CN,China,China,Asia,Eastern Asia,ourairports-27188,Beijing Capital International Airport,Beijing Capital International Airport,PEK,ZBAA,40.077349,116.596702,large_airport,true,year_round,wikidata-q197833,China Zun,China Zun,39.911388888,116.460277777,528,structural_tip,building_or_freestanding_tower,1900,tallest,false,medium,China Zun is the highest completed eligible Wikidata candidate reviewed for Beijing.,China Zun es el candidato elegible completado más alto revisado en Wikidata para Pekín.,21801.4921028069,21.8014921028069,ourairports-2026-09-14;wikidata-q197833,2026-09-14
city-q11725--ourairports-27228--tallest--wikidata-q1666430,city-q11725,Chongqing,Chongqing,Chongqing,CN,China,China,Asia,Eastern Asia,ourairports-27228,Chongqing Jiangbei International Airport,Chongqing Jiangbei International Airport,CKG,ZUCK,29.712254,106.651895,large_airport,true,year_round,wikidata-q1666430,International Commerce Center 1,International Commerce Center 1,29.55315,106.513725,458,structural_tip,building_or_freestanding_tower,1900,tallest,false,medium,International Commerce Center 1 is the highest completed eligible Wikidata candidate reviewed for Chongqing.,International Commerce Center 1 es el candidato elegible completado más alto revisado en Wikidata para Chongqing.,22137.39990593291,22.13739990593291,ourairports-2026-09-14;wikidata-q1666430,2026-09-14
city-q3692--ourairports-5112--tallest--wikidata-q13892708,city-q3692,Riyadh,Riad,Riyadh,SA,Saudi Arabia,Arabia Saudí,Asia,Western Asia,ourairports-5112,King Khalid International Airport,King Khalid International Airport,RUH,OERK,24.9576,46.698799,large_airport,true,year_round,wikidata-q13892708,Capital Market Authority Headquarters,Capital Market Authority Headquarters,24.76277778,46.64027778,385,structural_tip,building_or_freestanding_tower,2016,tallest,false,medium,Capital Market Authority Headquarters is the highest completed eligible Wikidata candidate reviewed for Riyadh.,Capital Market Authority Headquarters es el candidato elegible completado más alto revisado en Wikidata para Riad.,22376.391522405916,22.376391522405918,ourairports-2026-09-14;wikidata-q13892708,2026-09-14
city-q60--ourairports-3622--tallest--wikidata-q47321192,city-q60,New York City,Nueva York,New York City,US,United States,Estados Unidos,North America,Northern America,ourairports-3622,John F. Kennedy International Airport,John F. Kennedy International Airport,JFK,KJFK,40.639447,-73.779317,large_airport,true,year_round,wikidata-q47321192,50 West 66th Street,50 West 66th Street,40.773,-73.9803,775,structural_tip,building_or_freestanding_tower,1900,tallest,false,medium,50 West 66th Street is the highest completed eligible Wikidata candidate reviewed for New York City.,50 West 66th Street es el candidato elegible completado más alto revisado en Wikidata para Nueva York.,22548.379777819173,22.54837977781917,ourairports-2026-09-14;wikidata-q47321192,2026-09-14
city-q1861--ourairports-26638--tallest--wikidata-q1640197,city-q1861,Bangkok,Bangkok,Bangkok,TH,Thailand,Tailandia,Asia,South-eastern Asia,ourairports-26638,Don Mueang International Airport,Don Mueang International Airport,DMK,VTBD,13.9126,100.607002,large_airport,false,year_round,wikidata-q1640197,King Power Mahanakhon,King Power Mahanakhon,13.723611111,100.528333333,314,structural_tip,building_or_freestanding_tower,2016,tallest,false,medium,King Power Mahanakhon is the highest completed eligible Wikidata candidate reviewed for Bangkok.,King Power Mahanakhon es el candidato elegible completado más alto revisado en Wikidata para Bangkok.,22573.04217330986,22.573042173309858,ourairports-2026-09-14;wikidata-q1640197,2026-09-14
city-q7903--ourairports-3113--tallest--wikidata-q60851364,city-q7903,Casablanca,Casablanca,Casablanca,MA,Morocco,Marruecos,Africa,Northern Africa,ourairports-3113,Mohammed V International Airport,Mohammed V International Airport,CMN,GMMN,33.3675,-7.58997,large_airport,true,year_round,wikidata-q60851364,Casablanca Finance City Tower,Casablanca Finance City Tower,33.56355,-7.661,136,structural_tip,building_or_freestanding_tower,2019,tallest,false,medium,Casablanca Finance City Tower is the highest completed eligible Wikidata candidate reviewed for Casablanca.,Casablanca Finance City Tower es el candidato elegible completado más alto revisado en Wikidata para Casablanca.,22724.860362922973,22.72486036292297,ourairports-2026-09-14;wikidata-q60851364,2026-09-14
city-q11746--ourairports-27200--tallest--wikidata-q143235,city-q11746,Wuhan,Wuhan,Wuhan,CN,China,China,Asia,Eastern Asia,ourairports-27200,Wuhan Tianhe International Airport,Wuhan Tianhe International Airport,WUH,ZHHH,30.774798,114.213723,large_airport,true,year_round,wikidata-q143235,Wuhan Greenland Center,Wuhan Greenland Center,30.585941666,114.317475,475.6,structural_tip,building_or_freestanding_tower,2023,tallest,false,medium,Wuhan Greenland Center is the highest completed eligible Wikidata candidate reviewed for Wuhan.,Wuhan Greenland Center es el candidato elegible completado más alto revisado en Wikidata para Wuhan.,23177.782481960632,23.177782481960634,ourairports-2026-09-14;wikidata-q143235,2026-09-14
city-q81033--ourairports-4732--tallest--wikidata-q5436075,city-q81033,Monterrey,Monterrey,Monterrey,MX,Mexico,México,North America,Central America,ourairports-4732,Monterrey International Airport,Monterrey International Airport,MTY,MMMY,25.778521,-100.106989,large_airport,true,year_round,wikidata-q5436075,Faro del Comercio,Faro del Comercio,25.666194444444,-100.31002777778,50,structural_tip,building_or_freestanding_tower,1900,tallest,false,low,Faro del Comercio is the highest completed eligible Wikidata candidate reviewed for Monterrey.,Faro del Comercio es el candidato elegible completado más alto revisado en Wikidata para Monterrey.,23874.789539371635,23.874789539371637,ourairports-2026-09-14;wikidata-q5436075,2026-09-14
city-q36947--ourairports-5977--tallest--wikidata-q10323861,city-q36947,Salvador,Salvador de Bahía,Salvador,BR,Brazil,Brasil,South America,South America,ourairports-5977,Deputado Luiz Eduardo Magalhães International Airport,Deputado Luiz Eduardo Magalhães International Airport,SSA,SBSV,-12.908611,-38.322498,large_airport,true,year_round,wikidata-q10323861,Mansão Margarida Costa Pinto,Mansão Margarida Costa Pinto,-12.992633,-38.525371,154.45,structural_tip,building_or_freestanding_tower,1900,tallest,false,medium,Mansão Margarida Costa Pinto is the highest completed eligible Wikidata candidate reviewed for Salvador.,Mansão Margarida Costa Pinto es el candidato elegible completado más alto revisado en Wikidata para Salvador de Bahía.,23895.07204960988,23.89507204960988,ourairports-2026-09-14;wikidata-q10323861,2026-09-14
city-q1861--ourairports-28118--tallest--wikidata-q1640197,city-q1861,Bangkok,Bangkok,Bangkok,TH,Thailand,Tailandia,Asia,South-eastern Asia,ourairports-28118,Suvarnabhumi Airport,Suvarnabhumi Airport,BKK,VTBS,13.6811,100.747002,large_airport,true,year_round,wikidata-q1640197,King Power Mahanakhon,King Power Mahanakhon,13.723611111,100.528333333,314,structural_tip,building_or_freestanding_tower,2016,tallest,false,medium,King Power Mahanakhon is the highest completed eligible Wikidata candidate reviewed for Bangkok.,King Power Mahanakhon es el candidato elegible completado más alto revisado en Wikidata para Bangkok.,24116.800969560092,24.116800969560092,ourairports-2026-09-14;wikidata-q1640197,2026-09-14
city-q1297--ourairports-3754--tallest--wikidata-q4616395,city-q1297,Chicago,Chicago,Chicago,US,United States,Estados Unidos,North America,Northern America,ourairports-3754,Chicago O'Hare International Airport,Chicago O'Hare International Airport,ORD,KORD,41.9786,-87.9048,large_airport,true,year_round,wikidata-q4616395,200 North Riverside Plaza,200 North Riverside Plaza,41.8864234,-87.6396077,732,structural_tip,building_or_freestanding_tower,2017,tallest,false,medium,200 North Riverside Plaza is the highest completed eligible Wikidata candidate reviewed for Chicago.,200 North Riverside Plaza es el candidato elegible completado más alto revisado en Wikidata para Chicago.,24260.71941085473,24.26071941085473,ourairports-2026-09-14;wikidata-q4616395,2026-09-14
city-q16555--ourairports-3604--tallest--wikidata-q935919,city-q16555,Houston,Houston,Houston,US,United States,Estados Unidos,North America,Northern America,ourairports-3604,George Bush Intercontinental Airport,George Bush Intercontinental Airport,IAH,KIAH,29.9844,-95.3414,large_airport,true,year_round,wikidata-q935919,JPMorgan Chase Tower,JPMorgan Chase Tower,29.760556,-95.363889,305.4,structural_tip,building_or_freestanding_tower,1900,tallest,false,medium,JPMorgan Chase Tower is the highest completed eligible Wikidata candidate reviewed for Houston.,JPMorgan Chase Tower es el candidato elegible completado más alto revisado en Wikidata para Houston.,24908.110881136927,24.908110881136928,ourairports-2026-09-14;wikidata-q935919,2026-09-14
city-q8646--ourairports-26535--tallest--wikidata-q317034,city-q8646,Hong Kong,Hong Kong,Hong Kong,HK,Hong Kong SAR China,RAE de Hong Kong (China),Asia,Eastern Asia,ourairports-26535,Hong Kong International Airport,Hong Kong International Airport,HKG,VHHH,22.31184,113.914862,large_airport,true,year_round,wikidata-q317034,International Commerce Centre,International Commerce Centre,22.303391666,114.160169444,484,structural_tip,building_or_freestanding_tower,2010,tallest,false,medium,International Commerce Centre is the highest completed eligible Wikidata candidate reviewed for Hong Kong.,International Commerce Centre es el candidato elegible completado más alto revisado en Wikidata para Hong Kong.,25293.283397654108,25.293283397654108,ourairports-2026-09-14;wikidata-q317034,2026-09-14
city-q90--ourairports-4185--tallest--wikidata-q243,city-q90,Paris,París,Paris,FR,France,Francia,Europe,Western Europe,ourairports-4185,Charles de Gaulle International Airport,Charles de Gaulle International Airport,CDG,LFPG,49.00896,2.554117,large_airport,true,year_round,wikidata-q243,Eiffel Tower,Eiffel Tower,48.858296,2.294479,330,structural_tip,building_or_freestanding_tower,1889,tallest,false,medium,Eiffel Tower is the highest completed eligible Wikidata candidate reviewed for Paris.,Eiffel Tower es el candidato elegible completado más alto revisado en Wikidata para París.,25349.998386870826,25.349998386870826,ourairports-2026-09-14;wikidata-q243,2026-09-14
city-q16557--ourairports-3488--tallest--wikidata-q806675,city-q16557,Dallas,Dallas,Dallas,US,United States,Estados Unidos,North America,Northern America,ourairports-3488,Dallas Fort Worth International Airport,Dallas Fort Worth International Airport,DFW,KDFW,32.896801,-97.038002,large_airport,true,year_round,wikidata-q806675,Bank of America Plaza,Bank of America Plaza,32.7799,-96.8038,281,structural_tip,building_or_freestanding_tower,1900,tallest,false,medium,Bank of America Plaza is the highest completed eligible Wikidata candidate reviewed for Dallas.,Bank of America Plaza es el candidato elegible completado más alto revisado en Wikidata para Dallas.,25472.73834625731,25.47273834625731,ourairports-2026-09-14;wikidata-q806675,2026-09-14
city-q84--ourairports-2434--tallest--wikidata-q18536,city-q84,London,Londres,London,GB,United Kingdom,Reino Unido,Europe,Northern Europe,ourairports-2434,London Heathrow Airport,London Heathrow Airport,LHR,EGLL,51.470748,-0.459909,large_airport,true,year_round,wikidata-q18536,The Shard,The Shard,51.504444444,-0.086666666,306,structural_tip,building_or_freestanding_tower,2012,tallest,false,medium,The Shard is the highest completed eligible Wikidata candidate reviewed for London.,The Shard es el candidato elegible completado más alto revisado en Wikidata para Londres.,26194.809520513543,26.194809520513544,ourairports-2026-09-14;wikidata-q18536,2026-09-14
city-q1726--ourairports-2218--tallest--wikidata-q599148,city-q1726,Munich,Múnich,Munich,DE,Germany,Alemania,Europe,Western Europe,ourairports-2218,Munich Airport,Munich Airport,MUC,EDDM,48.353802,11.7861,large_airport,true,year_round,wikidata-q599148,Olympiaturm,Olympiaturm,48.174464957,11.554240647,290,structural_tip,building_or_freestanding_tower,1968,tallest,false,medium,Olympiaturm is the highest completed eligible Wikidata candidate reviewed for Munich.,Olympiaturm es el candidato elegible completado más alto revisado en Wikidata para Múnich.,26343.598344754475,26.343598344754476,ourairports-2026-09-14;wikidata-q599148,2026-09-14
city-q15174--ourairports-27198--tallest--wikidata-q1077308,city-q15174,Shenzhen,Shenzhen,Shenzhen,CN,China,China,Asia,Eastern Asia,ourairports-27198,Shenzhen Bao'an International Airport,Shenzhen Bao'an International Airport,SZX,ZGSZ,22.639474,113.803262,large_airport,true,year_round,wikidata-q1077308,Ping An Finance Centre,Ping An Finance Centre,22.536666666,114.050277777,599.05,structural_tip,building_or_freestanding_tower,2017,tallest,false,medium,Ping An Finance Centre is the highest completed eligible Wikidata candidate reviewed for Shenzhen.,Ping An Finance Centre es el candidato elegible completado más alto revisado en Wikidata para Shenzhen.,27835.51191198908,27.83551191198908,ourairports-2026-09-14;wikidata-q1077308,2026-09-14
city-q8684--ourairports-5656--tallest--wikidata-q494895,city-q8684,Seoul,Seúl,Seoul,KR,South Korea,Corea del Sur,Asia,Eastern Asia,ourairports-5656,Seoul Gimpo International Airport,Seoul Gimpo International Airport,GMP,RKSS,37.5583,126.791,large_airport,false,year_round,wikidata-q494895,Lotte World Tower,Lotte World Tower,37.5125,127.1025,555.7,structural_tip,building_or_freestanding_tower,2017,tallest,false,medium,Lotte World Tower is the highest completed eligible Wikidata candidate reviewed for Seoul.,Lotte World Tower es el candidato elegible completado más alto revisado en Wikidata para Seúl.,27996.837819004613,27.996837819004615,ourairports-2026-09-14;wikidata-q494895,2026-09-14
city-q1486--ourairports-5781--tallest--wikidata-q114055043,city-q1486,Buenos Aires,Buenos Aires,Buenos Aires,AR,Argentina,Argentina,South America,South America,ourairports-5781,Ezeiza International Airport - Ministro Pistarini,Ezeiza International Airport - Ministro Pistarini,EZE,SAEZ,-34.8222,-58.5358,large_airport,true,year_round,wikidata-q114055043,Q114055043,Q114055043,-34.57453833,-58.40874228,430,structural_tip,building_or_freestanding_tower,1900,tallest,false,medium,Q114055043 is the highest completed eligible Wikidata candidate reviewed for Buenos Aires.,Q114055043 es el candidato elegible completado más alto revisado en Wikidata para Buenos Aires.,29838.887797273597,29.838887797273596,ourairports-2026-09-14;wikidata-q114055043,2026-09-14
city-q34647--ourairports-2800--tallest--wikidata-q1563940,city-q34647,Johannesburg,Johannesburgo,Johannesburg,ZA,South Africa,Sudáfrica,Africa,Southern Africa,ourairports-2800,Lanseria International Airport,Lanseria International Airport,HLA,FALA,-25.938964,27.926642,large_airport,false,year_round,wikidata-q1563940,Hillbrow Tower,Hillbrow Tower,-26.186944444,28.049166666,269,structural_tip,building_or_freestanding_tower,1971,tallest,false,medium,Hillbrow Tower is the highest completed eligible Wikidata candidate reviewed for Johannesburg.,Hillbrow Tower es el candidato elegible completado más alto revisado en Wikidata para Johannesburgo.,30085.022177109502,30.0850221771095,ourairports-2026-09-14;wikidata-q1563940,2026-09-14
city-q85--ourairports-3183--tallest--wikidata-q102281065,city-q85,Cairo,El Cairo,Cairo,EG,Egypt,Egipto,Africa,Northern Africa,ourairports-3183,Cairo International Airport,Cairo International Airport,CAI,HECA,30.111534,31.396694,large_airport,true,year_round,wikidata-q102281065,Iconic Tower,Iconic Tower,30.012777777,31.693888888,393.8,structural_tip,building_or_freestanding_tower,1900,tallest,false,medium,Iconic Tower is the highest completed eligible Wikidata candidate reviewed for Cairo.,Iconic Tower es el candidato elegible completado más alto revisado en Wikidata para El Cairo.,30677.183163498634,30.677183163498633,ourairports-2026-09-14;wikidata-q102281065,2026-09-14
city-q8686--ourairports-27223--tallest--wikidata-q18547,city-q8686,Shanghai,Shanghái,Shanghai,CN,China,China,Asia,Eastern Asia,ourairports-27223,Shanghai Pudong International Airport,Shanghai Pudong International Airport,PVG,ZSPD,31.1434,121.805,large_airport,true,year_round,wikidata-q18547,Shanghai Tower,Shanghai Tower,31.2355,121.501,632,structural_tip,building_or_freestanding_tower,2014,tallest,false,medium,Shanghai Tower is the highest completed eligible Wikidata candidate reviewed for Shanghai.,Shanghai Tower es el candidato elegible completado más alto revisado en Wikidata para Shanghái.,30722.382550720205,30.722382550720205,ourairports-2026-09-14;wikidata-q18547,2026-09-14
city-q16572--ourairports-27194--tallest--wikidata-q168400,city-q16572,Guangzhou,Cantón,Guangzhou,CN,China,China,Asia,Eastern Asia,ourairports-27194,Guangzhou Baiyun International Airport,Guangzhou Baiyun International Airport,CAN,ZGGG,23.392401,113.299004,large_airport,true,year_round,wikidata-q168400,Canton Tower,Canton Tower,23.1092,113.319147222,600,structural_tip,building_or_freestanding_tower,2010,tallest,false,medium,Canton Tower is the highest completed eligible Wikidata candidate reviewed for Guangzhou.,Canton Tower es el candidato elegible completado más alto revisado en Wikidata para Cantón.,31431.47479357824,31.43147479357824,ourairports-2026-09-14;wikidata-q168400,2026-09-14
city-q8652--ourairports-3531--tallest--wikidata-q19817557,city-q8652,Miami,Miami,Miami,US,United States,Estados Unidos,North America,Northern America,ourairports-3531,Fort Lauderdale Hollywood International Airport,Fort Lauderdale Hollywood International Airport,FLL,KFLL,26.072599,-80.152702,large_airport,false,year_round,wikidata-q19817557,One Thousand Museum,One Thousand Museum,25.7842,-80.1901,700,structural_tip,building_or_freestanding_tower,1900,tallest,false,medium,One Thousand Museum is the highest completed eligible Wikidata candidate reviewed for Miami.,One Thousand Museum es el candidato elegible completado más alto revisado en Wikidata para Miami.,32169.730476228862,32.169730476228864,ourairports-2026-09-14;wikidata-q19817557,2026-09-14
city-q42800--ourairports-5882--tallest--wikidata-q42800,city-q42800,Belo Horizonte,Belo Horizonte,Belo Horizonte,BR,Brazil,Brasil,South America,South America,ourairports-5882,Tancredo Neves International Airport,Tancredo Neves International Airport,CNF,SBCF,-19.63571,-43.966928,large_airport,true,year_round,wikidata-q42800,Belo Horizonte,Belo Horizonte,-19.928055555555556,-43.941944444444445,50,structural_tip,building_or_freestanding_tower,1701,tallest,false,low,Belo Horizonte is the highest completed eligible Wikidata candidate reviewed for Belo Horizonte.,Belo Horizonte es el candidato elegible completado más alto revisado en Wikidata para Belo Horizonte.,32468.83602757755,32.468836027577545,ourairports-2026-09-14;wikidata-q42800,2026-09-14
city-q11736--ourairports-27192--tallest--wikidata-q10939987,city-q11736,Tianjin,Tianjín,Tianjin,CN,China,China,Asia,Eastern Asia,ourairports-27192,Tianjin Binhai International Airport,Tianjin Binhai International Airport,TSN,ZBTJ,39.124401092499994,117.346000671,large_airport,true,year_round,wikidata-q10939987,Tianjin Chow Tai Fook Binhai Center,Tianjin Chow Tai Fook Binhai Center,39.021380555,117.698461111,530,structural_tip,building_or_freestanding_tower,1900,tallest,false,medium,Tianjin Chow Tai Fook Binhai Center is the highest completed eligible Wikidata candidate reviewed for Tianjin.,Tianjin Chow Tai Fook Binhai Center es el candidato elegible completado más alto revisado en Wikidata para Tianjín.,32574.77898311708,32.57477898311708,ourairports-2026-09-14;wikidata-q10939987,2026-09-14
city-q61--ourairports-3602--tallest--wikidata-q4269513,city-q61,"Washington, D.C.",Washington D. C.,"Washington, D.C.",US,United States,Estados Unidos,North America,Northern America,ourairports-3602,Washington Dulles International Airport,Washington Dulles International Airport,IAD,KIAD,38.9445,-77.455803,large_airport,true,year_round,wikidata-q4269513,Healy Hall,Healy Hall,38.907277777,-77.072722222,200,structural_tip,building_or_freestanding_tower,1900,tallest,false,medium,"Healy Hall is the highest completed eligible Wikidata candidate reviewed for Washington, D.C..",Healy Hall es el candidato elegible completado más alto revisado en Wikidata para Washington D. C..,33475.490809674244,33.47549080967424,ourairports-2026-09-14;wikidata-q4269513,2026-09-14
city-q649--ourairports-26401--tallest--wikidata-q181324,city-q649,Moscow,Moscú,Moscow,RU,Russia,Rusia,Europe,Eastern Europe,ourairports-26401,Vnukovo International Airport,Vnukovo International Airport,VKO,UUWW,55.591499,37.261501,large_airport,false,year_round,wikidata-q181324,Ostankino Tower,Ostankino Tower,55.819722222,37.611666666,540.1,structural_tip,building_or_freestanding_tower,1900,tallest,false,medium,Ostankino Tower is the highest completed eligible Wikidata candidate reviewed for Moscow.,Ostankino Tower es el candidato elegible completado más alto revisado en Wikidata para Moscú.,33619.01851870149,33.61901851870149,ourairports-2026-09-14;wikidata-q181324,2026-09-14
city-q1867--ourairports-5528--tallest--wikidata-q83101,city-q1867,Taipei,Taipéi,Taipei,TW,Taiwan,Taiwán,Asia,Eastern Asia,ourairports-5528,Taiwan Taoyuan International Airport,Taiwan Taoyuan International Airport,TPE,RCTP,25.0777,121.233002,large_airport,true,year_round,wikidata-q83101,Taipei 101,Taipei 101,25.033611111,121.564722222,508,structural_tip,building_or_freestanding_tower,2005,tallest,false,medium,Taipei 101 is the highest completed eligible Wikidata candidate reviewed for Taipei.,Taipei 101 es el candidato elegible completado más alto revisado en Wikidata para Taipéi.,33826.50228240553,33.82650228240553,ourairports-2026-09-14;wikidata-q83101,2026-09-14
city-q270--ourairports-2622--tallest--wikidata-q116847270,city-q270,Warsaw,Varsovia,Warsaw,PL,Poland,Polonia,Europe,Eastern Europe,ourairports-2622,Warsaw Modlin Airport,Warsaw Modlin Airport,WMI,EPMO,52.451099,20.6518,large_airport,false,year_round,wikidata-q116847270,Varso Tower,Varso Tower,52.228891,21.000101,310,structural_tip,building_or_freestanding_tower,1900,tallest,false,medium,Varso Tower is the highest completed eligible Wikidata candidate reviewed for Warsaw.,Varso Tower es el candidato elegible completado más alto revisado en Wikidata para Varsovia.,34276.89166612276,34.276891666122765,ourairports-2026-09-14;wikidata-q116847270,2026-09-14
city-q1899--ourairports-6467--tallest--wikidata-q1369185,city-q1899,Kyiv,Kiev,Kyiv,UA,Ukraine,Ucrania,Europe,Eastern Europe,ourairports-6467,Boryspil International Airport,Boryspil International Airport,KBP,UKBB,50.345001,30.894699,large_airport,true,year_round,wikidata-q1369185,Kyiv TV Tower,Kyiv TV Tower,50.471111111,30.453333333,385,structural_tip,building_or_freestanding_tower,1973,tallest,false,medium,Kyiv TV Tower is the highest completed eligible Wikidata candidate reviewed for Kyiv.,Kyiv TV Tower es el candidato elegible completado más alto revisado en Wikidata para Kiev.,34368.56644202918,34.36856644202918,ourairports-2026-09-14;wikidata-q1369185,2026-09-14
city-q612--ourairports-300320--tallest--wikidata-q17003486,city-q612,Dubai,Dubái,Dubai,AE,United Arab Emirates,Emiratos Árabes Unidos,Asia,Western Asia,ourairports-300320,Al Maktoum International Airport,Al Maktoum International Airport,DWC,OMDW,24.896171,55.16235,large_airport,false,year_round,wikidata-q17003486,Paramount Tower Hotel & Residences,Paramount Tower Hotel & Residences,25.1933791,55.2653537,886,structural_tip,building_or_freestanding_tower,2019,tallest,false,medium,Paramount Tower Hotel & Residences is the highest completed eligible Wikidata candidate reviewed for Dubai.,Paramount Tower Hotel & Residences es el candidato elegible completado más alto revisado en Wikidata para Dubái.,34524.70178610135,34.52470178610135,ourairports-2026-09-14;wikidata-q17003486,2026-09-14
city-q35765--ourairports-5536--tallest--wikidata-q16318627,city-q35765,Osaka,Osaka,Osaka,JP,Japan,Japón,Asia,Eastern Asia,ourairports-5536,Kansai International Airport,Kansai International Airport,KIX,RJBB,34.427299,135.244003,large_airport,true,year_round,wikidata-q16318627,Abeno Harukas,Abeno Harukas,34.645947222,135.514266666,300,structural_tip,building_or_freestanding_tower,2014,tallest,false,medium,Abeno Harukas is the highest completed eligible Wikidata candidate reviewed for Osaka.,Abeno Harukas es el candidato elegible completado más alto revisado en Wikidata para Osaka.,34696.566918076926,34.696566918076925,ourairports-2026-09-14;wikidata-q16318627,2026-09-14
city-q1754--ourairports-2701--tallest--wikidata-q10550988,city-q1754,Stockholm,Estocolmo,Stockholm,SE,Sweden,Suecia,Europe,Northern Europe,ourairports-2701,Stockholm-Arlanda Airport,Stockholm-Arlanda Airport,ARN,ESSA,59.64849,17.928829,large_airport,true,year_round,wikidata-q10550988,Block Lusten,Block Lusten,59.339166666,18.005555555,78,structural_tip,building_or_freestanding_tower,1900,tallest,false,medium,Block Lusten is the highest completed eligible Wikidata candidate reviewed for Stockholm.,Block Lusten es el candidato elegible completado más alto revisado en Wikidata para Estocolmo.,34732.78443672164,34.73278443672164,ourairports-2026-09-14;wikidata-q10550988,2026-09-14
city-q3929--ourairports-2878--tallest--wikidata-q2882647,city-q3929,Port Louis,Port Louis,Port Louis,MU,Mauritius,Mauricio,Africa,Eastern Africa,ourairports-2878,Sir Seewoosagur Ramgoolam International Airport,Sir Seewoosagur Ramgoolam International Airport,MRU,FIMP,-20.430201,57.683601,large_airport,true,year_round,wikidata-q2882647,Bank of Mauritius Tower,Bank of Mauritius Tower,-20.1618405,57.503752,124,structural_tip,building_or_freestanding_tower,1900,tallest,false,medium,Bank of Mauritius Tower is the highest completed eligible Wikidata candidate reviewed for Port Louis.,Bank of Mauritius Tower es el candidato elegible completado más alto revisado en Wikidata para Port Louis.,35150.36302619032,35.15036302619033,ourairports-2026-09-14;wikidata-q2882647,2026-09-14
city-q11751--ourairports-5576--tallest--wikidata-q1155401,city-q11751,Nagoya,Nagoya,Nagoya,JP,Japan,Japón,Asia,Eastern Asia,ourairports-5576,Chubu Centrair International Airport,Chubu Centrair International Airport,NGO,RJGG,34.858398,136.804993,large_airport,true,year_round,wikidata-q1155401,Midland Square,Midland Square,35.17055556,136.885,247,structural_tip,building_or_freestanding_tower,2007,tallest,false,medium,Midland Square is the highest completed eligible Wikidata candidate reviewed for Nagoya.,Midland Square es el candidato elegible completado más alto revisado en Wikidata para Nagoya.,35392.54859249079,35.39254859249079,ourairports-2026-09-14;wikidata-q1155401,2026-09-14
city-q87--ourairports-3180--tallest--wikidata-q43244,city-q87,Alexandria,Alejandría,Alexandria,EG,Egypt,Egipto,Africa,Northern Africa,ourairports-3180,Alexandria International Airport,Alexandria International Airport,HBE,HEAX,30.93249,29.696437,large_airport,true,year_round,wikidata-q43244,Lighthouse of Alexandria,Lighthouse of Alexandria,31.214167,29.885,137,structural_tip,building_or_freestanding_tower,1900,tallest,false,medium,Lighthouse of Alexandria is the highest completed eligible Wikidata candidate reviewed for Alexandria.,Lighthouse of Alexandria es el candidato elegible completado más alto revisado en Wikidata para Alejandría.,36043.12355760843,36.04312355760843,ourairports-2026-09-14;wikidata-q43244,2026-09-14
city-q1355--ourairports-35145--tallest--wikidata-q126710631,city-q1355,Bengaluru,Bangalore,Bengaluru,IN,India,India,Asia,Southern Asia,ourairports-35145,Kempegowda International Airport Bengaluru,Kempegowda International Airport Bengaluru,BLR,VOBL,13.1979,77.706299,large_airport,true,year_round,wikidata-q126710631,Shrungagiri Sri Shanmukha Swamy Temple,Shrungagiri Sri Shanmukha Swamy Temple,12.912630555,77.529088888,123,structural_tip,building_or_freestanding_tower,1900,tallest,false,medium,Shrungagiri Sri Shanmukha Swamy Temple is the highest completed eligible Wikidata candidate reviewed for Bengaluru.,Shrungagiri Sri Shanmukha Swamy Temple es el candidato elegible completado más alto revisado en Wikidata para Bangalore.,36951.73463962146,36.95173463962146,ourairports-2026-09-14;wikidata-q126710631,2026-09-14
city-q16666--ourairports-27221--tallest--wikidata-q382121,city-q16666,Nanjing,Nankín,Nanjing,CN,China,China,Asia,Eastern Asia,ourairports-27221,Nanjing Lukou International Airport,Nanjing Lukou International Airport,NKG,ZSNJ,31.735032,118.865949,large_airport,true,year_round,wikidata-q382121,Zifeng Tower,Zifeng Tower,32.062472222,118.778055555,450,structural_tip,building_or_freestanding_tower,2010,tallest,false,medium,Zifeng Tower is the highest completed eligible Wikidata candidate reviewed for Nanjing.,Zifeng Tower es el candidato elegible completado más alto revisado en Wikidata para Nankín.,37248.04061767352,37.24804061767352,ourairports-2026-09-14;wikidata-q382121,2026-09-14
city-q585--ourairports-2578--tallest--wikidata-q373850,city-q585,Oslo,Oslo,Oslo,NO,Norway,Noruega,Europe,Northern Europe,ourairports-2578,Oslo-Gardermoen International Airport,Oslo-Gardermoen International Airport,OSL,ENGM,60.193901,11.1004,large_airport,true,year_round,wikidata-q373850,Oslo City Hall,Oslo City Hall,59.91167,10.73361,66,structural_tip,building_or_freestanding_tower,1950,tallest,false,low,Oslo City Hall is the highest completed eligible Wikidata candidate reviewed for Oslo.,Oslo City Hall es el candidato elegible completado más alto revisado en Wikidata para Oslo.,37500.54571562672,37.50054571562672,ourairports-2026-09-14;wikidata-q373850,2026-09-14
city-q490--ourairports-4340--tallest--wikidata-q3995200,city-q490,Milan,Milán,Milan,IT,Italy,Italia,Europe,Southern Europe,ourairports-4340,Milan Malpensa International Airport,Milan Malpensa International Airport,MXP,LIMC,45.6306,8.72811,large_airport,true,year_round,wikidata-q3995200,Allianz Tower,Allianz Tower,45.477608333,9.157288888,207,structural_tip,building_or_freestanding_tower,2015,tallest,false,medium,Allianz Tower is the highest completed eligible Wikidata candidate reviewed for Milan.,Allianz Tower es el candidato elegible completado más alto revisado en Wikidata para Milán.,37578.6849942411,37.5786849942411,ourairports-2026-09-14;wikidata-q3995200,2026-09-14
city-q1218--ourairports-4411--tallest--wikidata-q6699839,city-q1218,Jerusalem,Jerusalén,Jerusalem,IL,Israel,Israel,Asia,Western Asia,ourairports-4411,Ben Gurion International Airport,Ben Gurion International Airport,TLV,LLBG,32.011398,34.8867,large_airport,true,year_round,wikidata-q6699839,Vert Jerusalem,Vert Jerusalem,31.78522,35.20266,95,structural_tip,building_or_freestanding_tower,1900,tallest,false,medium,Vert Jerusalem is the highest completed eligible Wikidata candidate reviewed for Jerusalem.,Vert Jerusalem es el candidato elegible completado más alto revisado en Wikidata para Jerusalén.,39017.18555508792,39.01718555508792,ourairports-2026-09-14;wikidata-q6699839,2026-09-14
city-q3894--ourairports-3263--tallest--wikidata-q7186495,city-q3894,Kampala,Kampala,Kampala,UG,Uganda,Uganda,Africa,Eastern Africa,ourairports-3263,Entebbe International Airport,Entebbe International Airport,EBB,HUEN,0.042386,32.443501,large_airport,true,year_round,wikidata-q7186495,Mother Temple of Africa,Mother Temple of Africa,0.364388888,32.588388888,39,structural_tip,building_or_freestanding_tower,1900,tallest,false,medium,Mother Temple of Africa is the highest completed eligible Wikidata candidate reviewed for Kampala.,Mother Temple of Africa es el candidato elegible completado más alto revisado en Wikidata para Kampala.,39087.96443521932,39.08796443521932,ourairports-2026-09-14;wikidata-q7186495,2026-09-14
city-q3718--ourairports-325736--tallest--wikidata-q96912163,city-q3718,Dakar,Dakar,Dakar,SN,Senegal,Senegal,Africa,Western Africa,ourairports-325736,Blaise Diagne International Airport,Blaise Diagne International Airport,DSS,GOBD,14.670878,-17.072829,large_airport,true,year_round,wikidata-q96912163,Immeuble Kébé,Immeuble Kébé,14.668732,-17.44018,100,structural_tip,building_or_freestanding_tower,1900,tallest,false,medium,Immeuble Kébé is the highest completed eligible Wikidata candidate reviewed for Dakar.,Immeuble Kébé es el candidato elegible completado más alto revisado en Wikidata para Dakar.,39569.462255269216,39.569462255269215,ourairports-2026-09-14;wikidata-q96912163,2026-09-14
city-q84--ourairports-2429--tallest--wikidata-q18536,city-q84,London,Londres,London,GB,United Kingdom,Reino Unido,Europe,Northern Europe,ourairports-2429,London Gatwick Airport,London Gatwick Airport,LGW,EGKK,51.148744,-0.185739,large_airport,false,year_round,wikidata-q18536,The Shard,The Shard,51.504444444,-0.086666666,306,structural_tip,building_or_freestanding_tower,2012,tallest,false,medium,The Shard is the highest completed eligible Wikidata candidate reviewed for London.,The Shard es el candidato elegible completado más alto revisado en Wikidata para Londres.,40171.29177385489,40.17129177385489,ourairports-2026-09-14;wikidata-q18536,2026-09-14
city-q3935--ourairports-3039--tallest--wikidata-q3935,city-q3935,Windhoek,Windhoek,Windhoek,NA,Namibia,Namibia,Africa,Southern Africa,ourairports-3039,Hosea Kutako International Airport,Hosea Kutako International Airport,WDH,FYWH,-22.4799,17.4709,large_airport,true,year_round,wikidata-q3935,Windhoek,Windhoek,-22.57,17.083611111111,50,structural_tip,building_or_freestanding_tower,1840,tallest,false,low,Windhoek is the highest completed eligible Wikidata candidate reviewed for Windhoek.,Windhoek es el candidato elegible completado más alto revisado en Wikidata para Windhoek.,41073.66997776545,41.07366997776545,ourairports-2026-09-14;wikidata-q3935,2026-09-14
city-q1489--ourairports-31923--tallest--wikidata-q53088,city-q1489,Mexico City,Ciudad de México,Mexico City,MX,Mexico,México,North America,Central America,ourairports-31923,Felipe Ángeles International Airport,Felipe Ángeles International Airport,NLU,MMSM,19.743824,-99.01507,large_airport,false,year_round,wikidata-q53088,Torre AXA México,Torre AXA México,19.3964,-99.165,433,structural_tip,building_or_freestanding_tower,1900,tallest,false,medium,Torre AXA México is the highest completed eligible Wikidata candidate reviewed for Mexico City.,Torre AXA México es el candidato elegible completado más alto revisado en Wikidata para Ciudad de México.,41552.65248869391,41.55265248869391,ourairports-2026-09-14;wikidata-q53088,2026-09-14
city-q3616--ourairports-5166--tallest--wikidata-q622796,city-q3616,Tehran,Teherán,Tehran,IR,Iran,Irán,Asia,Southern Asia,ourairports-5166,Imam Khomeini International Airport,Imam Khomeini International Airport,IKA,OIIE,35.416099548339844,51.152198791503906,large_airport,true,year_round,wikidata-q622796,Milad Tower,Milad Tower,35.744611111,51.375333333,435,structural_tip,building_or_freestanding_tower,2008,tallest,false,medium,Milad Tower is the highest completed eligible Wikidata candidate reviewed for Tehran.,Milad Tower es el candidato elegible completado más alto revisado en Wikidata para Teherán.,41683.89554388757,41.68389554388757,ourairports-2026-09-14;wikidata-q622796,2026-09-14
city-q30002--ourairports-342095--tallest--wikidata-q18589922,city-q30002,Chengdu,Chengdu,Chengdu,CN,China,China,Asia,Eastern Asia,ourairports-342095,Chengdu Tianfu International Airport,Chengdu Tianfu International Airport,TFU,ZUTF,30.31252,104.441284,large_airport,false,year_round,wikidata-q18589922,Chengdu Greenland Tower,Chengdu Greenland Tower,30.60678,104.1543,468,structural_tip,building_or_freestanding_tower,1900,tallest,false,medium,Chengdu Greenland Tower is the highest completed eligible Wikidata candidate reviewed for Chengdu.,Chengdu Greenland Tower es el candidato elegible completado más alto revisado en Wikidata para Chengdu.,42706.09922947497,42.706099229474965,ourairports-2026-09-14;wikidata-q18589922,2026-09-14
city-q1865--ourairports-26874--tallest--wikidata-q7969454,city-q1865,Kuala Lumpur,Kuala Lumpur,Kuala Lumpur,MY,Malaysia,Malasia,Asia,South-eastern Asia,ourairports-26874,Kuala Lumpur International Airport,Kuala Lumpur International Airport,KUL,WMKK,2.74558,101.709999,large_airport,true,year_round,wikidata-q7969454,Merdeka 118,Merdeka 118,3.141666666,101.700722222,678.9,structural_tip,building_or_freestanding_tower,2023,tallest,false,medium,Merdeka 118 is the highest completed eligible Wikidata candidate reviewed for Kuala Lumpur.,Merdeka 118 es el candidato elegible completado más alto revisado en Wikidata para Kuala Lumpur.,43810.29869414765,43.81029869414765,ourairports-2026-09-14;wikidata-q7969454,2026-09-14
city-q406--ourairports-317457--tallest--wikidata-q131388493,city-q406,Istanbul,Estambul,Istanbul,TR,Türkiye,Turquía,Asia,Western Asia,ourairports-317457,İstanbul Airport,İstanbul Airport,IST,LTFM,41.274874,28.732136,large_airport,true,year_round,wikidata-q131388493,CBRT Tower,CBRT Tower,41.002,29.11048,354,structural_tip,building_or_freestanding_tower,1900,tallest,false,medium,CBRT Tower is the highest completed eligible Wikidata candidate reviewed for Istanbul.,CBRT Tower es el candidato elegible completado más alto revisado en Wikidata para Estambul.,43902.04234483566,43.90204234483566,ourairports-2026-09-14;wikidata-q131388493,2026-09-14
city-q239--ourairports-2157--tallest--wikidata-q3533638,city-q239,Brussels,Bruselas,Brussels,BE,Belgium,Bélgica,Europe,Western Europe,ourairports-2157,Brussels South Charleroi Airport,Brussels South Charleroi Airport,CRL,EBCI,50.461963,4.459562,large_airport,false,year_round,wikidata-q3533638,Finance Tower,Finance Tower,50.852777777,4.364444444,145,structural_tip,building_or_freestanding_tower,1983,tallest,false,medium,Finance Tower is the highest completed eligible Wikidata candidate reviewed for Brussels.,Finance Tower es el candidato elegible completado más alto revisado en Wikidata para Bruselas.,43992.11840042683,43.992118400426826,ourairports-2026-09-14;wikidata-q3533638,2026-09-14
city-q649--ourairports-42967--tallest--wikidata-q181324,city-q649,Moscow,Moscú,Moscow,RU,Russia,Rusia,Europe,Eastern Europe,ourairports-42967,Zhukovsky International Airport,Zhukovsky International Airport,ZIA,UUBW,55.553299,38.150002,large_airport,false,year_round,wikidata-q181324,Ostankino Tower,Ostankino Tower,55.819722222,37.611666666,540.1,structural_tip,building_or_freestanding_tower,1900,tallest,false,medium,Ostankino Tower is the highest completed eligible Wikidata candidate reviewed for Moscow.,Ostankino Tower es el candidato elegible completado más alto revisado en Wikidata para Moscú.,45014.636187997,45.014636187997,ourairports-2026-09-14;wikidata-q181324,2026-09-14
city-q4093--ourairports-2464--tallest--wikidata-q4093,city-q4093,Glasgow,Glasgow,Glasgow,GB,United Kingdom,Reino Unido,Europe,Northern Europe,ourairports-2464,Glasgow Prestwick Airport,Glasgow Prestwick Airport,PIK,EGPK,55.501499,-4.577182,large_airport,false,year_round,wikidata-q4093,Glasgow,Glasgow,55.861111111111114,-4.25,50,structural_tip,building_or_freestanding_tower,1900,tallest,false,low,Glasgow is the highest completed eligible Wikidata candidate reviewed for Glasgow.,Glasgow es el candidato elegible completado más alto revisado en Wikidata para Glasgow.,45017.876914897824,45.017876914897826,ourairports-2026-09-14;wikidata-q4093,2026-09-14
city-q84--ourairports-2419--tallest--wikidata-q18536,city-q84,London,Londres,London,GB,United Kingdom,Reino Unido,Europe,Northern Europe,ourairports-2419,London Luton Airport,London Luton Airport,LTN,EGGW,51.874699,-0.368333,large_airport,false,year_round,wikidata-q18536,The Shard,The Shard,51.504444444,-0.086666666,306,structural_tip,building_or_freestanding_tower,2012,tallest,false,medium,The Shard is the highest completed eligible Wikidata candidate reviewed for London.,The Shard es el candidato elegible completado más alto revisado en Wikidata para Londres.,45567.6356981796,45.5676356981796,ourairports-2026-09-14;wikidata-q18536,2026-09-14
city-q956--ourairports-330820--tallest--wikidata-q197833,city-q956,Beijing,Pekín,Beijing,CN,China,China,Asia,Eastern Asia,ourairports-330820,Beijing Daxing International Airport,Beijing Daxing International Airport,PKX,ZBAD,39.501289,116.413967,large_airport,false,year_round,wikidata-q197833,China Zun,China Zun,39.911388888,116.460277777,528,structural_tip,building_or_freestanding_tower,1900,tallest,false,medium,China Zun is the highest completed eligible Wikidata candidate reviewed for Beijing.,China Zun es el candidato elegible completado más alto revisado en Wikidata para Pekín.,45705.85412759499,45.70585412759499,ourairports-2026-09-14;wikidata-q197833,2026-09-14
city-q61--ourairports-3435--tallest--wikidata-q4269513,city-q61,"Washington, D.C.",Washington D. C.,"Washington, D.C.",US,United States,Estados Unidos,North America,Northern America,ourairports-3435,Baltimore/Washington International Thurgood Marshall Airport,Baltimore/Washington International Thurgood Marshall Airport,BWI,KBWI,39.1754,-76.668297,large_airport,false,year_round,wikidata-q4269513,Healy Hall,Healy Hall,38.907277777,-77.072722222,200,structural_tip,building_or_freestanding_tower,1900,tallest,false,medium,"Healy Hall is the highest completed eligible Wikidata candidate reviewed for Washington, D.C..",Healy Hall es el candidato elegible completado más alto revisado en Wikidata para Washington D. C..,45955.93081326622,45.95593081326622,ourairports-2026-09-14;wikidata-q4269513,2026-09-14
city-q84--ourairports-2476--tallest--wikidata-q18536,city-q84,London,Londres,London,GB,United Kingdom,Reino Unido,Europe,Northern Europe,ourairports-2476,London Stansted Airport,London Stansted Airport,STN,EGSS,51.884998,0.235,large_airport,false,year_round,wikidata-q18536,The Shard,The Shard,51.504444444,-0.086666666,306,structural_tip,building_or_freestanding_tower,2012,tallest,false,medium,The Shard is the highest completed eligible Wikidata candidate reviewed for London.,The Shard es el candidato elegible completado más alto revisado en Wikidata para Londres.,47827.043153621016,47.82704315362102,ourairports-2026-09-14;wikidata-q18536,2026-09-14
city-q490--ourairports-4341--tallest--wikidata-q3995200,city-q490,Milan,Milán,Milan,IT,Italy,Italia,Europe,Southern Europe,ourairports-4341,Il Caravaggio International Airport,Il Caravaggio International Airport,BGY,LIME,45.669362,9.708851,large_airport,false,year_round,wikidata-q3995200,Allianz Tower,Allianz Tower,45.477608333,9.157288888,207,structural_tip,building_or_freestanding_tower,2015,tallest,false,medium,Allianz Tower is the highest completed eligible Wikidata candidate reviewed for Milan.,Allianz Tower es el candidato elegible completado más alto revisado en Wikidata para Milán.,48038.97831325938,48.03897831325938,ourairports-2026-09-14;wikidata-q3995200,2026-09-14
city-q649--ourairports-26394--tallest--wikidata-q181324,city-q649,Moscow,Moscú,Moscow,RU,Russia,Rusia,Europe,Eastern Europe,ourairports-26394,Domodedovo International Airport,Domodedovo International Airport,DME,UUDD,55.408798,37.9063,large_airport,false,year_round,wikidata-q181324,Ostankino Tower,Ostankino Tower,55.819722222,37.611666666,540.1,structural_tip,building_or_freestanding_tower,1900,tallest,false,medium,Ostankino Tower is the highest completed eligible Wikidata candidate reviewed for Moscow.,Ostankino Tower es el candidato elegible completado más alto revisado en Wikidata para Moscú.,49373.576733038964,49.373576733038966,ourairports-2026-09-14;wikidata-q181324,2026-09-14
city-q3141--ourairports-27043--tallest--wikidata-q19817555,city-q3141,Melbourne,Melbourne,Melbourne,AU,Australia,Australia,Oceania,Australia and New Zealand,ourairports-27043,Melbourne Avalon International Airport,Melbourne Avalon International Airport,AVV,YMAV,-38.040269,144.467196,large_airport,false,year_round,wikidata-q19817555,Light House Melbourne,Light House Melbourne,-37.80836111,144.96083333,715,structural_tip,building_or_freestanding_tower,1900,tallest,false,medium,Light House Melbourne is the highest completed eligible Wikidata candidate reviewed for Melbourne.,Light House Melbourne es el candidato elegible completado más alto revisado en Wikidata para Melbourne.,50460.81095421429,50.460810954214296,ourairports-2026-09-14;wikidata-q19817555,2026-09-14
city-q1490--ourairports-5531--tallest--wikidata-q57965,city-q1490,Tokyo,Tokio,Tokyo,JP,Japan,Japón,Asia,Eastern Asia,ourairports-5531,Narita International Airport,Narita International Airport,NRT,RJAA,35.76858,140.388714,large_airport,false,year_round,wikidata-q57965,Tokyo Skytree,Tokyo Skytree,35.710055555,139.810722222,634,structural_tip,building_or_freestanding_tower,2012,tallest,false,medium,Tokyo Skytree is the highest completed eligible Wikidata candidate reviewed for Tokyo.,Tokyo Skytree es el candidato elegible completado más alto revisado en Wikidata para Tokio.,52686.44898442215,52.68644898442216,ourairports-2026-09-14;wikidata-q57965,2026-09-14
city-q84--ourairports-2435--tallest--wikidata-q18536,city-q84,London,Londres,London,GB,United Kingdom,Reino Unido,Europe,Northern Europe,ourairports-2435,London Southend Airport,London Southend Airport,SEN,EGMC,51.570562,0.693627,medium_airport,false,year_round,wikidata-q18536,The Shard,The Shard,51.504444444,-0.086666666,306,structural_tip,building_or_freestanding_tower,2012,tallest,false,medium,The Shard is the highest completed eligible Wikidata candidate reviewed for London.,The Shard es el candidato elegible completado más alto revisado en Wikidata para Londres.,54636.709214951596,54.636709214951594,ourairports-2026-09-14;wikidata-q18536,2026-09-14
city-q727--ourairports-2513--tallest--wikidata-q1816984,city-q727,Amsterdam,Ámsterdam,Amsterdam,NL,Netherlands,Países Bajos,Europe,Western Europe,ourairports-2513,Amsterdam Airport Schiphol,Amsterdam Airport Schiphol,AMS,EHAM,52.308601,4.76389,large_airport,true,year_round,wikidata-q1816984,Westerkerk,Westerkerk,52.703333,5.286812,50,structural_tip,building_or_freestanding_tower,1900,tallest,false,low,Westerkerk is the highest completed eligible Wikidata candidate reviewed for Amsterdam.,Westerkerk es el candidato elegible completado más alto revisado en Wikidata para Ámsterdam.,56480.75125714459,56.48075125714459,ourairports-2026-09-14;wikidata-q1816984,2026-09-14
city-q8684--ourairports-5653--tallest--wikidata-q494895,city-q8684,Seoul,Seúl,Seoul,KR,South Korea,Corea del Sur,Asia,Eastern Asia,ourairports-5653,Incheon International Airport,Incheon International Airport,ICN,RKSI,37.469101,126.450996,large_airport,true,year_round,wikidata-q494895,Lotte World Tower,Lotte World Tower,37.5125,127.1025,555.7,structural_tip,building_or_freestanding_tower,2017,tallest,false,medium,Lotte World Tower is the highest completed eligible Wikidata candidate reviewed for Seoul.,Lotte World Tower es el candidato elegible completado más alto revisado en Wikidata para Seúl.,57817.46622499963,57.817466224999635,ourairports-2026-09-14;wikidata-q494895,2026-09-14
city-q62--ourairports-3883--tallest--wikidata-q650097,city-q62,San Francisco,San Francisco,San Francisco,US,United States,Estados Unidos,North America,Northern America,ourairports-3883,Mineta San Jose International Airport,Mineta San Jose International Airport,SJC,KSJC,37.362452,-121.929188,large_airport,false,year_round,wikidata-q650097,Sutro Tower,Sutro Tower,37.7552,-122.4528,977,structural_tip,building_or_freestanding_tower,1900,tallest,false,medium,Sutro Tower is the highest completed eligible Wikidata candidate reviewed for San Francisco.,Sutro Tower es el candidato elegible completado más alto revisado en Wikidata para San Francisco.,63564.73124520066,63.56473124520066,ourairports-2026-09-14;wikidata-q650097,2026-09-14
city-q65--ourairports-3894--tallest--wikidata-q136373608,city-q65,Los Angeles,Los Ángeles,Los Angeles,US,United States,Estados Unidos,North America,Northern America,ourairports-3894,John Wayne Orange County International Airport,John Wayne Orange County International Airport,SNA,KSNA,33.675063,-117.869281,large_airport,false,year_round,wikidata-q136373608,Eighteen Eighty Eight Building,Eighteen Eighty Eight Building,34.061196,-118.413922,328,structural_tip,building_or_freestanding_tower,1900,tallest,false,medium,Eighteen Eighty Eight Building is the highest completed eligible Wikidata candidate reviewed for Los Angeles.,Eighteen Eighty Eight Building es el candidato elegible completado más alto revisado en Wikidata para Los Ángeles.,66135.7784801848,66.1357784801848,ourairports-2026-09-14;wikidata-q136373608,2026-09-14
city-q90--ourairports-4169--tallest--wikidata-q243,city-q90,Paris,París,Paris,FR,France,Francia,Europe,Western Europe,ourairports-4169,Beauvais-Tillé airport,Beauvais-Tillé airport,BVA,LFOB,49.454399,2.11278,large_airport,false,year_round,wikidata-q243,Eiffel Tower,Eiffel Tower,48.858296,2.294479,330,structural_tip,building_or_freestanding_tower,1889,tallest,false,medium,Eiffel Tower is the highest completed eligible Wikidata candidate reviewed for Paris.,Eiffel Tower es el candidato elegible completado más alto revisado en Wikidata para París.,67606.05398084817,67.60605398084817,ourairports-2026-09-14;wikidata-q243,2026-09-14
city-q65--ourairports-3752--tallest--wikidata-q136373608,city-q65,Los Angeles,Los Ángeles,Los Angeles,US,United States,Estados Unidos,North America,Northern America,ourairports-3752,Ontario International Airport,Ontario International Airport,ONT,KONT,34.056,-117.600998,large_airport,false,year_round,wikidata-q136373608,Eighteen Eighty Eight Building,Eighteen Eighty Eight Building,34.061196,-118.413922,328,structural_tip,building_or_freestanding_tower,1900,tallest,false,medium,Eighteen Eighty Eight Building is the highest completed eligible Wikidata candidate reviewed for Los Angeles.,Eighteen Eighty Eight Building es el candidato elegible completado más alto revisado en Wikidata para Los Ángeles.,75052.21683990383,75.05221683990383,ourairports-2026-09-14;wikidata-q136373608,2026-09-14
city-q85--ourairports-335334--tallest--wikidata-q102281065,city-q85,Cairo,El Cairo,Cairo,EG,Egypt,Egipto,Africa,Northern Africa,ourairports-335334,Sphinx International Airport,Sphinx International Airport,SPX,HESX,30.108179,30.895728,large_airport,false,year_round,wikidata-q102281065,Iconic Tower,Iconic Tower,30.012777777,31.693888888,393.8,structural_tip,building_or_freestanding_tower,1900,tallest,false,medium,Iconic Tower is the highest completed eligible Wikidata candidate reviewed for Cairo.,Iconic Tower es el candidato elegible completado más alto revisado en Wikidata para El Cairo.,77687.84691766584,77.68784691766584,ourairports-2026-09-14;wikidata-q102281065,2026-09-14
city-q174--ourairports-5927--tallest--wikidata-q42258,city-q174,São Paulo,São Paulo,São Paulo,BR,Brazil,Brasil,South America,South America,ourairports-5927,Viracopos International Airport,Viracopos International Airport,VCP,SBKP,-23.007404,-47.134502,large_airport,false,year_round,wikidata-q42258,Mirante do Vale,Mirante do Vale,-23.5422,-46.635422,170,structural_tip,building_or_freestanding_tower,1966,tallest,false,medium,Mirante do Vale is the highest completed eligible Wikidata candidate reviewed for São Paulo.,Mirante do Vale es el candidato elegible completado más alto revisado en Wikidata para São Paulo.,78200.22325494056,78.20022325494055,ourairports-2026-09-14;wikidata-q42258,2026-09-14
